{"type":"FeatureCollection","features":[{"type":"Feature","properties":{"barrio":"Agronomia","comuna":15},"geometry":{"type":"Polygon","coordinates":[[[-58.47589,-34.59172],[-58.47598,-34.59195],[-58.47604,-34.59209],[-58.47613,-34.59236],[-58.47621,-34.59259],[-58.47669,-34.59393],[-58.47671,-34.59399],[-58.47671,-34.594],[-58.4769,-34.59453],[-58.47712,-34.59511],[-58.47788,-34.59709],[-58.47835,-34.59834],[-58.47858,-34.59897],[-58.47883,-34.59967],[-58.47975,-34.59928],[-58.48078,-34.59883],[-58.48213,-34.59825],[-58.48284,-34.59794],[-58.48298,-34.59789],[-58.483,-34.59788],[-58.48329,-34.5978],[-58.48346,-34.59776],[-58.48346,-34.59776],[-58.48485,-34.59763],[-58.48518,-34.59761],[-58.48613,-34.59754],[-58.48649,-34.59751],[-58.48668,-34.5975],[-58.48714,-34.59746],[-58.48735,-34.59745],[-58.4878,-34.59742],[-58.48782,-34.59741],[-58.48854,-34.59736],[-58.48953,-34.5973],[-58.49019,-34.59725],[-58.49122,-34.59718],[-58.49249,-34.5971],[-58.49282,-34.59707],[-58.49291,-34.59707],[-58.49342,-34.59703],[-58.49471,-34.59695],[-58.49678,-34.59681],[-58.49713,-34.59679],[-58.49717,-34.59682],[-58.49838,-34.59637],[-58.49955,-34.59593],[-58.49963,-34.5959],[-58.49979,-34.59585],[-58.50013,-34.59572],[-58.50071,-34.5955],[-58.50179,-34.5951],[-58.50276,-34.59474],[-58.50288,-34.5947],[-58.50318,-34.59458],[-58.50354,-34.59445],[-58.50308,-34.59438],[-58.50347,-34.59395],[-58.50331,-34.59386],[-58.50214,-34.59313],[-58.50193,-34.593],[-58.50082,-34.59232],[-58.49949,-34.59149],[-58.4982,-34.5907],[-58.49707,-34.59],[-58.49593,-34.5893],[-58.49559,-34.58909],[-58.49536,-34.58895],[-58.49479,-34.58859],[-58.49422,-34.58824],[-58.49389,-34.58803],[-58.49366,-34.58789],[-58.49254,-34.58718],[-58.49197,-34.58682],[-58.49141,-34.58647],[-58.49085,-34.58612],[-58.49029,-34.58576],[-58.48956,-34.5853],[-58.48897,-34.58493],[-58.48879,-34.58482],[-58.48819,-34.58544],[-58.48809,-34.58555],[-58.48744,-34.58622],[-58.48689,-34.5868],[-58.4868,-34.5869],[-58.4867,-34.58701],[-58.48654,-34.58718],[-58.48644,-34.58728],[-58.48611,-34.58763],[-58.48556,-34.58822],[-58.48549,-34.58829],[-58.48543,-34.58835],[-58.48508,-34.58873],[-58.48471,-34.58912],[-58.48471,-34.58912],[-58.48399,-34.58937],[-58.48365,-34.58949],[-58.4825,-34.58989],[-58.48201,-34.59006],[-58.48186,-34.59012],[-58.48146,-34.59025],[-58.48129,-34.5903],[-58.48118,-34.59033],[-58.48087,-34.59041],[-58.47954,-34.59075],[-58.47808,-34.59112],[-58.47782,-34.59119],[-58.4772,-34.59135],[-58.47648,-34.59156],[-58.47589,-34.59172]]]}},{"type":"Feature","properties":{"barrio":"Almagro","comuna":5},"geometry":{"type":"Polygon","coordinates":[[[-58.416,-34.59785],[-58.41569,-34.59786],[-58.41569,-34.59786],[-58.41567,-34.59786],[-58.41566,-34.59786],[-58.41463,-34.5979],[-58.41396,-34.59792],[-58.41392,-34.59792],[-58.41326,-34.59795],[-58.41299,-34.59796],[-58.41209,-34.59799],[-58.41205,-34.598],[-58.41199,-34.598],[-58.41192,-34.598],[-58.41213,-34.5993],[-58.41226,-34.60011],[-58.41228,-34.60024],[-58.4123,-34.60035],[-58.41259,-34.6016],[-58.41281,-34.60251],[-58.41298,-34.60323],[-58.41319,-34.60414],[-58.41322,-34.6043],[-58.41323,-34.60433],[-58.41341,-34.60512],[-58.41365,-34.60612],[-58.41391,-34.60725],[-58.41394,-34.60735],[-58.4141,-34.60791],[-58.41466,-34.60819],[-58.41462,-34.60885],[-58.41459,-34.60938],[-58.41447,-34.61074],[-58.41402,-34.61155],[-58.41356,-34.61236],[-58.41344,-34.61261],[-58.41332,-34.61285],[-58.41312,-34.61342],[-58.41287,-34.61412],[-58.41282,-34.61544],[-58.41276,-34.61663],[-58.41269,-34.61807],[-58.41268,-34.61828],[-58.41264,-34.61939],[-58.41264,-34.61958],[-58.41255,-34.62064],[-58.41383,-34.62075],[-58.4151,-34.62086],[-58.4161,-34.62095],[-58.41611,-34.62095],[-58.41651,-34.62098],[-58.41807,-34.62109],[-58.41943,-34.62119],[-58.42024,-34.62125],[-58.4205,-34.62127],[-58.42097,-34.6213],[-58.42145,-34.62134],[-58.42221,-34.62139],[-58.42224,-34.62139],[-58.42352,-34.62149],[-58.4237,-34.6215],[-58.42372,-34.62151],[-58.42375,-34.62151],[-58.42404,-34.62154],[-58.42406,-34.62154],[-58.42428,-34.62156],[-58.42429,-34.62157],[-58.42509,-34.62168],[-58.42517,-34.62169],[-58.42662,-34.6219],[-58.4278,-34.62207],[-58.42784,-34.62183],[-58.42794,-34.62133],[-58.42807,-34.62068],[-58.42828,-34.61962],[-58.42829,-34.61959],[-58.42832,-34.61942],[-58.42855,-34.61829],[-58.42859,-34.61812],[-58.42859,-34.61811],[-58.42879,-34.61719],[-58.42922,-34.61526],[-58.42925,-34.6151],[-58.43003,-34.61545],[-58.43009,-34.61401],[-58.43013,-34.61333],[-58.43023,-34.6119],[-58.43026,-34.61176],[-58.43032,-34.61113],[-58.43033,-34.61091],[-58.43037,-34.61017],[-58.43042,-34.60946],[-58.43048,-34.60872],[-58.43051,-34.60851],[-58.43055,-34.60792],[-58.43056,-34.60775],[-58.43061,-34.60705],[-58.43067,-34.60594],[-58.43153,-34.60494],[-58.43233,-34.60393],[-58.43334,-34.60267],[-58.43314,-34.60258],[-58.43224,-34.60213],[-58.4322,-34.60207],[-58.43187,-34.6017],[-58.43116,-34.60088],[-58.43104,-34.60075],[-58.43028,-34.59988],[-58.43019,-34.5998],[-58.43015,-34.59977],[-58.42965,-34.59932],[-58.42943,-34.59913],[-58.42922,-34.599],[-58.42916,-34.59896],[-58.42855,-34.59867],[-58.42854,-34.59867],[-58.42799,-34.59842],[-58.42785,-34.59836],[-58.42778,-34.59833],[-58.42679,-34.59794],[-58.42657,-34.59792],[-58.42644,-34.5979],[-58.4263,-34.59788],[-58.42496,-34.59785],[-58.42376,-34.59783],[-58.42337,-34.59775],[-58.42284,-34.59771],[-58.42284,-34.59771],[-58.42275,-34.59771],[-58.42178,-34.59773],[-58.42064,-34.59775],[-58.42043,-34.59776],[-58.42016,-34.59776],[-58.41912,-34.59779],[-58.41894,-34.59779],[-58.41885,-34.59779],[-58.41747,-34.59782],[-58.41741,-34.59782],[-58.4174,-34.59782],[-58.41727,-34.59783],[-58.41727,-34.59783],[-58.41727,-34.59783],[-58.41724,-34.59783],[-58.41616,-34.59785],[-58.41616,-34.59785],[-58.416,-34.59785],[-58.416,-34.59785]]]}},{"type":"Feature","properties":{"barrio":"Balvanera","comuna":3},"geometry":{"type":"Polygon","coordinates":[[[-58.39293,-34.59964],[-58.39277,-34.60081],[-58.39275,-34.60093],[-58.3926,-34.60199],[-58.39258,-34.60212],[-58.39239,-34.60315],[-58.39229,-34.60444],[-58.39221,-34.60549],[-58.3922,-34.60565],[-58.39213,-34.60664],[-58.39212,-34.60679],[-58.39205,-34.60785],[-58.39204,-34.60799],[-58.39196,-34.60917],[-58.39196,-34.60929],[-58.39195,-34.60929],[-58.39188,-34.61034],[-58.39186,-34.61056],[-58.39181,-34.61128],[-58.3918,-34.6115],[-58.39179,-34.61167],[-58.39179,-34.61167],[-58.39179,-34.61167],[-58.39177,-34.61245],[-58.39176,-34.61266],[-58.39175,-34.61282],[-58.39171,-34.61382],[-58.3917,-34.61407],[-58.39169,-34.61466],[-58.39169,-34.61466],[-58.39169,-34.61469],[-58.39168,-34.61492],[-58.39167,-34.61518],[-58.39166,-34.61551],[-58.39166,-34.6157],[-58.39166,-34.61583],[-58.39168,-34.61688],[-58.3917,-34.61816],[-58.39203,-34.61817],[-58.3923,-34.61819],[-58.39301,-34.61822],[-58.3932,-34.61823],[-58.3945,-34.6183],[-58.39599,-34.61838],[-58.39752,-34.61846],[-58.39897,-34.61854],[-58.39925,-34.61855],[-58.40004,-34.6186],[-58.4003,-34.61862],[-58.40098,-34.61867],[-58.40225,-34.61875],[-58.40352,-34.61884],[-58.40504,-34.61915],[-58.40639,-34.61943],[-58.40778,-34.61972],[-58.40925,-34.62002],[-58.41008,-34.62019],[-58.41052,-34.62028],[-58.41081,-34.62034],[-58.41255,-34.62064],[-58.41264,-34.61958],[-58.41264,-34.61939],[-58.41268,-34.61828],[-58.41269,-34.61807],[-58.41276,-34.61663],[-58.41282,-34.61544],[-58.41287,-34.61412],[-58.41312,-34.61342],[-58.41332,-34.61285],[-58.41344,-34.61261],[-58.41356,-34.61236],[-58.41402,-34.61155],[-58.41447,-34.61074],[-58.41459,-34.60938],[-58.41462,-34.60885],[-58.41466,-34.60819],[-58.4141,-34.60791],[-58.41394,-34.60735],[-58.41391,-34.60725],[-58.41365,-34.60612],[-58.41341,-34.60512],[-58.41323,-34.60433],[-58.41322,-34.6043],[-58.41319,-34.60414],[-58.41298,-34.60323],[-58.41281,-34.60251],[-58.41259,-34.6016],[-58.4123,-34.60035],[-58.41228,-34.60024],[-58.41226,-34.60011],[-58.41213,-34.5993],[-58.41192,-34.598],[-58.4103,-34.59809],[-58.40943,-34.59809],[-58.40943,-34.59809],[-58.4091,-34.59808],[-58.40872,-34.59808],[-58.40872,-34.59808],[-58.40858,-34.59808],[-58.40858,-34.59808],[-58.40815,-34.59807],[-58.40815,-34.59807],[-58.40806,-34.59807],[-58.40806,-34.59807],[-58.40663,-34.59805],[-58.40663,-34.59805],[-58.40589,-34.59804],[-58.40588,-34.59804],[-58.40559,-34.59804],[-58.40559,-34.59804],[-58.40487,-34.59804],[-58.40487,-34.59804],[-58.40474,-34.59804],[-58.40473,-34.59804],[-58.40451,-34.59804],[-58.40451,-34.59804],[-58.40372,-34.59845],[-58.40364,-34.5985],[-58.40345,-34.5986],[-58.40309,-34.5988],[-58.40254,-34.59909],[-58.40248,-34.59912],[-58.40201,-34.59937],[-58.40147,-34.59944],[-58.40121,-34.59947],[-58.40107,-34.59948],[-58.40107,-34.59948],[-58.40048,-34.59955],[-58.39992,-34.59962],[-58.39878,-34.59975],[-58.39873,-34.59976],[-58.39873,-34.59976],[-58.39866,-34.59976],[-58.39719,-34.59973],[-58.39664,-34.59972],[-58.39582,-34.5997],[-58.39471,-34.59968],[-58.39469,-34.59968],[-58.3944,-34.59967],[-58.39308,-34.59964],[-58.39293,-34.59964]]]}},{"type":"Feature","properties":{"barrio":"Barracas","comuna":4},"geometry":{"type":"Polygon","coordinates":[[[-58.37066,-34.62949],[-58.37064,-34.62973],[-58.37062,-34.62987],[-58.37062,-34.62991],[-58.37059,-34.63022],[-58.37054,-34.63081],[-58.37046,-34.63174],[-58.37044,-34.63193],[-58.37036,-34.63269],[-58.37034,-34.63292],[-58.37028,-34.63339],[-58.37025,-34.63362],[-58.37023,-34.63375],[-58.37011,-34.63456],[-58.36995,-34.63556],[-58.36992,-34.63578],[-58.36981,-34.63651],[-58.36967,-34.63737],[-58.36963,-34.63768],[-58.36957,-34.63802],[-58.36954,-34.63827],[-58.3694,-34.63917],[-58.36936,-34.6394],[-58.36929,-34.63982],[-58.36925,-34.64011],[-58.36909,-34.64112],[-58.36906,-34.64132],[-58.36897,-34.64195],[-58.36883,-34.64292],[-58.36874,-34.64351],[-58.3687,-34.64381],[-58.36865,-34.64413],[-58.36859,-34.64454],[-58.36856,-34.64473],[-58.36853,-34.64494],[-58.36843,-34.64564],[-58.3684,-34.64585],[-58.36836,-34.64608],[-58.36834,-34.64622],[-58.36831,-34.64644],[-58.36828,-34.64667],[-58.36818,-34.64733],[-58.36816,-34.64745],[-58.36812,-34.64769],[-58.36808,-34.64793],[-58.36786,-34.64904],[-58.36768,-34.64995],[-58.36765,-34.65013],[-58.36765,-34.65014],[-58.36771,-34.65017],[-58.36809,-34.65037],[-58.36864,-34.65067],[-58.36864,-34.65067],[-58.36902,-34.65091],[-58.36919,-34.65102],[-58.36966,-34.65133],[-58.36986,-34.65177],[-58.3699,-34.65185],[-58.37002,-34.6521],[-58.36998,-34.65221],[-58.36973,-34.65304],[-58.36967,-34.65323],[-58.36968,-34.65326],[-58.36979,-34.65358],[-58.37032,-34.65398],[-58.37083,-34.65421],[-58.37083,-34.65421],[-58.37124,-34.65439],[-58.3718,-34.65465],[-58.37255,-34.65498],[-58.37257,-34.65501],[-58.37267,-34.65513],[-58.37327,-34.65593],[-58.37327,-34.65593],[-58.37327,-34.65593],[-58.37328,-34.65594],[-58.37354,-34.65628],[-58.37363,-34.65639],[-58.37371,-34.65646],[-58.37406,-34.65672],[-58.37412,-34.65676],[-58.37453,-34.65684],[-58.37511,-34.65694],[-58.37622,-34.65683],[-58.37638,-34.65682],[-58.37658,-34.65693],[-58.37662,-34.65694],[-58.37688,-34.65692],[-58.37699,-34.65692],[-58.37702,-34.65691],[-58.37705,-34.65691],[-58.37735,-34.65695],[-58.37738,-34.65695],[-58.37741,-34.65696],[-58.37744,-34.65696],[-58.37753,-34.65702],[-58.37753,-34.65702],[-58.37764,-34.65712],[-58.37764,-34.65712],[-58.37776,-34.65714],[-58.37797,-34.6572],[-58.37816,-34.65725],[-58.37835,-34.65731],[-58.37846,-34.6573],[-58.37847,-34.6573],[-58.37852,-34.65732],[-58.37859,-34.65735],[-58.37874,-34.65739],[-58.3789,-34.6574],[-58.37898,-34.65741],[-58.37899,-34.65741],[-58.37906,-34.65742],[-58.37916,-34.65744],[-58.37925,-34.65745],[-58.37964,-34.65748],[-58.37985,-34.6575],[-58.38004,-34.65749],[-58.38015,-34.6575],[-58.38016,-34.6575],[-58.38024,-34.6575],[-58.38031,-34.65749],[-58.3804,-34.6575],[-58.3805,-34.65747],[-58.38056,-34.65748],[-58.38079,-34.65749],[-58.38086,-34.6575],[-58.38122,-34.65752],[-58.38151,-34.65754],[-58.38152,-34.65754],[-58.38153,-34.65753],[-58.38162,-34.6575],[-58.38179,-34.65751],[-58.382,-34.6575],[-58.38205,-34.65749],[-58.38213,-34.65751],[-58.38237,-34.65752],[-58.38238,-34.65753],[-58.38242,-34.65755],[-58.38248,-34.65751],[-58.38253,-34.65751],[-58.38264,-34.6575],[-58.38268,-34.65752],[-58.38268,-34.65753],[-58.38269,-34.65752],[-58.38271,-34.65751],[-58.38282,-34.6575],[-58.38287,-34.65754],[-58.38295,-34.65757],[-58.38303,-34.65758],[-58.38308,-34.65758],[-58.38309,-34.65755],[-58.38327,-34.65754],[-58.38341,-34.65752],[-58.38347,-34.65753],[-58.38347,-34.65753],[-58.38355,-34.6576],[-58.38387,-34.65759],[-58.38413,-34.65761],[-58.38453,-34.6577],[-58.38481,-34.65776],[-58.38518,-34.65784],[-58.38527,-34.65788],[-58.38529,-34.65789],[-58.3854,-34.65794],[-58.38551,-34.658],[-58.38561,-34.65806],[-58.3857,-34.65812],[-58.38579,-34.6582],[-58.38579,-34.6582],[-58.386,-34.65839],[-58.386,-34.65839],[-58.38623,-34.65858],[-58.38623,-34.65858],[-58.38638,-34.65871],[-58.38638,-34.65871],[-58.38645,-34.6587],[-58.38645,-34.65871],[-58.38647,-34.65877],[-58.38651,-34.65884],[-58.38653,-34.65887],[-58.38653,-34.65887],[-58.3866,-34.65892],[-58.3866,-34.65892],[-58.3866,-34.65892],[-58.38667,-34.65905],[-58.38676,-34.65918],[-58.38691,-34.6594],[-58.38729,-34.65979],[-58.38729,-34.65979],[-58.38752,-34.65997],[-58.38756,-34.65998],[-58.38756,-34.65998],[-58.38759,-34.66001],[-58.38762,-34.66006],[-58.38772,-34.66016],[-58.38772,-34.66016],[-58.38783,-34.66022],[-58.38789,-34.6602],[-58.38796,-34.66023],[-58.38797,-34.66023],[-58.38799,-34.66028],[-58.38799,-34.66028],[-58.38802,-34.66033],[-58.38802,-34.66033],[-58.38807,-34.66035],[-58.3881,-34.66036],[-58.38814,-34.66038],[-58.38828,-34.66039],[-58.38828,-34.66039],[-58.38836,-34.66041],[-58.38836,-34.66041],[-58.38878,-34.66051],[-58.38887,-34.66053],[-58.38904,-34.6605],[-58.38904,-34.6605],[-58.38912,-34.66059],[-58.38912,-34.66059],[-58.38919,-34.66058],[-58.38919,-34.66058],[-58.38919,-34.66063],[-58.38919,-34.66063],[-58.38928,-34.66065],[-58.38937,-34.66063],[-58.38948,-34.66064],[-58.38973,-34.66073],[-58.39023,-34.66085],[-58.39033,-34.66092],[-58.39043,-34.66099],[-58.39054,-34.66103],[-58.39063,-34.66107],[-58.39068,-34.66101],[-58.39073,-34.66101],[-58.39074,-34.66102],[-58.39076,-34.66102],[-58.39078,-34.66103],[-58.39078,-34.66104],[-58.39079,-34.66105],[-58.39079,-34.66106],[-58.3908,-34.66107],[-58.3908,-34.66108],[-58.3908,-34.66114],[-58.39083,-34.66118],[-58.39086,-34.66122],[-58.39089,-34.66127],[-58.39093,-34.6613],[-58.39093,-34.6613],[-58.39097,-34.66133],[-58.39097,-34.66133],[-58.391,-34.66138],[-58.39107,-34.66145],[-58.39107,-34.66145],[-58.39114,-34.6615],[-58.39114,-34.6615],[-58.39122,-34.66157],[-58.39126,-34.6616],[-58.39126,-34.6616],[-58.3913,-34.66164],[-58.39133,-34.66167],[-58.39137,-34.66172],[-58.39141,-34.66176],[-58.39145,-34.66179],[-58.39145,-34.6618],[-58.3915,-34.66183],[-58.3915,-34.66183],[-58.39155,-34.66187],[-58.39155,-34.66187],[-58.39159,-34.6619],[-58.39168,-34.66194],[-58.39171,-34.66194],[-58.39181,-34.66198],[-58.3919,-34.66202],[-58.39197,-34.66201],[-58.39201,-34.66203],[-58.3922,-34.66211],[-58.39234,-34.66216],[-58.39247,-34.66219],[-58.39261,-34.6622],[-58.39272,-34.66222],[-58.39287,-34.66224],[-58.39299,-34.66227],[-58.39318,-34.66229],[-58.39335,-34.66229],[-58.39354,-34.66228],[-58.39371,-34.66225],[-58.39387,-34.66222],[-58.39398,-34.66222],[-58.3941,-34.6622],[-58.39414,-34.66219],[-58.39423,-34.6622],[-58.3943,-34.66221],[-58.39435,-34.66219],[-58.39441,-34.66216],[-58.39482,-34.66212],[-58.3949,-34.66209],[-58.395,-34.66207],[-58.39505,-34.66205],[-58.39516,-34.66202],[-58.39524,-34.66198],[-58.3953,-34.66195],[-58.39534,-34.66193],[-58.39541,-34.66192],[-58.39544,-34.66191],[-58.39547,-34.6619],[-58.3955,-34.66188],[-58.39553,-34.66187],[-58.39557,-34.66186],[-58.39564,-34.66189],[-58.39577,-34.66188],[-58.39592,-34.66185],[-58.39598,-34.66184],[-58.39598,-34.66185],[-58.39602,-34.66188],[-58.39604,-34.66188],[-58.39604,-34.66188],[-58.39606,-34.6619],[-58.39607,-34.66192],[-58.39607,-34.66192],[-58.3961,-34.66193],[-58.39613,-34.66192],[-58.39615,-34.6619],[-58.39617,-34.66191],[-58.39617,-34.66191],[-58.3962,-34.66194],[-58.3962,-34.66194],[-58.39623,-34.66196],[-58.39625,-34.66197],[-58.39631,-34.66196],[-58.39631,-34.66196],[-58.39631,-34.66199],[-58.39631,-34.66199],[-58.39634,-34.662],[-58.3964,-34.66199],[-58.3964,-34.662],[-58.39642,-34.66202],[-58.39642,-34.66202],[-58.39654,-34.66202],[-58.39667,-34.66202],[-58.39678,-34.66203],[-58.3969,-34.66203],[-58.39702,-34.66202],[-58.39709,-34.66201],[-58.39713,-34.662],[-58.39721,-34.66198],[-58.39729,-34.66196],[-58.39736,-34.66193],[-58.39742,-34.6619],[-58.39743,-34.66189],[-58.39749,-34.66185],[-58.39755,-34.66181],[-58.3976,-34.66176],[-58.39764,-34.6617],[-58.39768,-34.66164],[-58.39771,-34.66158],[-58.39773,-34.66152],[-58.39775,-34.66145],[-58.39775,-34.66138],[-58.39777,-34.66134],[-58.39779,-34.66132],[-58.3978,-34.66131],[-58.39784,-34.66127],[-58.39787,-34.66125],[-58.39788,-34.66124],[-58.39792,-34.66122],[-58.39908,-34.66092],[-58.3992,-34.66089],[-58.39927,-34.66089],[-58.39931,-34.66088],[-58.39943,-34.66087],[-58.39955,-34.66087],[-58.39973,-34.6609],[-58.39976,-34.6609],[-58.39981,-34.66091],[-58.39983,-34.66089],[-58.39993,-34.66084],[-58.4,-34.66075],[-58.40005,-34.66073],[-58.4001,-34.66072],[-58.40042,-34.66065],[-58.40055,-34.66059],[-58.40061,-34.66056],[-58.40067,-34.66053],[-58.40073,-34.6605],[-58.40076,-34.66047],[-58.40079,-34.66044],[-58.40081,-34.66041],[-58.40089,-34.66029],[-58.40091,-34.66025],[-58.40094,-34.66021],[-58.40095,-34.66016],[-58.40095,-34.66012],[-58.40097,-34.66008],[-58.40097,-34.66008],[-58.40099,-34.66004],[-58.40102,-34.66002],[-58.40102,-34.66002],[-58.40105,-34.65999],[-58.40104,-34.65997],[-58.40104,-34.65997],[-58.40121,-34.6595],[-58.40124,-34.65944],[-58.40201,-34.65761],[-58.40275,-34.65587],[-58.40324,-34.65442],[-58.40341,-34.65385],[-58.40358,-34.65327],[-58.40384,-34.6524],[-58.40393,-34.65213],[-58.404,-34.65193],[-58.40417,-34.65148],[-58.40428,-34.6512],[-58.4043,-34.65116],[-58.40432,-34.6511],[-58.4044,-34.65094],[-58.40442,-34.65088],[-58.40443,-34.65087],[-58.40467,-34.65046],[-58.40475,-34.65031],[-58.40494,-34.64999],[-58.40505,-34.6498],[-58.40456,-34.64941],[-58.4045,-34.64935],[-58.40444,-34.64925],[-58.40444,-34.64925],[-58.4044,-34.6492],[-58.40361,-34.64819],[-58.40348,-34.64802],[-58.40313,-34.64756],[-58.40275,-34.64706],[-58.40153,-34.64686],[-58.40154,-34.64678],[-58.40154,-34.64678],[-58.40109,-34.64673],[-58.40076,-34.64661],[-58.40061,-34.64655],[-58.40047,-34.64647],[-58.40046,-34.64641],[-58.40034,-34.64636],[-58.40036,-34.64631],[-58.4005,-34.64592],[-58.40038,-34.6459],[-58.39728,-34.64458],[-58.39351,-34.64298],[-58.3914,-34.64208],[-58.39147,-34.64082],[-58.39025,-34.64035],[-58.38988,-34.6402],[-58.38997,-34.6391],[-58.39007,-34.63782],[-58.39011,-34.63726],[-58.39017,-34.63651],[-58.39023,-34.63563],[-58.39025,-34.6354],[-58.39029,-34.63496],[-58.39033,-34.63435],[-58.39036,-34.63412],[-58.38952,-34.63393],[-58.38877,-34.63376],[-58.38864,-34.63373],[-58.38864,-34.63373],[-58.38856,-34.63371],[-58.38854,-34.63371],[-58.38853,-34.6337],[-58.38846,-34.63368],[-58.38766,-34.63346],[-58.38763,-34.63345],[-58.38727,-34.63335],[-58.38652,-34.63314],[-58.38592,-34.63296],[-58.38542,-34.63282],[-58.38536,-34.6328],[-58.38399,-34.6324],[-58.3834,-34.63222],[-58.38263,-34.63168],[-58.38218,-34.63141],[-58.38174,-34.63114],[-58.38166,-34.63108],[-58.38141,-34.6309],[-58.38134,-34.63084],[-58.38134,-34.63084],[-58.38134,-34.63084],[-58.38134,-34.63084],[-58.38134,-34.63084],[-58.38134,-34.63084],[-58.38134,-34.63084],[-58.38134,-34.63084],[-58.38133,-34.63089],[-58.38131,-34.63158],[-58.38131,-34.63159],[-58.3813,-34.63186],[-58.38129,-34.63208],[-58.38128,-34.63236],[-58.38128,-34.63249],[-58.38127,-34.63273],[-58.38127,-34.63273],[-58.38125,-34.63305],[-58.38125,-34.63307],[-58.38125,-34.63307],[-58.38015,-34.63303],[-58.38015,-34.63303],[-58.38012,-34.63273],[-58.3801,-34.63263],[-58.38001,-34.63258],[-58.37964,-34.63236],[-58.37958,-34.63229],[-58.37951,-34.63221],[-58.37953,-34.63216],[-58.37952,-34.63214],[-58.37947,-34.63203],[-58.37912,-34.6314],[-58.37863,-34.63051],[-58.37862,-34.6305],[-58.37862,-34.6305],[-58.37863,-34.63048],[-58.37863,-34.63048],[-58.37897,-34.62956],[-58.37905,-34.62933],[-58.37872,-34.62912],[-58.37857,-34.62902],[-58.37794,-34.62861],[-58.37772,-34.62847],[-58.37661,-34.62786],[-58.37558,-34.6273],[-58.37456,-34.6268],[-58.37456,-34.6268],[-58.37387,-34.62678],[-58.37387,-34.62678],[-58.37366,-34.62677],[-58.37366,-34.62677],[-58.37364,-34.62677],[-58.37364,-34.62677],[-58.37279,-34.62675],[-58.37279,-34.62675],[-58.37255,-34.62674],[-58.37255,-34.62674],[-58.37173,-34.62669],[-58.37172,-34.62669],[-58.37156,-34.62668],[-58.37128,-34.62666],[-58.37113,-34.62666],[-58.37113,-34.62666],[-58.37097,-34.62665],[-58.37097,-34.62665],[-58.37097,-34.62665],[-58.37097,-34.62665],[-58.37097,-34.62665],[-58.37097,-34.62665],[-58.37097,-34.62665],[-58.37097,-34.62665],[-58.37095,-34.62682],[-58.37092,-34.62708],[-58.3708,-34.62811],[-58.37071,-34.62882],[-58.37072,-34.62899],[-58.37072,-34.62902],[-58.3707,-34.62919],[-58.37066,-34.62949],[-58.37066,-34.62949],[-58.37066,-34.62949]]]}},{"type":"Feature","properties":{"barrio":"Belgrano","comuna":13},"geometry":{"type":"Polygon","coordinates":[[[-58.45057,-34.53561],[-58.45066,-34.53564],[-58.45075,-34.53567],[-58.45085,-34.53569],[-58.45094,-34.5357],[-58.45104,-34.5357],[-58.45114,-34.5357],[-58.45124,-34.53569],[-58.45133,-34.53568],[-58.45143,-34.53566],[-58.45152,-34.53563],[-58.45168,-34.53564],[-58.45179,-34.53572],[-58.45189,-34.53573],[-58.45203,-34.53566],[-58.45279,-34.53571],[-58.45286,-34.53571],[-58.45293,-34.53573],[-58.453,-34.53575],[-58.45307,-34.53577],[-58.45313,-34.5358],[-58.45319,-34.53583],[-58.45324,-34.53587],[-58.45325,-34.53587],[-58.45329,-34.53592],[-58.45329,-34.53592],[-58.45407,-34.53653],[-58.45428,-34.53675],[-58.45445,-34.53696],[-58.45478,-34.5373],[-58.4548,-34.53734],[-58.45482,-34.53737],[-58.45483,-34.5374],[-58.45483,-34.53744],[-58.45483,-34.53748],[-58.45483,-34.53751],[-58.45468,-34.53795],[-58.45463,-34.53811],[-58.45423,-34.53867],[-58.45408,-34.53879],[-58.4529,-34.53937],[-58.45279,-34.53942],[-58.45241,-34.53956],[-58.45236,-34.53958],[-58.45232,-34.53958],[-58.45229,-34.53958],[-58.45225,-34.53958],[-58.45222,-34.53957],[-58.45217,-34.53956],[-58.45213,-34.5395],[-58.45197,-34.53929],[-58.45196,-34.53926],[-58.45193,-34.53922],[-58.45191,-34.5392],[-58.45191,-34.53919],[-58.45191,-34.53915],[-58.45192,-34.5391],[-58.45193,-34.53906],[-58.45194,-34.53902],[-58.45193,-34.53899],[-58.45187,-34.53894],[-58.45183,-34.5389],[-58.45183,-34.53889],[-58.45178,-34.53885],[-58.45163,-34.53868],[-58.45141,-34.53846],[-58.45138,-34.53842],[-58.45136,-34.53839],[-58.45133,-34.53838],[-58.45129,-34.53837],[-58.45128,-34.53834],[-58.45127,-34.53831],[-58.45127,-34.53828],[-58.45128,-34.53824],[-58.45119,-34.53814],[-58.45119,-34.53814],[-58.4511,-34.53812],[-58.4511,-34.53812],[-58.45108,-34.53811],[-58.45106,-34.53811],[-58.45101,-34.53809],[-58.45098,-34.53809],[-58.45094,-34.53808],[-58.45094,-34.53808],[-58.45083,-34.53802],[-58.45068,-34.53792],[-58.45064,-34.5379],[-58.45046,-34.53781],[-58.45024,-34.53767],[-58.4502,-34.53764],[-58.44995,-34.53743],[-58.44988,-34.53736],[-58.44988,-34.53736],[-58.44988,-34.53722],[-58.44988,-34.53703],[-58.44988,-34.53688],[-58.44991,-34.53673],[-58.44994,-34.53658],[-58.44996,-34.53649],[-58.45003,-34.53612],[-58.44967,-34.53591],[-58.44966,-34.53591],[-58.4495,-34.5358],[-58.44946,-34.53578],[-58.44916,-34.53561],[-58.44912,-34.53558],[-58.4491,-34.53557],[-58.44907,-34.53555],[-58.44905,-34.53555],[-58.44903,-34.53555],[-58.449,-34.53555],[-58.44898,-34.53555],[-58.44896,-34.53555],[-58.44896,-34.53555],[-58.44895,-34.53555],[-58.44893,-34.53555],[-58.44892,-34.53556],[-58.44891,-34.53557],[-58.4489,-34.53557],[-58.44889,-34.53558],[-58.44886,-34.53561],[-58.44886,-34.53562],[-58.44878,-34.53571],[-58.4488,-34.53572],[-58.44879,-34.53576],[-58.4488,-34.53581],[-58.4488,-34.53582],[-58.44881,-34.53583],[-58.44882,-34.53584],[-58.44883,-34.53584],[-58.44884,-34.53585],[-58.44885,-34.53585],[-58.4493,-34.53613],[-58.44933,-34.53615],[-58.44935,-34.53617],[-58.44937,-34.5362],[-58.44938,-34.53622],[-58.44939,-34.53626],[-58.44939,-34.5363],[-58.44939,-34.53632],[-58.44938,-34.53635],[-58.44937,-34.53639],[-58.44935,-34.53642],[-58.4492,-34.5366],[-58.44889,-34.53699],[-58.44887,-34.53701],[-58.44883,-34.53706],[-58.44881,-34.53708],[-58.4488,-34.53709],[-58.44876,-34.53714],[-58.44873,-34.53718],[-58.4487,-34.53722],[-58.44869,-34.53723],[-58.4487,-34.53726],[-58.44871,-34.53728],[-58.44871,-34.53729],[-58.44871,-34.53731],[-58.44871,-34.53733],[-58.44869,-34.53735],[-58.44868,-34.53736],[-58.44866,-34.53738],[-58.44861,-34.53739],[-58.44857,-34.5374],[-58.44854,-34.53739],[-58.44852,-34.53739],[-58.44852,-34.53739],[-58.44848,-34.53739],[-58.44843,-34.53737],[-58.44839,-34.53736],[-58.44836,-34.53733],[-58.44835,-34.53733],[-58.44799,-34.537],[-58.44799,-34.537],[-58.44798,-34.53699],[-58.44797,-34.53699],[-58.44797,-34.53699],[-58.44796,-34.53698],[-58.44795,-34.53697],[-58.44795,-34.53696],[-58.44795,-34.53694],[-58.44795,-34.53693],[-58.44795,-34.53692],[-58.44795,-34.5369],[-58.44796,-34.53688],[-58.44797,-34.53686],[-58.44797,-34.53683],[-58.44797,-34.53681],[-58.44796,-34.53678],[-58.44795,-34.53676],[-58.44793,-34.53674],[-58.44787,-34.53667],[-58.44783,-34.53664],[-58.44779,-34.53661],[-58.44779,-34.53661],[-58.44772,-34.53655],[-58.44763,-34.53649],[-58.44755,-34.53644],[-58.44745,-34.5364],[-58.44736,-34.53636],[-58.44714,-34.53629],[-58.44713,-34.53628],[-58.44678,-34.53616],[-58.44672,-34.53613],[-58.44672,-34.53613],[-58.44672,-34.53613],[-58.4467,-34.53613],[-58.44661,-34.53609],[-58.44654,-34.53606],[-58.44646,-34.53603],[-58.44638,-34.536],[-58.4463,-34.53599],[-58.44622,-34.53598],[-58.44613,-34.53597],[-58.44594,-34.53598],[-58.4459,-34.53598],[-58.44575,-34.53598],[-58.44556,-34.536],[-58.44537,-34.53602],[-58.44518,-34.53604],[-58.44469,-34.53612],[-58.44448,-34.53618],[-58.44419,-34.53627],[-58.44414,-34.53628],[-58.44401,-34.53629],[-58.44401,-34.53629],[-58.44366,-34.53633],[-58.44366,-34.53633],[-58.44365,-34.53631],[-58.44388,-34.53616],[-58.44386,-34.53614],[-58.44386,-34.53614],[-58.44362,-34.53628],[-58.44362,-34.53628],[-58.44362,-34.53628],[-58.44362,-34.53628],[-58.44345,-34.53639],[-58.4433,-34.53648],[-58.44318,-34.53654],[-58.44311,-34.53657],[-58.44305,-34.5366],[-58.44299,-34.53664],[-58.44282,-34.53675],[-58.44273,-34.53686],[-58.44272,-34.53686],[-58.44266,-34.53693],[-58.44229,-34.5373],[-58.44219,-34.53726],[-58.44219,-34.53726],[-58.44232,-34.53704],[-58.44232,-34.53704],[-58.44229,-34.53703],[-58.44216,-34.53725],[-58.44215,-34.53724],[-58.44176,-34.5379],[-58.44156,-34.53787],[-58.44156,-34.53787],[-58.44162,-34.53763],[-58.44162,-34.53763],[-58.44158,-34.53762],[-58.44152,-34.53786],[-58.44151,-34.53786],[-58.44137,-34.53842],[-58.44137,-34.53843],[-58.44134,-34.53855],[-58.44133,-34.53857],[-58.44112,-34.53858],[-58.44112,-34.53858],[-58.44111,-34.53834],[-58.44111,-34.53833],[-58.44108,-34.53833],[-58.44109,-34.53857],[-58.44107,-34.53857],[-58.44109,-34.5389],[-58.44109,-34.53907],[-58.4411,-34.53913],[-58.4411,-34.53914],[-58.44109,-34.53914],[-58.44085,-34.53914],[-58.44084,-34.53915],[-58.44088,-34.54005],[-58.44089,-34.5402],[-58.44078,-34.5403],[-58.44074,-34.54028],[-58.44069,-34.54026],[-58.44064,-34.54024],[-58.4406,-34.54024],[-58.44056,-34.54024],[-58.44053,-34.54025],[-58.44051,-34.54026],[-58.44049,-34.54027],[-58.44048,-34.54027],[-58.44045,-34.54028],[-58.44042,-34.5403],[-58.44033,-34.54023],[-58.44033,-34.54023],[-58.44032,-34.5402],[-58.44031,-34.53997],[-58.44031,-34.53996],[-58.44029,-34.53932],[-58.44031,-34.53929],[-58.44031,-34.53928],[-58.44032,-34.53928],[-58.44032,-34.53927],[-58.44032,-34.53926],[-58.44031,-34.53925],[-58.44031,-34.53924],[-58.4403,-34.53923],[-58.4403,-34.53922],[-58.4403,-34.53922],[-58.44029,-34.53921],[-58.44028,-34.53921],[-58.44027,-34.53921],[-58.44026,-34.5392],[-58.44024,-34.5392],[-58.44023,-34.5392],[-58.44022,-34.53921],[-58.44021,-34.53921],[-58.4402,-34.53921],[-58.44019,-34.53922],[-58.44019,-34.53923],[-58.44018,-34.53924],[-58.44018,-34.53925],[-58.44018,-34.53925],[-58.44018,-34.53926],[-58.44018,-34.53927],[-58.44018,-34.53928],[-58.44019,-34.53929],[-58.44019,-34.5393],[-58.4402,-34.53931],[-58.4402,-34.53931],[-58.44021,-34.53932],[-58.44021,-34.53932],[-58.44021,-34.53965],[-58.44021,-34.53979],[-58.44021,-34.53983],[-58.44015,-34.53985],[-58.43953,-34.54003],[-58.43928,-34.54012],[-58.43924,-34.54013],[-58.43919,-34.54014],[-58.43915,-34.54013],[-58.43911,-34.54013],[-58.43906,-34.54012],[-58.43904,-34.54011],[-58.43902,-34.54009],[-58.43899,-34.54008],[-58.43888,-34.54005],[-58.43882,-34.54003],[-58.43877,-34.54002],[-58.43865,-34.54],[-58.43854,-34.53998],[-58.43842,-34.53997],[-58.43828,-34.53995],[-58.4382,-34.53994],[-58.43793,-34.53994],[-58.43767,-34.53996],[-58.43765,-34.53996],[-58.43756,-34.53997],[-58.4374,-34.53999],[-58.4374,-34.53999],[-58.43744,-34.53996],[-58.43748,-34.53992],[-58.43749,-34.53992],[-58.43754,-34.53992],[-58.43757,-34.53992],[-58.43762,-34.53986],[-58.43764,-34.53985],[-58.43764,-34.53985],[-58.43756,-34.5398],[-58.43744,-34.53992],[-58.43735,-34.54],[-58.43724,-34.54002],[-58.437,-34.54007],[-58.43697,-34.54008],[-58.43679,-34.54014],[-58.43666,-34.54018],[-58.43652,-34.54023],[-58.43646,-34.54025],[-58.43645,-34.54025],[-58.43639,-34.54028],[-58.43626,-34.54034],[-58.43626,-34.54034],[-58.43623,-34.54036],[-58.43617,-34.54039],[-58.43602,-34.5405],[-58.43589,-34.54061],[-58.43576,-34.54072],[-58.43563,-34.54083],[-58.43551,-34.54095],[-58.43542,-34.54105],[-58.43533,-34.54115],[-58.43526,-34.54125],[-58.43519,-34.54136],[-58.43512,-34.54147],[-58.43508,-34.54155],[-58.43504,-34.54164],[-58.43501,-34.54169],[-58.43497,-34.54181],[-58.43494,-34.5419],[-58.4345,-34.54191],[-58.43439,-34.54191],[-58.43439,-34.54191],[-58.43439,-34.54186],[-58.43439,-34.54186],[-58.4342,-34.54186],[-58.4342,-34.54202],[-58.43421,-34.54202],[-58.43439,-34.54202],[-58.43439,-34.54201],[-58.43492,-34.542],[-58.43492,-34.542],[-58.43491,-34.54204],[-58.43489,-34.54213],[-58.43486,-34.54221],[-58.43483,-34.54229],[-58.43478,-34.54236],[-58.43474,-34.54244],[-58.43468,-34.54251],[-58.43462,-34.54258],[-58.43457,-34.54263],[-58.43461,-34.54263],[-58.43456,-34.54264],[-58.43447,-34.54272],[-58.43438,-34.54279],[-58.43428,-34.54286],[-58.43418,-34.54292],[-58.43408,-34.54297],[-58.4337,-34.54313],[-58.43354,-34.54319],[-58.43339,-34.54326],[-58.43325,-34.54332],[-58.43312,-34.5434],[-58.43299,-34.54347],[-58.43275,-34.54362],[-58.4327,-34.54365],[-58.43261,-34.5437],[-58.43224,-34.54393],[-58.43214,-34.54399],[-58.43205,-34.54405],[-58.43196,-34.54412],[-58.43188,-34.54419],[-58.4318,-34.54427],[-58.43172,-34.54435],[-58.43165,-34.54443],[-58.43159,-34.54451],[-58.43152,-34.54459],[-58.43144,-34.54467],[-58.43139,-34.54472],[-58.43134,-34.54478],[-58.4313,-34.54484],[-58.43126,-34.5449],[-58.43117,-34.54504],[-58.43105,-34.54524],[-58.43099,-34.54538],[-58.43096,-34.54544],[-58.43095,-34.54547],[-58.43095,-34.54548],[-58.43091,-34.54558],[-58.43083,-34.54578],[-58.43078,-34.54594],[-58.43076,-34.54605],[-58.43073,-34.54615],[-58.43072,-34.54624],[-58.43071,-34.54633],[-58.43068,-34.54663],[-58.43068,-34.54685],[-58.43072,-34.54723],[-58.43072,-34.54724],[-58.43072,-34.54726],[-58.43073,-34.54733],[-58.43072,-34.54733],[-58.4306,-34.54734],[-58.43012,-34.54701],[-58.43011,-34.54701],[-58.43016,-34.54696],[-58.43012,-34.54692],[-58.43002,-34.54703],[-58.42997,-34.54708],[-58.42993,-34.54714],[-58.4299,-34.5472],[-58.42988,-34.54726],[-58.42986,-34.54732],[-58.42986,-34.54738],[-58.42986,-34.54741],[-58.42986,-34.54742],[-58.42986,-34.54744],[-58.42986,-34.5475],[-58.42987,-34.54756],[-58.42989,-34.54762],[-58.42992,-34.54768],[-58.42995,-34.54773],[-58.42998,-34.54778],[-58.43002,-34.54782],[-58.43002,-34.54783],[-58.43003,-34.54783],[-58.43007,-34.54787],[-58.43012,-34.54791],[-58.43017,-34.54795],[-58.43023,-34.54798],[-58.43023,-34.54797],[-58.43025,-34.54795],[-58.43026,-34.54793],[-58.43026,-34.54793],[-58.4302,-34.54789],[-58.4302,-34.54789],[-58.43059,-34.54751],[-58.43063,-34.54751],[-58.43075,-34.5475],[-58.43077,-34.54774],[-58.43077,-34.54774],[-58.43077,-34.54774],[-58.43075,-34.54774],[-58.43072,-34.54774],[-58.43068,-34.54775],[-58.43064,-34.54776],[-58.43052,-34.54782],[-58.43046,-34.54785],[-58.43036,-34.54793],[-58.4303,-34.54799],[-58.43029,-34.548],[-58.43023,-34.54805],[-58.43016,-34.5481],[-58.43011,-34.54815],[-58.43005,-34.54821],[-58.43001,-34.54826],[-58.42992,-34.54838],[-58.42985,-34.5485],[-58.4298,-34.54858],[-58.42973,-34.54866],[-58.42965,-34.54874],[-58.42956,-34.54881],[-58.42947,-34.54887],[-58.42938,-34.54894],[-58.42928,-34.54899],[-58.42917,-34.54904],[-58.42906,-34.54909],[-58.4288,-34.54915],[-58.4288,-34.54915],[-58.42878,-34.54914],[-58.42876,-34.54914],[-58.42875,-34.54914],[-58.42875,-34.54914],[-58.42874,-34.54914],[-58.42874,-34.54914],[-58.42864,-34.5491],[-58.42864,-34.5491],[-58.4286,-34.54907],[-58.42845,-34.54894],[-58.42836,-34.54886],[-58.42818,-34.54871],[-58.42818,-34.54871],[-58.42789,-34.5485],[-58.4276,-34.54827],[-58.4276,-34.54827],[-58.42757,-34.54825],[-58.42753,-34.54823],[-58.42747,-34.54824],[-58.42736,-34.5483],[-58.42733,-34.54832],[-58.42733,-34.54832],[-58.42706,-34.54852],[-58.4268,-34.54819],[-58.42678,-34.54816],[-58.42559,-34.54883],[-58.4255,-34.54887],[-58.42541,-34.5489],[-58.42534,-34.54894],[-58.42527,-34.54897],[-58.42519,-34.54898],[-58.4252,-34.54895],[-58.42519,-34.54893],[-58.42517,-34.54892],[-58.42515,-34.54892],[-58.42514,-34.54893],[-58.42513,-34.54894],[-58.42513,-34.54897],[-58.42544,-34.54959],[-58.42568,-34.55006],[-58.42657,-34.55182],[-58.42667,-34.552],[-58.42667,-34.552],[-58.42676,-34.55203],[-58.42676,-34.55202],[-58.42676,-34.55202],[-58.42676,-34.55202],[-58.42676,-34.55202],[-58.42676,-34.55202],[-58.4268,-34.55201],[-58.4268,-34.55201],[-58.4269,-34.55197],[-58.427,-34.55193],[-58.42731,-34.55179],[-58.42848,-34.55128],[-58.42848,-34.55128],[-58.42861,-34.55123],[-58.42871,-34.55118],[-58.42879,-34.55115],[-58.42904,-34.55105],[-58.42915,-34.55101],[-58.4294,-34.55095],[-58.42976,-34.55094],[-58.43067,-34.55104],[-58.43099,-34.55112],[-58.43151,-34.55134],[-58.43161,-34.55138],[-58.43168,-34.55141],[-58.43184,-34.55151],[-58.4321,-34.55169],[-58.43233,-34.55186],[-58.43339,-34.55246],[-58.43346,-34.5525],[-58.43438,-34.55302],[-58.43443,-34.55305],[-58.43463,-34.55331],[-58.43466,-34.55359],[-58.43411,-34.55396],[-58.43518,-34.55446],[-58.43534,-34.55453],[-58.43546,-34.55459],[-58.43556,-34.55464],[-58.43557,-34.55465],[-58.43572,-34.55472],[-58.43598,-34.55486],[-58.43625,-34.55503],[-58.43654,-34.55526],[-58.43669,-34.55538],[-58.43672,-34.55541],[-58.43687,-34.55555],[-58.4371,-34.55575],[-58.43714,-34.55577],[-58.43719,-34.55581],[-58.43733,-34.55592],[-58.43733,-34.55592],[-58.4375,-34.55604],[-58.4377,-34.55615],[-58.43799,-34.55626],[-58.43834,-34.55637],[-58.43881,-34.55651],[-58.43915,-34.55664],[-58.43954,-34.5568],[-58.43984,-34.55693],[-58.4401,-34.55707],[-58.44016,-34.5571],[-58.44044,-34.5573],[-58.44069,-34.55751],[-58.44092,-34.55772],[-58.44106,-34.5579],[-58.44117,-34.55807],[-58.44125,-34.5583],[-58.44134,-34.55857],[-58.44138,-34.55874],[-58.44139,-34.55882],[-58.44133,-34.55896],[-58.4413,-34.55904],[-58.44126,-34.55917],[-58.44122,-34.55931],[-58.44121,-34.55932],[-58.44113,-34.55955],[-58.44103,-34.55976],[-58.44096,-34.55991],[-58.44096,-34.55992],[-58.44085,-34.56006],[-58.44066,-34.56028],[-58.44065,-34.56028],[-58.44062,-34.56031],[-58.44049,-34.56042],[-58.44033,-34.56056],[-58.44017,-34.56068],[-58.43991,-34.56088],[-58.43989,-34.56089],[-58.43984,-34.56093],[-58.4397,-34.56102],[-58.43947,-34.56117],[-58.43947,-34.56117],[-58.43947,-34.56117],[-58.43944,-34.56118],[-58.43924,-34.56129],[-58.43893,-34.56143],[-58.43869,-34.56153],[-58.43868,-34.56154],[-58.43853,-34.56159],[-58.43848,-34.56161],[-58.43846,-34.56162],[-58.43834,-34.56166],[-58.43825,-34.56168],[-58.43798,-34.56176],[-58.43766,-34.56183],[-58.43729,-34.56187],[-58.43728,-34.56187],[-58.43721,-34.56188],[-58.43711,-34.56189],[-58.43703,-34.5619],[-58.43689,-34.56191],[-58.43678,-34.56192],[-58.43668,-34.56192],[-58.43664,-34.56193],[-58.43662,-34.56193],[-58.43658,-34.56193],[-58.43655,-34.56193],[-58.43645,-34.56193],[-58.43636,-34.56193],[-58.4363,-34.56193],[-58.43622,-34.56193],[-58.43612,-34.56192],[-58.43603,-34.56192],[-58.436,-34.56192],[-58.43594,-34.56191],[-58.43589,-34.56191],[-58.43582,-34.5619],[-58.43575,-34.56189],[-58.43567,-34.56188],[-58.43557,-34.56187],[-58.4355,-34.56186],[-58.43539,-34.56185],[-58.43528,-34.56184],[-58.43513,-34.56182],[-58.43503,-34.5618],[-58.43496,-34.56179],[-58.43486,-34.56209],[-58.43495,-34.56216],[-58.4354,-34.56254],[-58.43583,-34.56254],[-58.43643,-34.56258],[-58.43672,-34.56256],[-58.43732,-34.56253],[-58.43771,-34.56251],[-58.43843,-34.56248],[-58.43875,-34.56244],[-58.43957,-34.56236],[-58.43966,-34.56235],[-58.44052,-34.56224],[-58.44116,-34.56213],[-58.44125,-34.56224],[-58.44135,-34.56235],[-58.4415,-34.56252],[-58.44197,-34.56305],[-58.44254,-34.56369],[-58.44262,-34.56363],[-58.44365,-34.56423],[-58.44461,-34.5648],[-58.44552,-34.56534],[-58.44607,-34.56566],[-58.44643,-34.56587],[-58.44732,-34.5664],[-58.4478,-34.56668],[-58.44786,-34.56671],[-58.44839,-34.56722],[-58.44904,-34.56785],[-58.44905,-34.56785],[-58.44993,-34.56738],[-58.45016,-34.56726],[-58.45078,-34.56692],[-58.45095,-34.56683],[-58.45159,-34.56648],[-58.45172,-34.56641],[-58.45229,-34.56611],[-58.45375,-34.56693],[-58.45388,-34.567],[-58.45394,-34.56704],[-58.45479,-34.56754],[-58.45568,-34.56806],[-58.45631,-34.56843],[-58.45658,-34.56858],[-58.45748,-34.56911],[-58.45763,-34.569],[-58.45771,-34.56953],[-58.45799,-34.56979],[-58.45879,-34.57058],[-58.45968,-34.57144],[-58.46026,-34.57201],[-58.46088,-34.57261],[-58.46138,-34.57309],[-58.46173,-34.57343],[-58.46252,-34.5742],[-58.4629,-34.57459],[-58.46336,-34.57501],[-58.46499,-34.574],[-58.46604,-34.57334],[-58.46736,-34.5725],[-58.46808,-34.57291],[-58.46884,-34.57201],[-58.46959,-34.57113],[-58.47042,-34.57015],[-58.47118,-34.56925],[-58.47196,-34.56832],[-58.47278,-34.56735],[-58.47337,-34.56666],[-58.47299,-34.56644],[-58.47296,-34.56642],[-58.47242,-34.5661],[-58.47137,-34.56545],[-58.47065,-34.56501],[-58.47044,-34.56487],[-58.46961,-34.56433],[-58.46861,-34.56368],[-58.46765,-34.56305],[-58.46754,-34.56297],[-58.46658,-34.56225],[-58.46649,-34.56219],[-58.46691,-34.56201],[-58.46768,-34.56169],[-58.46704,-34.56132],[-58.46774,-34.56053],[-58.46847,-34.55972],[-58.46893,-34.55921],[-58.46918,-34.55893],[-58.46822,-34.55843],[-58.46776,-34.55819],[-58.46718,-34.55789],[-58.46622,-34.55738],[-58.46528,-34.55689],[-58.46434,-34.5564],[-58.46373,-34.55608],[-58.46341,-34.55592],[-58.46284,-34.55561],[-58.46253,-34.55548],[-58.46135,-34.55486],[-58.46041,-34.55437],[-58.45947,-34.55388],[-58.45876,-34.5535],[-58.45853,-34.55339],[-58.45819,-34.55321],[-58.45759,-34.5529],[-58.45741,-34.5528],[-58.45728,-34.55274],[-58.45649,-34.55233],[-58.45574,-34.55194],[-58.45564,-34.55188],[-58.45546,-34.55179],[-58.45428,-34.55117],[-58.45301,-34.5505],[-58.45339,-34.55005],[-58.4534,-34.55005],[-58.45402,-34.54952],[-58.45416,-34.54941],[-58.45416,-34.5492],[-58.45412,-34.54899],[-58.45396,-34.54876],[-58.45382,-34.54857],[-58.45366,-34.54831],[-58.45285,-34.54726],[-58.45255,-34.54687],[-58.45218,-34.54639],[-58.45213,-34.54629],[-58.45075,-34.54453],[-58.45042,-34.54414],[-58.44997,-34.54354],[-58.44941,-34.54276],[-58.44928,-34.54265],[-58.45005,-34.54223],[-58.45171,-34.54132],[-58.45234,-34.54105],[-58.45258,-34.54097],[-58.45264,-34.54096],[-58.45285,-34.54089],[-58.45306,-34.54084],[-58.45322,-34.54079],[-58.45475,-34.54033],[-58.4575,-34.53901],[-58.45829,-34.5386],[-58.45944,-34.5378],[-58.45921,-34.53761],[-58.45887,-34.53734],[-58.45872,-34.53721],[-58.45856,-34.53732],[-58.45849,-34.53728],[-58.45848,-34.53727],[-58.45848,-34.53727],[-58.45848,-34.53727],[-58.45848,-34.53727],[-58.45848,-34.53727],[-58.45848,-34.53727],[-58.45847,-34.53727],[-58.45841,-34.53724],[-58.4584,-34.53724],[-58.45838,-34.53723],[-58.45837,-34.53722],[-58.45835,-34.53722],[-58.45833,-34.53721],[-58.45832,-34.53721],[-58.45831,-34.5372],[-58.45831,-34.5372],[-58.4583,-34.5372],[-58.4583,-34.53719],[-58.45829,-34.53719],[-58.45828,-34.53719],[-58.45828,-34.53719],[-58.45827,-34.53718],[-58.45826,-34.53718],[-58.45826,-34.53718],[-58.45825,-34.53718],[-58.45816,-34.53714],[-58.45788,-34.53702],[-58.45784,-34.537],[-58.45779,-34.53698],[-58.45775,-34.53696],[-58.45768,-34.53693],[-58.45766,-34.53692],[-58.45761,-34.5369],[-58.45752,-34.53687],[-58.45746,-34.53684],[-58.45737,-34.5368],[-58.45731,-34.53678],[-58.45724,-34.53675],[-58.45724,-34.53674],[-58.4569,-34.5366],[-58.45655,-34.53645],[-58.45647,-34.53642],[-58.45643,-34.53641],[-58.45643,-34.5364],[-58.45627,-34.53634],[-58.45627,-34.53633],[-58.45626,-34.53633],[-58.45626,-34.53633],[-58.45626,-34.53633],[-58.45626,-34.53633],[-58.45626,-34.53633],[-58.45625,-34.53632],[-58.45623,-34.53631],[-58.45623,-34.53631],[-58.45613,-34.53625],[-58.456,-34.53618],[-58.4559,-34.53612],[-58.45589,-34.53611],[-58.45575,-34.53603],[-58.45575,-34.53603],[-58.45574,-34.53603],[-58.45573,-34.53602],[-58.45569,-34.536],[-58.45569,-34.536],[-58.45565,-34.53598],[-58.45554,-34.53593],[-58.45545,-34.53589],[-58.45545,-34.53589],[-58.45518,-34.53576],[-58.45518,-34.53576],[-58.45512,-34.53573],[-58.45507,-34.53571],[-58.45503,-34.53569],[-58.45499,-34.53567],[-58.45498,-34.53566],[-58.45498,-34.53566],[-58.45487,-34.5356],[-58.45456,-34.53543],[-58.45427,-34.53527],[-58.45414,-34.53519],[-58.45406,-34.53516],[-58.45399,-34.53513],[-58.45393,-34.53509],[-58.45387,-34.53504],[-58.45386,-34.53504],[-58.45381,-34.53499],[-58.45376,-34.53493],[-58.45372,-34.53487],[-58.45369,-34.53481],[-58.45366,-34.53475],[-58.45366,-34.53467],[-58.45362,-34.5346],[-58.45356,-34.53448],[-58.45354,-34.53442],[-58.45351,-34.53433],[-58.45347,-34.53427],[-58.45342,-34.5342],[-58.45337,-34.53414],[-58.45333,-34.53409],[-58.45321,-34.53388],[-58.45305,-34.53372],[-58.45303,-34.5337],[-58.45289,-34.53352],[-58.45274,-34.53334],[-58.45259,-34.53314],[-58.45247,-34.53296],[-58.45233,-34.53274],[-58.45188,-34.53199],[-58.45187,-34.53194],[-58.45188,-34.53191],[-58.45188,-34.53188],[-58.45189,-34.53185],[-58.45188,-34.53184],[-58.45188,-34.53183],[-58.45188,-34.53182],[-58.45187,-34.5318],[-58.45186,-34.53179],[-58.45185,-34.53177],[-58.45185,-34.53176],[-58.45183,-34.53174],[-58.45183,-34.53174],[-58.4518,-34.53172],[-58.45177,-34.53171],[-58.45174,-34.53169],[-58.45171,-34.53169],[-58.45167,-34.53169],[-58.45164,-34.53169],[-58.4516,-34.53169],[-58.45157,-34.5317],[-58.45153,-34.53174],[-58.45148,-34.53177],[-58.45145,-34.53181],[-58.45141,-34.53185],[-58.45138,-34.53189],[-58.4513,-34.53197],[-58.45122,-34.53206],[-58.45115,-34.53215],[-58.45108,-34.53224],[-58.45103,-34.53233],[-58.45097,-34.53244],[-58.45092,-34.53254],[-58.45087,-34.53265],[-58.45084,-34.53277],[-58.45081,-34.53288],[-58.45078,-34.53299],[-58.45077,-34.53308],[-58.45075,-34.53316],[-58.45072,-34.53324],[-58.45069,-34.53332],[-58.45065,-34.5334],[-58.45061,-34.53348],[-58.4506,-34.53348],[-58.45047,-34.53371],[-58.45034,-34.53382],[-58.4503,-34.53391],[-58.45028,-34.53403],[-58.45024,-34.53413],[-58.45013,-34.53445],[-58.45001,-34.5349],[-58.45,-34.53496],[-58.44999,-34.53502],[-58.45,-34.53509],[-58.45,-34.53515],[-58.45003,-34.5352],[-58.45006,-34.53526],[-58.45009,-34.53531],[-58.45014,-34.53537],[-58.45025,-34.53543],[-58.45032,-34.53548],[-58.4504,-34.53553],[-58.45048,-34.53557],[-58.45057,-34.53561]]]}},{"type":"Feature","properties":{"barrio":"La Boca","comuna":4},"geometry":{"type":"Polygon","coordinates":[[[-58.35126,-34.61931],[-58.35126,-34.61933],[-58.35127,-34.61935],[-58.35123,-34.61935],[-58.3512,-34.61936],[-58.35115,-34.61937],[-58.35087,-34.61947],[-58.35087,-34.61947],[-58.35088,-34.61961],[-58.35078,-34.61967],[-58.35078,-34.61967],[-58.35069,-34.61955],[-58.35069,-34.61955],[-58.35017,-34.61973],[-58.35016,-34.61974],[-58.34975,-34.61977],[-58.34974,-34.61977],[-58.34974,-34.61977],[-58.34958,-34.61979],[-58.34958,-34.61979],[-58.34907,-34.61964],[-58.34832,-34.61905],[-58.34785,-34.61896],[-58.34729,-34.61893],[-58.34729,-34.61893],[-58.34657,-34.6191],[-58.34657,-34.6191],[-58.34638,-34.61904],[-58.34597,-34.61885],[-58.3452,-34.61881],[-58.3446,-34.619],[-58.34455,-34.61905],[-58.34458,-34.61933],[-58.34468,-34.61963],[-58.3452,-34.61983],[-58.34545,-34.61987],[-58.34592,-34.61956],[-58.34624,-34.61934],[-58.34633,-34.61921],[-58.34633,-34.61921],[-58.34633,-34.61921],[-58.34634,-34.6192],[-58.34657,-34.61928],[-58.3469,-34.61962],[-58.3469,-34.61963],[-58.34716,-34.61999],[-58.3471,-34.62055],[-58.34697,-34.62099],[-58.34658,-34.62147],[-58.34646,-34.62162],[-58.34652,-34.62199],[-58.34647,-34.62207],[-58.34638,-34.62222],[-58.34632,-34.62233],[-58.34628,-34.6224],[-58.3462,-34.62254],[-58.34618,-34.62256],[-58.3461,-34.62265],[-58.34607,-34.62268],[-58.34603,-34.62281],[-58.34604,-34.6229],[-58.34594,-34.62295],[-58.34594,-34.62295],[-58.34592,-34.6229],[-58.34594,-34.6228],[-58.34596,-34.62275],[-58.34596,-34.6227],[-58.34595,-34.62266],[-58.34595,-34.62265],[-58.34595,-34.62264],[-58.34594,-34.62262],[-58.34594,-34.62257],[-58.34595,-34.62255],[-58.34594,-34.62253],[-58.34593,-34.62251],[-58.34592,-34.62248],[-58.34593,-34.62247],[-58.34595,-34.62246],[-58.34594,-34.6224],[-58.34598,-34.62235],[-58.34598,-34.62231],[-58.34598,-34.62231],[-58.34598,-34.62231],[-58.34597,-34.6223],[-58.34596,-34.6223],[-58.34596,-34.6223],[-58.34594,-34.62229],[-58.34593,-34.62229],[-58.34593,-34.62229],[-58.34591,-34.62227],[-58.34587,-34.62227],[-58.34587,-34.62227],[-58.34588,-34.62226],[-58.34588,-34.62226],[-58.34589,-34.62226],[-58.3459,-34.62226],[-58.3459,-34.62226],[-58.34591,-34.62226],[-58.34591,-34.62226],[-58.34591,-34.62226],[-58.34593,-34.62227],[-58.34593,-34.62227],[-58.34594,-34.62227],[-58.34594,-34.62227],[-58.34595,-34.62227],[-58.34596,-34.62226],[-58.34596,-34.62226],[-58.34596,-34.62226],[-58.34597,-34.62227],[-58.34597,-34.62227],[-58.34598,-34.62228],[-58.34599,-34.62229],[-58.34599,-34.62229],[-58.34601,-34.62229],[-58.34601,-34.62229],[-58.34601,-34.62229],[-58.34602,-34.62229],[-58.34602,-34.62229],[-58.34603,-34.62228],[-58.34604,-34.62227],[-58.34605,-34.62227],[-58.34605,-34.62227],[-58.34606,-34.62227],[-58.34606,-34.62227],[-58.34606,-34.62227],[-58.34606,-34.62227],[-58.34607,-34.62227],[-58.34607,-34.62226],[-58.34607,-34.62224],[-58.34607,-34.62224],[-58.34607,-34.62223],[-58.34606,-34.62223],[-58.34605,-34.62223],[-58.34604,-34.62222],[-58.34603,-34.62221],[-58.34605,-34.6222],[-58.34606,-34.62219],[-58.34606,-34.62219],[-58.34606,-34.6222],[-58.34608,-34.6222],[-58.34608,-34.6222],[-58.34608,-34.6222],[-58.34608,-34.6222],[-58.34608,-34.62218],[-58.34608,-34.62218],[-58.34606,-34.62217],[-58.34606,-34.62217],[-58.34606,-34.62216],[-58.34606,-34.62216],[-58.34605,-34.62216],[-58.34605,-34.62215],[-58.34605,-34.62214],[-58.34605,-34.62213],[-58.34604,-34.62213],[-58.34604,-34.62213],[-58.34603,-34.62214],[-58.34601,-34.62213],[-58.34601,-34.62213],[-58.34599,-34.62211],[-58.346,-34.6221],[-58.34602,-34.6221],[-58.34602,-34.6221],[-58.34602,-34.6221],[-58.34603,-34.62211],[-58.34603,-34.62211],[-58.34604,-34.62211],[-58.34604,-34.62211],[-58.34604,-34.62211],[-58.34605,-34.62211],[-58.34605,-34.62209],[-58.34604,-34.62208],[-58.34604,-34.62208],[-58.34605,-34.62206],[-58.34606,-34.62206],[-58.34607,-34.62204],[-58.34609,-34.62202],[-58.3461,-34.62201],[-58.34608,-34.622],[-58.34607,-34.622],[-58.34607,-34.622],[-58.34606,-34.62199],[-58.34604,-34.62197],[-58.34604,-34.62196],[-58.34602,-34.62195],[-58.34598,-34.62194],[-58.34594,-34.62193],[-58.34592,-34.62192],[-58.34592,-34.62192],[-58.34591,-34.62193],[-58.3459,-34.62194],[-58.34588,-34.62194],[-58.34588,-34.62194],[-58.34586,-34.62194],[-58.34584,-34.62192],[-58.34584,-34.6219],[-58.34582,-34.62188],[-58.34581,-34.62188],[-58.34581,-34.62188],[-58.3458,-34.62188],[-58.34579,-34.62189],[-58.34579,-34.62192],[-58.34581,-34.62193],[-58.34581,-34.62193],[-58.34583,-34.62195],[-58.34583,-34.62196],[-58.34581,-34.62197],[-58.34581,-34.62197],[-58.3458,-34.62195],[-58.34579,-34.62195],[-58.34579,-34.62194],[-58.34579,-34.62194],[-58.34578,-34.62195],[-58.34577,-34.62198],[-58.34579,-34.62199],[-58.34579,-34.62199],[-58.34579,-34.622],[-58.3458,-34.62201],[-58.3458,-34.62201],[-58.3458,-34.62201],[-58.34581,-34.62202],[-58.34582,-34.62202],[-58.34582,-34.62203],[-58.34581,-34.62204],[-58.3458,-34.62205],[-58.34579,-34.62205],[-58.34578,-34.62206],[-58.34579,-34.62209],[-58.34577,-34.62211],[-58.34576,-34.62211],[-58.34576,-34.62211],[-58.34575,-34.62196],[-58.34574,-34.62192],[-58.34574,-34.62191],[-58.34573,-34.62187],[-58.34573,-34.62187],[-58.34572,-34.62183],[-58.34562,-34.62166],[-58.34549,-34.62152],[-58.34548,-34.62152],[-58.34543,-34.62149],[-58.34529,-34.62142],[-58.34504,-34.62133],[-58.34495,-34.62133],[-58.3448,-34.62133],[-58.34471,-34.62134],[-58.34453,-34.62139],[-58.34434,-34.62147],[-58.34426,-34.62153],[-58.3442,-34.62158],[-58.34412,-34.62169],[-58.34411,-34.62169],[-58.34407,-34.62175],[-58.34407,-34.62175],[-58.34406,-34.62176],[-58.34406,-34.62167],[-58.34409,-34.6216],[-58.34408,-34.62152],[-58.34412,-34.6215],[-58.34417,-34.62149],[-58.34421,-34.62141],[-58.34423,-34.62134],[-58.34424,-34.62131],[-58.34427,-34.62121],[-58.34427,-34.62119],[-58.34426,-34.62117],[-58.34425,-34.62112],[-58.34427,-34.62111],[-58.34427,-34.62111],[-58.34425,-34.62106],[-58.34425,-34.62102],[-58.34423,-34.62096],[-58.34425,-34.62093],[-58.34424,-34.6209],[-58.34423,-34.62089],[-58.34423,-34.62089],[-58.34422,-34.62084],[-58.34427,-34.6208],[-58.34427,-34.62077],[-58.34429,-34.62076],[-58.3443,-34.62073],[-58.34434,-34.62055],[-58.34435,-34.62052],[-58.34434,-34.62044],[-58.34434,-34.62042],[-58.34431,-34.62028],[-58.3443,-34.62018],[-58.34428,-34.62012],[-58.34421,-34.62004],[-58.34421,-34.61997],[-58.3442,-34.61995],[-58.34413,-34.6198],[-58.3441,-34.61966],[-58.34405,-34.61949],[-58.34401,-34.61943],[-58.34392,-34.61934],[-58.34385,-34.61923],[-58.34385,-34.61923],[-58.34371,-34.61914],[-58.34361,-34.61908],[-58.34348,-34.61897],[-58.34348,-34.61897],[-58.34346,-34.61875],[-58.34346,-34.61875],[-58.34341,-34.61871],[-58.3433,-34.61866],[-58.34306,-34.61862],[-58.34286,-34.61857],[-58.34266,-34.61854],[-58.34248,-34.61852],[-58.34232,-34.6185],[-58.34219,-34.6185],[-58.34211,-34.61849],[-58.34205,-34.61849],[-58.342,-34.61849],[-58.34183,-34.61849],[-58.34156,-34.61848],[-58.34142,-34.61849],[-58.34116,-34.61852],[-58.3411,-34.61854],[-58.34104,-34.61855],[-58.34098,-34.61856],[-58.3409,-34.61857],[-58.34069,-34.6186],[-58.34056,-34.61863],[-58.34053,-34.61865],[-58.34049,-34.61865],[-58.34039,-34.61868],[-58.34038,-34.61868],[-58.34018,-34.61858],[-58.3399,-34.61849],[-58.33984,-34.61848],[-58.33974,-34.61848],[-58.33918,-34.6185],[-58.33879,-34.61859],[-58.33872,-34.6186],[-58.33865,-34.61862],[-58.33859,-34.61864],[-58.33853,-34.61867],[-58.33819,-34.61886],[-58.33814,-34.61889],[-58.3381,-34.61892],[-58.33807,-34.61896],[-58.33804,-34.619],[-58.33782,-34.61943],[-58.33765,-34.6197],[-58.33758,-34.61988],[-58.33756,-34.61992],[-58.33754,-34.61996],[-58.33752,-34.62001],[-58.33751,-34.62005],[-58.33751,-34.62018],[-58.33745,-34.62061],[-58.33742,-34.62092],[-58.33735,-34.62106],[-58.33734,-34.62109],[-58.33733,-34.62112],[-58.3373,-34.62115],[-58.33706,-34.62142],[-58.33703,-34.62145],[-58.33701,-34.62149],[-58.33699,-34.62152],[-58.33698,-34.62156],[-58.33697,-34.62165],[-58.33695,-34.6217],[-58.33694,-34.62176],[-58.33693,-34.62181],[-58.33692,-34.62189],[-58.33692,-34.62197],[-58.33693,-34.62204],[-58.33695,-34.62212],[-58.33698,-34.62219],[-58.33701,-34.62227],[-58.33705,-34.62234],[-58.3371,-34.6224],[-58.33713,-34.62244],[-58.33715,-34.62247],[-58.33722,-34.62252],[-58.33722,-34.62252],[-58.33728,-34.62258],[-58.33735,-34.62263],[-58.33743,-34.62267],[-58.33751,-34.62271],[-58.3376,-34.62274],[-58.33769,-34.62277],[-58.33778,-34.62279],[-58.33787,-34.6228],[-58.33796,-34.62281],[-58.33797,-34.62281],[-58.33797,-34.62281],[-58.33805,-34.62281],[-58.33805,-34.62281],[-58.33865,-34.62272],[-58.33888,-34.62268],[-58.3392,-34.62262],[-58.33931,-34.6226],[-58.33942,-34.62259],[-58.33952,-34.62258],[-58.33953,-34.62258],[-58.33963,-34.62258],[-58.33974,-34.62259],[-58.33985,-34.6226],[-58.34023,-34.62265],[-58.34034,-34.62266],[-58.34046,-34.62266],[-58.34046,-34.62266],[-58.34057,-34.62266],[-58.34096,-34.62261],[-58.34097,-34.62261],[-58.34102,-34.62261],[-58.34108,-34.62262],[-58.34114,-34.62263],[-58.34119,-34.62264],[-58.34126,-34.62268],[-58.34134,-34.62272],[-58.34139,-34.62274],[-58.34145,-34.62276],[-58.34174,-34.6228],[-58.34183,-34.62281],[-58.34184,-34.62281],[-58.34186,-34.62282],[-58.34188,-34.62282],[-58.3419,-34.62282],[-58.34191,-34.62282],[-58.34192,-34.62282],[-58.34195,-34.62282],[-58.34197,-34.62281],[-58.34198,-34.6228],[-58.342,-34.62278],[-58.34201,-34.62276],[-58.34201,-34.62274],[-58.34201,-34.62271],[-58.34201,-34.62269],[-58.342,-34.62266],[-58.34198,-34.62259],[-58.34197,-34.62259],[-58.34196,-34.62255],[-58.34194,-34.62252],[-58.34193,-34.6225],[-58.34192,-34.62249],[-58.34191,-34.62246],[-58.34191,-34.62242],[-58.34191,-34.62239],[-58.34192,-34.62235],[-58.34193,-34.62232],[-58.34195,-34.6223],[-58.34197,-34.62229],[-58.34199,-34.62228],[-58.34199,-34.62228],[-58.34201,-34.62226],[-58.34204,-34.62225],[-58.34207,-34.62224],[-58.3421,-34.62224],[-58.34211,-34.62224],[-58.34213,-34.62224],[-58.34217,-34.62225],[-58.34223,-34.62225],[-58.34224,-34.62226],[-58.34225,-34.62226],[-58.34225,-34.62226],[-58.34226,-34.62226],[-58.34231,-34.62228],[-58.34243,-34.62232],[-58.34254,-34.62237],[-58.34265,-34.62242],[-58.34275,-34.62248],[-58.34276,-34.62249],[-58.34288,-34.62256],[-58.34288,-34.62256],[-58.34292,-34.62259],[-58.34297,-34.62262],[-58.34299,-34.62264],[-58.34299,-34.62264],[-58.34303,-34.62266],[-58.34303,-34.62266],[-58.34303,-34.62266],[-58.34303,-34.62266],[-58.34304,-34.62267],[-58.34304,-34.62268],[-58.34304,-34.62269],[-58.34304,-34.6227],[-58.34304,-34.62271],[-58.34303,-34.62272],[-58.34302,-34.62273],[-58.34276,-34.62298],[-58.34264,-34.6231],[-58.34256,-34.62318],[-58.34239,-34.62335],[-58.34238,-34.62337],[-58.3422,-34.62329],[-58.3422,-34.62329],[-58.34215,-34.62313],[-58.34215,-34.62313],[-58.34189,-34.62303],[-58.34069,-34.62302],[-58.34005,-34.62324],[-58.3392,-34.62394],[-58.33844,-34.62457],[-58.33821,-34.62462],[-58.33824,-34.6247],[-58.33823,-34.6247],[-58.3378,-34.6248],[-58.3378,-34.6248],[-58.3378,-34.6248],[-58.33778,-34.62474],[-58.33778,-34.62474],[-58.33776,-34.62473],[-58.33748,-34.62478],[-58.33736,-34.6248],[-58.33703,-34.62488],[-58.33607,-34.62568],[-58.33527,-34.62634],[-58.33527,-34.62634],[-58.33517,-34.62642],[-58.33517,-34.62642],[-58.33516,-34.62643],[-58.33516,-34.62644],[-58.33516,-34.62644],[-58.33516,-34.62644],[-58.33516,-34.62645],[-58.33516,-34.62645],[-58.33516,-34.62708],[-58.33516,-34.62709],[-58.33516,-34.62709],[-58.33516,-34.62709],[-58.33517,-34.62711],[-58.33518,-34.62711],[-58.33518,-34.62712],[-58.33519,-34.62712],[-58.33565,-34.62751],[-58.33565,-34.62751],[-58.33626,-34.62802],[-58.3362,-34.62818],[-58.33621,-34.62818],[-58.33635,-34.62822],[-58.33635,-34.62822],[-58.33636,-34.62821],[-58.33637,-34.62821],[-58.33638,-34.62821],[-58.33638,-34.62821],[-58.33643,-34.62809],[-58.33644,-34.62806],[-58.33645,-34.62807],[-58.33698,-34.62822],[-58.33698,-34.62822],[-58.33698,-34.62824],[-58.33694,-34.62832],[-58.33692,-34.62837],[-58.33693,-34.62837],[-58.33816,-34.62871],[-58.33816,-34.62871],[-58.33822,-34.62857],[-58.33822,-34.62855],[-58.33823,-34.62856],[-58.3388,-34.62872],[-58.3388,-34.62872],[-58.33873,-34.62888],[-58.33874,-34.62888],[-58.33887,-34.62891],[-58.33888,-34.62892],[-58.33889,-34.62892],[-58.33889,-34.62891],[-58.33892,-34.62885],[-58.33893,-34.62881],[-58.33895,-34.62875],[-58.33896,-34.62876],[-58.33921,-34.62883],[-58.33921,-34.62883],[-58.3392,-34.62887],[-58.3392,-34.62887],[-58.33928,-34.62889],[-58.33928,-34.62889],[-58.33931,-34.62882],[-58.33931,-34.62882],[-58.33923,-34.6288],[-58.33922,-34.62881],[-58.3392,-34.62881],[-58.33913,-34.62879],[-58.33912,-34.62879],[-58.33918,-34.62877],[-58.33919,-34.62875],[-58.33923,-34.62866],[-58.33923,-34.62865],[-58.33923,-34.62865],[-58.33923,-34.62865],[-58.33924,-34.62865],[-58.33928,-34.62866],[-58.33934,-34.62868],[-58.33934,-34.62868],[-58.33934,-34.62868],[-58.33935,-34.62867],[-58.33939,-34.62866],[-58.33945,-34.62861],[-58.3395,-34.62847],[-58.33951,-34.62846],[-58.33975,-34.62783],[-58.33976,-34.62783],[-58.34027,-34.62797],[-58.34027,-34.62797],[-58.34052,-34.62776],[-58.34054,-34.62774],[-58.34056,-34.62773],[-58.34056,-34.62773],[-58.34067,-34.62783],[-58.34067,-34.62783],[-58.34067,-34.62782],[-58.34077,-34.62774],[-58.34078,-34.62772],[-58.3407,-34.62764],[-58.34067,-34.62762],[-58.34107,-34.6273],[-58.34108,-34.6273],[-58.34118,-34.62739],[-58.34119,-34.62739],[-58.34119,-34.62738],[-58.34124,-34.62734],[-58.34131,-34.62728],[-58.3412,-34.6272],[-58.3412,-34.62719],[-58.34142,-34.62702],[-58.34156,-34.6269],[-58.3416,-34.62686],[-58.34161,-34.62687],[-58.3417,-34.62694],[-58.3417,-34.62694],[-58.34177,-34.62691],[-58.3418,-34.62686],[-58.3418,-34.62685],[-58.34179,-34.62684],[-58.34179,-34.62681],[-58.34174,-34.62677],[-58.34173,-34.62676],[-58.34175,-34.62675],[-58.34175,-34.62675],[-58.34192,-34.6266],[-58.34192,-34.62659],[-58.34213,-34.62643],[-58.34213,-34.62643],[-58.34213,-34.62644],[-58.34222,-34.62651],[-58.34223,-34.6265],[-58.34236,-34.62641],[-58.34226,-34.62632],[-58.34244,-34.62618],[-58.34245,-34.62617],[-58.34246,-34.62617],[-58.34251,-34.62617],[-58.34251,-34.62617],[-58.34274,-34.6262],[-58.34274,-34.6262],[-58.34273,-34.6263],[-58.34273,-34.6263],[-58.34274,-34.62631],[-58.34275,-34.62631],[-58.3429,-34.62631],[-58.34291,-34.62626],[-58.34292,-34.62622],[-58.34293,-34.62622],[-58.34298,-34.62623],[-58.34304,-34.62623],[-58.34333,-34.62626],[-58.34333,-34.62626],[-58.34333,-34.62634],[-58.34333,-34.62635],[-58.34345,-34.62639],[-58.34348,-34.6264],[-58.34348,-34.62639],[-58.3435,-34.62629],[-58.34351,-34.62629],[-58.34356,-34.62629],[-58.34358,-34.62629],[-58.34358,-34.62629],[-58.34412,-34.62636],[-58.34421,-34.62637],[-58.34428,-34.62637],[-58.34438,-34.62645],[-58.34438,-34.62645],[-58.34436,-34.62647],[-58.34436,-34.62647],[-58.34382,-34.6269],[-58.34372,-34.62681],[-58.34371,-34.62682],[-58.34371,-34.62682],[-58.34358,-34.62693],[-58.34368,-34.62701],[-58.34368,-34.62701],[-58.34333,-34.62731],[-58.34326,-34.62725],[-58.34322,-34.62721],[-58.34309,-34.62731],[-58.3431,-34.62732],[-58.34317,-34.62738],[-58.34317,-34.62738],[-58.3432,-34.6274],[-58.34321,-34.62741],[-58.3432,-34.62743],[-58.34318,-34.62744],[-58.34313,-34.62748],[-58.34313,-34.62748],[-58.34304,-34.62755],[-58.34282,-34.62773],[-58.34282,-34.62773],[-58.34273,-34.62765],[-58.34272,-34.62765],[-58.34272,-34.62765],[-58.34271,-34.62766],[-58.34271,-34.62766],[-58.3426,-34.62774],[-58.34263,-34.62778],[-58.3427,-34.62783],[-58.34268,-34.62784],[-58.34268,-34.62784],[-58.34251,-34.62799],[-58.34232,-34.62814],[-58.34232,-34.62814],[-58.34221,-34.62804],[-58.34221,-34.62804],[-58.34221,-34.62804],[-58.34216,-34.62808],[-58.34209,-34.62814],[-58.3421,-34.62815],[-58.3421,-34.62815],[-58.3422,-34.62824],[-58.34219,-34.62825],[-58.34219,-34.62825],[-58.34212,-34.6283],[-58.34206,-34.62836],[-58.34187,-34.62851],[-58.34183,-34.62855],[-58.34182,-34.62856],[-58.34181,-34.62855],[-58.34177,-34.62851],[-58.34176,-34.62851],[-58.34172,-34.62848],[-58.34172,-34.62848],[-58.3417,-34.62848],[-58.34165,-34.62851],[-58.34164,-34.62851],[-58.34161,-34.62854],[-58.34161,-34.62855],[-58.34161,-34.62855],[-58.34161,-34.62856],[-58.34159,-34.62858],[-58.34159,-34.62858],[-58.34164,-34.62862],[-58.34164,-34.62862],[-58.34164,-34.62862],[-58.34169,-34.62866],[-58.34167,-34.62868],[-58.34167,-34.62868],[-58.3414,-34.62889],[-58.3414,-34.6289],[-58.3414,-34.6289],[-58.34141,-34.62895],[-58.34141,-34.62895],[-58.34156,-34.62908],[-58.34167,-34.62911],[-58.34169,-34.62911],[-58.34179,-34.62914],[-58.34187,-34.62916],[-58.34187,-34.62916],[-58.34185,-34.62921],[-58.34185,-34.62921],[-58.342,-34.62927],[-58.342,-34.62927],[-58.34201,-34.62927],[-58.34201,-34.62927],[-58.34203,-34.62922],[-58.34204,-34.6292],[-58.34205,-34.6292],[-58.34221,-34.62925],[-58.34238,-34.6293],[-58.34238,-34.6293],[-58.34238,-34.6293],[-58.34238,-34.62932],[-58.34236,-34.62937],[-58.34237,-34.62938],[-58.34236,-34.6294],[-58.34236,-34.6294],[-58.34238,-34.62941],[-58.34243,-34.62942],[-58.34251,-34.62945],[-58.34251,-34.62945],[-58.34251,-34.62945],[-58.34251,-34.62945],[-58.34253,-34.62941],[-58.34254,-34.62936],[-58.34254,-34.62936],[-58.34255,-34.62935],[-58.34256,-34.62935],[-58.34285,-34.62943],[-58.34285,-34.62943],[-58.34319,-34.62914],[-58.34319,-34.62914],[-58.34328,-34.6292],[-58.34329,-34.6292],[-58.34332,-34.62922],[-58.34333,-34.62922],[-58.3434,-34.62915],[-58.3434,-34.62914],[-58.3434,-34.62914],[-58.34339,-34.62913],[-58.34339,-34.62913],[-58.3434,-34.62913],[-58.3434,-34.62913],[-58.34341,-34.62912],[-58.34338,-34.62909],[-58.34332,-34.62904],[-58.34332,-34.62904],[-58.34346,-34.62893],[-58.34346,-34.62893],[-58.34365,-34.62878],[-58.34369,-34.62874],[-58.3437,-34.62875],[-58.3437,-34.62875],[-58.3437,-34.62875],[-58.34378,-34.62882],[-58.34379,-34.62881],[-58.3439,-34.62872],[-58.34392,-34.62871],[-58.34389,-34.62869],[-58.34382,-34.62863],[-58.34419,-34.62833],[-58.34419,-34.62833],[-58.34419,-34.62833],[-58.34419,-34.62833],[-58.3442,-34.62832],[-58.34421,-34.62832],[-58.34432,-34.62842],[-58.34432,-34.62842],[-58.34432,-34.62841],[-58.34441,-34.62835],[-58.34442,-34.62831],[-58.34435,-34.62825],[-58.34432,-34.62822],[-58.34432,-34.62822],[-58.34431,-34.62821],[-58.34432,-34.62821],[-58.34458,-34.628],[-58.34497,-34.62832],[-58.34502,-34.62837],[-58.34502,-34.62837],[-58.34502,-34.62837],[-58.34502,-34.62837],[-58.34503,-34.62836],[-58.34503,-34.62836],[-58.34503,-34.62836],[-58.34503,-34.62836],[-58.34504,-34.62836],[-58.34504,-34.62836],[-58.34504,-34.62836],[-58.34504,-34.62836],[-58.34504,-34.62836],[-58.34504,-34.62836],[-58.34504,-34.62836],[-58.34528,-34.62856],[-58.34528,-34.62856],[-58.34528,-34.62856],[-58.34528,-34.62856],[-58.34528,-34.62856],[-58.34528,-34.62856],[-58.34528,-34.62856],[-58.34528,-34.62856],[-58.34528,-34.62857],[-58.34528,-34.62857],[-58.34528,-34.62857],[-58.34528,-34.62857],[-58.34528,-34.62857],[-58.34527,-34.62858],[-58.34527,-34.62858],[-58.34527,-34.62858],[-58.34528,-34.62858],[-58.34528,-34.62858],[-58.34528,-34.62858],[-58.34528,-34.62858],[-58.3453,-34.6286],[-58.3453,-34.6286],[-58.34538,-34.62866],[-58.34538,-34.62866],[-58.34538,-34.62866],[-58.34538,-34.62866],[-58.34601,-34.62814],[-58.34638,-34.62785],[-58.34705,-34.62728],[-58.34705,-34.62728],[-58.34706,-34.62729],[-58.34727,-34.62745],[-58.34779,-34.62788],[-58.34779,-34.62788],[-58.3487,-34.62863],[-58.3487,-34.62863],[-58.34876,-34.62868],[-58.34876,-34.62868],[-58.34877,-34.62875],[-58.34843,-34.62879],[-58.34844,-34.62895],[-58.34844,-34.62895],[-58.34845,-34.62895],[-58.34878,-34.62892],[-58.34878,-34.62892],[-58.34878,-34.62892],[-58.34878,-34.62894],[-58.34879,-34.62902],[-58.34879,-34.62908],[-58.34877,-34.62915],[-58.34875,-34.62922],[-58.34871,-34.6293],[-58.34869,-34.62934],[-58.34869,-34.62935],[-58.34857,-34.62937],[-58.34848,-34.62939],[-58.34848,-34.62941],[-58.34848,-34.62941],[-58.34847,-34.62979],[-58.34847,-34.62982],[-58.34844,-34.62986],[-58.34844,-34.62986],[-58.34844,-34.62986],[-58.34808,-34.62991],[-58.348,-34.62992],[-58.34797,-34.62994],[-58.34797,-34.62994],[-58.34793,-34.63004],[-58.3479,-34.63011],[-58.34791,-34.63013],[-58.34791,-34.63013],[-58.34792,-34.63013],[-58.34813,-34.6301],[-58.34827,-34.63009],[-58.34827,-34.63009],[-58.34827,-34.63009],[-58.34831,-34.63027],[-58.34826,-34.63034],[-58.34814,-34.63042],[-58.34808,-34.63078],[-58.34799,-34.63098],[-58.34793,-34.63115],[-58.34787,-34.63117],[-58.34785,-34.63117],[-58.34785,-34.63117],[-58.34783,-34.63113],[-58.34782,-34.63108],[-58.34776,-34.63091],[-58.34776,-34.63091],[-58.34776,-34.63091],[-58.34769,-34.63092],[-58.34777,-34.63119],[-58.3477,-34.63132],[-58.34757,-34.63139],[-58.3474,-34.63143],[-58.34726,-34.63147],[-58.34714,-34.63147],[-58.34698,-34.6315],[-58.3469,-34.63149],[-58.34685,-34.63151],[-58.34676,-34.63148],[-58.34676,-34.63148],[-58.34674,-34.63142],[-58.34674,-34.63142],[-58.34674,-34.63142],[-58.34615,-34.63154],[-58.3461,-34.63166],[-58.3461,-34.63166],[-58.34715,-34.63194],[-58.34715,-34.63194],[-58.34751,-34.63205],[-58.34759,-34.63207],[-58.34761,-34.63208],[-58.34763,-34.6321],[-58.34763,-34.6321],[-58.34765,-34.63211],[-58.34767,-34.63213],[-58.34768,-34.63215],[-58.34769,-34.63217],[-58.34769,-34.63218],[-58.34769,-34.6322],[-58.34769,-34.63221],[-58.34769,-34.63221],[-58.34769,-34.63222],[-58.3477,-34.63223],[-58.3477,-34.63223],[-58.34771,-34.63223],[-58.3479,-34.63229],[-58.3485,-34.63247],[-58.34853,-34.63248],[-58.34868,-34.63249],[-58.34901,-34.6325],[-58.34901,-34.6325],[-58.34904,-34.63251],[-58.34907,-34.63255],[-58.34956,-34.63244],[-58.35015,-34.63232],[-58.35015,-34.63232],[-58.35023,-34.63225],[-58.35092,-34.63158],[-58.35114,-34.63135],[-58.35126,-34.63117],[-58.35134,-34.63098],[-58.35168,-34.63016],[-58.35189,-34.62968],[-58.35195,-34.62952],[-58.35195,-34.62952],[-58.35195,-34.62952],[-58.35208,-34.62923],[-58.3521,-34.62922],[-58.3522,-34.62919],[-58.35231,-34.62908],[-58.35239,-34.62901],[-58.35239,-34.62901],[-58.35239,-34.62901],[-58.35257,-34.62907],[-58.3527,-34.62911],[-58.35288,-34.62916],[-58.35288,-34.62916],[-58.35299,-34.62916],[-58.35299,-34.62916],[-58.353,-34.62916],[-58.35329,-34.62883],[-58.35343,-34.62868],[-58.35363,-34.62844],[-58.35397,-34.62809],[-58.35416,-34.62796],[-58.35417,-34.62795],[-58.3546,-34.62767],[-58.35476,-34.62757],[-58.35488,-34.62749],[-58.35517,-34.62731],[-58.35619,-34.62665],[-58.3562,-34.62665],[-58.35634,-34.62656],[-58.35719,-34.626],[-58.35718,-34.62598],[-58.3603,-34.62394],[-58.3603,-34.62394],[-58.36035,-34.624],[-58.36035,-34.624],[-58.36036,-34.62399],[-58.36038,-34.62398],[-58.36044,-34.62394],[-58.36051,-34.6239],[-58.36051,-34.6239],[-58.36052,-34.62389],[-58.36052,-34.62389],[-58.36075,-34.62412],[-58.36081,-34.62419],[-58.36086,-34.62424],[-58.36087,-34.62423],[-58.36097,-34.62416],[-58.36123,-34.624],[-58.3613,-34.62395],[-58.36131,-34.62394],[-58.36131,-34.62394],[-58.36131,-34.62394],[-58.3614,-34.62388],[-58.36144,-34.62385],[-58.36149,-34.62382],[-58.36158,-34.62376],[-58.36162,-34.62374],[-58.36163,-34.62373],[-58.36164,-34.62373],[-58.36166,-34.62371],[-58.36167,-34.62371],[-58.36169,-34.62369],[-58.3617,-34.62368],[-58.36171,-34.62368],[-58.36175,-34.62365],[-58.36177,-34.62364],[-58.36177,-34.62364],[-58.36177,-34.62364],[-58.36189,-34.62376],[-58.36192,-34.62379],[-58.36192,-34.62379],[-58.36191,-34.62379],[-58.36191,-34.6238],[-58.36191,-34.6238],[-58.3619,-34.6238],[-58.3619,-34.6238],[-58.3619,-34.6238],[-58.36188,-34.62382],[-58.36188,-34.62382],[-58.36187,-34.62382],[-58.36187,-34.62382],[-58.36187,-34.62382],[-58.36186,-34.62383],[-58.36186,-34.62383],[-58.36185,-34.62384],[-58.36185,-34.62384],[-58.36183,-34.62385],[-58.36183,-34.62385],[-58.36182,-34.62386],[-58.36182,-34.62386],[-58.3618,-34.62387],[-58.3618,-34.62387],[-58.3618,-34.62387],[-58.3618,-34.62387],[-58.36179,-34.62388],[-58.36178,-34.62388],[-58.36177,-34.62389],[-58.36177,-34.62389],[-58.36176,-34.6239],[-58.36176,-34.6239],[-58.36175,-34.62391],[-58.36174,-34.62391],[-58.36174,-34.62391],[-58.36173,-34.62392],[-58.36173,-34.62392],[-58.36171,-34.62393],[-58.36171,-34.62393],[-58.36169,-34.62394],[-58.36169,-34.62394],[-58.36163,-34.62398],[-58.36163,-34.62398],[-58.36156,-34.62403],[-58.36156,-34.62403],[-58.36155,-34.62404],[-58.36155,-34.62404],[-58.36154,-34.62404],[-58.36154,-34.62404],[-58.36153,-34.62405],[-58.36153,-34.62405],[-58.36152,-34.62406],[-58.36152,-34.62406],[-58.36149,-34.62408],[-58.36149,-34.62408],[-58.36146,-34.62409],[-58.36146,-34.62409],[-58.36144,-34.62411],[-58.36144,-34.62411],[-58.36142,-34.62412],[-58.36142,-34.62412],[-58.36136,-34.62417],[-58.36136,-34.62417],[-58.36134,-34.62418],[-58.36134,-34.62418],[-58.36131,-34.6242],[-58.36131,-34.6242],[-58.36129,-34.62421],[-58.36129,-34.62421],[-58.36121,-34.62426],[-58.36121,-34.62426],[-58.36118,-34.62428],[-58.36118,-34.62428],[-58.3611,-34.62434],[-58.3611,-34.62434],[-58.36105,-34.62437],[-58.36105,-34.62437],[-58.36104,-34.62437],[-58.36104,-34.62437],[-58.36104,-34.62438],[-58.36104,-34.62438],[-58.36104,-34.62438],[-58.36103,-34.62438],[-58.36103,-34.62439],[-58.36102,-34.62439],[-58.36102,-34.6244],[-58.36102,-34.6244],[-58.36102,-34.62441],[-58.36102,-34.62442],[-58.36102,-34.62442],[-58.36102,-34.62443],[-58.36103,-34.62443],[-58.36103,-34.62443],[-58.36103,-34.62443],[-58.36103,-34.62444],[-58.36103,-34.62444],[-58.36105,-34.62445],[-58.36105,-34.62445],[-58.36106,-34.62446],[-58.36106,-34.62447],[-58.36109,-34.6245],[-58.3611,-34.62451],[-58.36111,-34.62452],[-58.36111,-34.62452],[-58.36113,-34.62454],[-58.36113,-34.62454],[-58.36114,-34.62455],[-58.36115,-34.62456],[-58.36119,-34.6246],[-58.36119,-34.6246],[-58.3612,-34.62461],[-58.3612,-34.62461],[-58.36121,-34.62462],[-58.36121,-34.62462],[-58.36122,-34.62464],[-58.36122,-34.62464],[-58.36125,-34.62467],[-58.36125,-34.62467],[-58.36127,-34.62468],[-58.36127,-34.62468],[-58.36127,-34.62468],[-58.36127,-34.62468],[-58.3612,-34.62473],[-58.36094,-34.6249],[-58.36077,-34.625],[-58.36077,-34.625],[-58.359,-34.62615],[-58.35746,-34.62714],[-58.35744,-34.62715],[-58.35738,-34.62719],[-58.35585,-34.62819],[-58.35547,-34.62847],[-58.35513,-34.62877],[-58.35489,-34.629],[-58.35469,-34.62923],[-58.35429,-34.62977],[-58.35427,-34.6298],[-58.35421,-34.62989],[-58.35419,-34.62992],[-58.35412,-34.63003],[-58.35407,-34.63011],[-58.35404,-34.63016],[-58.35398,-34.63028],[-58.35392,-34.6304],[-58.35384,-34.63058],[-58.35379,-34.63067],[-58.35375,-34.63078],[-58.35372,-34.63086],[-58.35371,-34.63088],[-58.35368,-34.63096],[-58.35364,-34.63106],[-58.35362,-34.63115],[-58.35347,-34.63158],[-58.35277,-34.63356],[-58.35303,-34.63439],[-58.3532,-34.63493],[-58.3532,-34.63494],[-58.35325,-34.63511],[-58.35329,-34.63519],[-58.35329,-34.6352],[-58.35332,-34.63526],[-58.35338,-34.63541],[-58.35339,-34.63542],[-58.35347,-34.63561],[-58.35348,-34.63564],[-58.35351,-34.63571],[-58.35354,-34.63575],[-58.35382,-34.6361],[-58.35391,-34.63622],[-58.35391,-34.63622],[-58.35401,-34.63634],[-58.35401,-34.63634],[-58.35407,-34.63642],[-58.35407,-34.63642],[-58.35414,-34.63652],[-58.35414,-34.63652],[-58.35487,-34.63691],[-58.35492,-34.63693],[-58.35525,-34.6371],[-58.35605,-34.63754],[-58.35605,-34.63754],[-58.35609,-34.63759],[-58.35613,-34.63763],[-58.35623,-34.63774],[-58.3565,-34.63804],[-58.35652,-34.63807],[-58.35659,-34.63814],[-58.35659,-34.63814],[-58.35659,-34.63815],[-58.35659,-34.63815],[-58.35663,-34.63819],[-58.35664,-34.6382],[-58.35666,-34.63822],[-58.35666,-34.63823],[-58.3567,-34.63826],[-58.3567,-34.63827],[-58.35672,-34.63829],[-58.35673,-34.6383],[-58.35673,-34.6383],[-58.35676,-34.63834],[-58.35676,-34.63834],[-58.35686,-34.63844],[-58.35686,-34.63844],[-58.35692,-34.63851],[-58.35696,-34.63856],[-58.35697,-34.63857],[-58.35697,-34.63857],[-58.35697,-34.63857],[-58.3576,-34.63895],[-58.35769,-34.639],[-58.35786,-34.6391],[-58.3579,-34.63912],[-58.35797,-34.63916],[-58.35797,-34.63917],[-58.35803,-34.6392],[-58.35803,-34.6392],[-58.35804,-34.6392],[-58.35805,-34.6392],[-58.35896,-34.63919],[-58.36017,-34.63919],[-58.3603,-34.63919],[-58.36031,-34.63919],[-58.36035,-34.63919],[-58.36036,-34.63919],[-58.36037,-34.63919],[-58.36037,-34.63919],[-58.36045,-34.63921],[-58.36047,-34.63922],[-58.36052,-34.63923],[-58.36055,-34.63924],[-58.3609,-34.63933],[-58.36094,-34.63934],[-58.36095,-34.63935],[-58.36113,-34.63939],[-58.36113,-34.63939],[-58.36136,-34.63975],[-58.36138,-34.63977],[-58.36139,-34.63978],[-58.36144,-34.63987],[-58.36143,-34.63989],[-58.36143,-34.63989],[-58.36143,-34.63989],[-58.36112,-34.64039],[-58.36111,-34.6404],[-58.36098,-34.64061],[-58.36098,-34.64061],[-58.36091,-34.64072],[-58.3609,-34.64072],[-58.3599,-34.64107],[-58.35986,-34.64108],[-58.35972,-34.64113],[-58.35971,-34.64113],[-58.35946,-34.64122],[-58.35946,-34.64122],[-58.35942,-34.64123],[-58.35942,-34.64123],[-58.35937,-34.64125],[-58.35937,-34.64125],[-58.35935,-34.64125],[-58.35935,-34.64125],[-58.35916,-34.64132],[-58.35915,-34.64132],[-58.35911,-34.64134],[-58.35911,-34.64134],[-58.35888,-34.64142],[-58.35886,-34.64142],[-58.35857,-34.64152],[-58.35855,-34.64153],[-58.35854,-34.64153],[-58.35854,-34.64153],[-58.35853,-34.64154],[-58.35852,-34.64154],[-58.35849,-34.64155],[-58.35833,-34.64169],[-58.35813,-34.64187],[-58.35786,-34.64252],[-58.35784,-34.64258],[-58.35777,-34.64275],[-58.35748,-34.64346],[-58.35747,-34.6435],[-58.35747,-34.64351],[-58.35745,-34.64357],[-58.35745,-34.64357],[-58.35744,-34.64361],[-58.35744,-34.64361],[-58.35742,-34.64369],[-58.35742,-34.64369],[-58.3574,-34.64375],[-58.3574,-34.64376],[-58.3574,-34.64377],[-58.35739,-34.64378],[-58.35739,-34.64379],[-58.35736,-34.6439],[-58.35736,-34.6439],[-58.35733,-34.64404],[-58.35733,-34.64407],[-58.35747,-34.64454],[-58.35749,-34.6446],[-58.35757,-34.64488],[-58.35759,-34.64495],[-58.3576,-34.64498],[-58.3576,-34.64498],[-58.35774,-34.64503],[-58.35782,-34.64505],[-58.3581,-34.64515],[-58.3581,-34.64515],[-58.3583,-34.64522],[-58.35875,-34.64538],[-58.35892,-34.64547],[-58.35914,-34.6456],[-58.35916,-34.64561],[-58.35982,-34.64597],[-58.35982,-34.64597],[-58.36025,-34.64634],[-58.36026,-34.64634],[-58.36038,-34.64644],[-58.36089,-34.64687],[-58.36099,-34.64697],[-58.36113,-34.64712],[-58.3614,-34.6474],[-58.36144,-34.64744],[-58.36145,-34.64746],[-58.36147,-34.64748],[-58.36151,-34.64751],[-58.36158,-34.64758],[-58.36167,-34.64767],[-58.3618,-34.64777],[-58.3618,-34.64781],[-58.36183,-34.64784],[-58.36239,-34.64814],[-58.3624,-34.64814],[-58.36308,-34.64816],[-58.36308,-34.64816],[-58.36391,-34.6481],[-58.36392,-34.6481],[-58.36392,-34.6481],[-58.36434,-34.64822],[-58.36434,-34.64822],[-58.36455,-34.64841],[-58.36464,-34.64849],[-58.3649,-34.64872],[-58.36495,-34.64876],[-58.36497,-34.64879],[-58.36498,-34.64879],[-58.365,-34.6488],[-58.36507,-34.64884],[-58.36509,-34.64885],[-58.36513,-34.64888],[-58.36615,-34.64938],[-58.36624,-34.64943],[-58.36698,-34.64979],[-58.36707,-34.64984],[-58.36762,-34.65012],[-58.36762,-34.65012],[-58.36765,-34.65014],[-58.36765,-34.65013],[-58.36768,-34.64995],[-58.36786,-34.64904],[-58.36808,-34.64793],[-58.36812,-34.64769],[-58.36816,-34.64745],[-58.36818,-34.64733],[-58.36828,-34.64667],[-58.36831,-34.64644],[-58.36834,-34.64622],[-58.36836,-34.64608],[-58.3684,-34.64585],[-58.36843,-34.64564],[-58.36853,-34.64494],[-58.36856,-34.64473],[-58.36859,-34.64454],[-58.36865,-34.64413],[-58.3687,-34.64381],[-58.36874,-34.64351],[-58.36883,-34.64292],[-58.36897,-34.64195],[-58.36906,-34.64132],[-58.36909,-34.64112],[-58.36925,-34.64011],[-58.36929,-34.63982],[-58.36936,-34.6394],[-58.3694,-34.63917],[-58.36954,-34.63827],[-58.36957,-34.63802],[-58.36963,-34.63768],[-58.36967,-34.63737],[-58.36981,-34.63651],[-58.36992,-34.63578],[-58.36995,-34.63556],[-58.37011,-34.63456],[-58.37023,-34.63375],[-58.37025,-34.63362],[-58.37028,-34.63339],[-58.37034,-34.63292],[-58.37036,-34.63269],[-58.37044,-34.63193],[-58.37046,-34.63174],[-58.37054,-34.63081],[-58.37059,-34.63022],[-58.37062,-34.62991],[-58.37062,-34.62987],[-58.37064,-34.62973],[-58.37066,-34.62949],[-58.37066,-34.62949],[-58.37046,-34.62929],[-58.36963,-34.6285],[-58.36958,-34.62845],[-58.36945,-34.62832],[-58.3681,-34.62719],[-58.36795,-34.62714],[-58.36798,-34.6271],[-58.36798,-34.62708],[-58.36798,-34.627],[-58.36797,-34.62547],[-58.36798,-34.62519],[-58.36649,-34.62519],[-58.36649,-34.62519],[-58.36346,-34.62512],[-58.36346,-34.62512],[-58.36336,-34.62513],[-58.36326,-34.62513],[-58.3632,-34.62513],[-58.36308,-34.62501],[-58.36293,-34.62486],[-58.36284,-34.62475],[-58.36266,-34.62456],[-58.3626,-34.62451],[-58.3625,-34.6244],[-58.36247,-34.62437],[-58.36244,-34.62434],[-58.36242,-34.62432],[-58.36234,-34.62423],[-58.36202,-34.6239],[-58.362,-34.62387],[-58.36201,-34.62386],[-58.36197,-34.62383],[-58.36197,-34.62382],[-58.36195,-34.6238],[-58.36193,-34.62378],[-58.36193,-34.62378],[-58.36193,-34.62378],[-58.36187,-34.62373],[-58.36179,-34.62364],[-58.36178,-34.62363],[-58.36167,-34.62351],[-58.36165,-34.62351],[-58.36163,-34.62349],[-58.3616,-34.62346],[-58.36159,-34.62345],[-58.36157,-34.62343],[-58.36156,-34.62341],[-58.36144,-34.62329],[-58.36129,-34.62313],[-58.36128,-34.62312],[-58.36127,-34.62311],[-58.36124,-34.62308],[-58.36124,-34.62308],[-58.36097,-34.6228],[-58.36096,-34.62278],[-58.36088,-34.6227],[-58.36066,-34.62248],[-58.36066,-34.62247],[-58.36039,-34.62219],[-58.36038,-34.62218],[-58.36017,-34.62196],[-58.36012,-34.62191],[-58.36012,-34.62191],[-58.36003,-34.62182],[-58.36003,-34.62181],[-58.35987,-34.62164],[-58.35987,-34.62164],[-58.35952,-34.62128],[-58.35951,-34.62126],[-58.35946,-34.62121],[-58.35827,-34.61997],[-58.3574,-34.61905],[-58.35653,-34.61815],[-58.35652,-34.61813],[-58.35604,-34.61764],[-58.35604,-34.61763],[-58.35603,-34.61762],[-58.35602,-34.61761],[-58.35602,-34.61761],[-58.356,-34.61764],[-58.35596,-34.61775],[-58.35589,-34.61791],[-58.35586,-34.61801],[-58.35581,-34.61811],[-58.35563,-34.61853],[-58.3555,-34.61882],[-58.35543,-34.61896],[-58.3554,-34.61903],[-58.35522,-34.61941],[-58.35521,-34.61942],[-58.35521,-34.61943],[-58.35514,-34.61955],[-58.35514,-34.61955],[-58.35507,-34.61954],[-58.35505,-34.61954],[-58.35482,-34.61952],[-58.35429,-34.61947],[-58.35428,-34.61946],[-58.35425,-34.61946],[-58.35425,-34.61946],[-58.35425,-34.61946],[-58.35425,-34.61946],[-58.35408,-34.6197],[-58.35408,-34.6197],[-58.35408,-34.6197],[-58.35396,-34.61964],[-58.35392,-34.61961],[-58.3539,-34.6196],[-58.35375,-34.61953],[-58.3536,-34.61944],[-58.35352,-34.6194],[-58.35352,-34.6194],[-58.35352,-34.6194],[-58.35352,-34.6194],[-58.35352,-34.6194],[-58.35352,-34.6194],[-58.35309,-34.61954],[-58.35303,-34.61962],[-58.35294,-34.61975],[-58.35294,-34.61975],[-58.35293,-34.61975],[-58.35292,-34.61975],[-58.35275,-34.61976],[-58.3527,-34.61977],[-58.35259,-34.61957],[-58.35258,-34.61955],[-58.35257,-34.61954],[-58.35257,-34.61954],[-58.35257,-34.61954],[-58.35257,-34.61954],[-58.35257,-34.61954],[-58.35257,-34.61954],[-58.35257,-34.61954],[-58.35257,-34.61954],[-58.35255,-34.61954],[-58.35222,-34.61963],[-58.35222,-34.61963],[-58.35221,-34.61963],[-58.35217,-34.61963],[-58.35198,-34.61962],[-58.35192,-34.61962],[-58.35192,-34.61962],[-58.35179,-34.61954],[-58.35169,-34.61949],[-58.35168,-34.61948],[-58.35165,-34.61947],[-58.35152,-34.61939],[-58.35152,-34.61939],[-58.35147,-34.61936],[-58.35147,-34.61936],[-58.35156,-34.61933],[-58.35157,-34.61931],[-58.35162,-34.61923],[-58.35159,-34.61921],[-58.35156,-34.61919],[-58.35155,-34.61918],[-58.35153,-34.61917],[-58.35151,-34.61923],[-58.35147,-34.61928],[-58.35134,-34.61931],[-58.35134,-34.61931],[-58.35133,-34.61931],[-58.35132,-34.61931],[-58.35127,-34.61931],[-58.35126,-34.61931]]]}},{"type":"Feature","properties":{"barrio":"Boedo","comuna":5},"geometry":{"type":"Polygon","coordinates":[[[-58.41178,-34.63035],[-58.41178,-34.63036],[-58.41165,-34.63153],[-58.41164,-34.63165],[-58.41164,-34.6317],[-58.41152,-34.63285],[-58.41152,-34.63286],[-58.41148,-34.63297],[-58.41099,-34.63423],[-58.41088,-34.63451],[-58.41057,-34.63509],[-58.41049,-34.63524],[-58.41051,-34.63571],[-58.41071,-34.63633],[-58.41093,-34.63704],[-58.411,-34.63728],[-58.41126,-34.6381],[-58.41163,-34.63816],[-58.41188,-34.6382],[-58.41207,-34.63823],[-58.41319,-34.63843],[-58.41456,-34.63867],[-58.41585,-34.63889],[-58.41592,-34.63891],[-58.41609,-34.63894],[-58.41614,-34.63895],[-58.41709,-34.63911],[-58.41726,-34.63914],[-58.41844,-34.63933],[-58.41845,-34.63933],[-58.41845,-34.63933],[-58.41845,-34.63933],[-58.41846,-34.63933],[-58.41846,-34.63933],[-58.41847,-34.63933],[-58.41847,-34.63933],[-58.41848,-34.63933],[-58.41852,-34.63934],[-58.41862,-34.63936],[-58.41918,-34.63944],[-58.4193,-34.63945],[-58.41954,-34.6395],[-58.41976,-34.63953],[-58.41995,-34.63957],[-58.42092,-34.63974],[-58.42092,-34.63974],[-58.42231,-34.63999],[-58.42349,-34.6402],[-58.42376,-34.63917],[-58.42405,-34.63807],[-58.42428,-34.63717],[-58.42432,-34.63703],[-58.42439,-34.63678],[-58.42452,-34.63625],[-58.42453,-34.63622],[-58.42468,-34.63565],[-58.42486,-34.63488],[-58.42518,-34.6337],[-58.42522,-34.63355],[-58.42546,-34.63265],[-58.42553,-34.63236],[-58.42569,-34.63175],[-58.42575,-34.63148],[-58.4258,-34.63128],[-58.42585,-34.63106],[-58.42586,-34.63105],[-58.42593,-34.63069],[-58.42598,-34.63045],[-58.42602,-34.63027],[-58.42621,-34.62939],[-58.42625,-34.62923],[-58.42632,-34.62893],[-58.42635,-34.62877],[-58.42646,-34.62832],[-58.4265,-34.62811],[-58.42676,-34.627],[-58.42682,-34.62672],[-58.42697,-34.62605],[-58.42701,-34.62586],[-58.42704,-34.62573],[-58.42718,-34.62513],[-58.42724,-34.62485],[-58.42746,-34.62376],[-58.42749,-34.62361],[-58.4278,-34.62207],[-58.42662,-34.6219],[-58.42517,-34.62169],[-58.42509,-34.62168],[-58.42429,-34.62157],[-58.42428,-34.62156],[-58.42406,-34.62154],[-58.42404,-34.62154],[-58.42375,-34.62151],[-58.42372,-34.62151],[-58.4237,-34.6215],[-58.42352,-34.62149],[-58.42224,-34.62139],[-58.42221,-34.62139],[-58.42145,-34.62134],[-58.42097,-34.6213],[-58.4205,-34.62127],[-58.42024,-34.62125],[-58.41943,-34.62119],[-58.41807,-34.62109],[-58.41651,-34.62098],[-58.41611,-34.62095],[-58.4161,-34.62095],[-58.4151,-34.62086],[-58.41383,-34.62075],[-58.41255,-34.62064],[-58.41244,-34.62188],[-58.41236,-34.62187],[-58.41204,-34.62297],[-58.41234,-34.62303],[-58.41222,-34.62399],[-58.41213,-34.62478],[-58.4121,-34.62497],[-58.41207,-34.62514],[-58.41199,-34.6265],[-58.41197,-34.62684],[-58.41196,-34.62701],[-58.41193,-34.62759],[-58.41188,-34.62862],[-58.41184,-34.6292],[-58.41179,-34.63024],[-58.41178,-34.63035]]]}},{"type":"Feature","properties":{"barrio":"Caballito","comuna":6},"geometry":{"type":"Polygon","coordinates":[[[-58.4278,-34.62207],[-58.42749,-34.62361],[-58.42746,-34.62376],[-58.42724,-34.62485],[-58.42718,-34.62513],[-58.42704,-34.62573],[-58.42701,-34.62586],[-58.42697,-34.62605],[-58.42682,-34.62672],[-58.42676,-34.627],[-58.42708,-34.62704],[-58.42751,-34.62711],[-58.42816,-34.6272],[-58.42837,-34.62723],[-58.42964,-34.62741],[-58.43094,-34.6276],[-58.43234,-34.6278],[-58.43255,-34.62783],[-58.43382,-34.62802],[-58.43476,-34.62816],[-58.43565,-34.62829],[-58.43717,-34.62851],[-58.43859,-34.62872],[-58.43953,-34.62885],[-58.44176,-34.62918],[-58.44293,-34.62935],[-58.44448,-34.62958],[-58.44606,-34.62982],[-58.44642,-34.62987],[-58.44751,-34.63004],[-58.44822,-34.63014],[-58.44844,-34.63018],[-58.44905,-34.63027],[-58.44936,-34.63031],[-58.4505,-34.63048],[-58.45158,-34.63064],[-58.452,-34.62974],[-58.4521,-34.62952],[-58.45257,-34.62854],[-58.45267,-34.62833],[-58.45267,-34.62833],[-58.45267,-34.62833],[-58.45287,-34.62792],[-58.45344,-34.62678],[-58.45394,-34.62576],[-58.45402,-34.62565],[-58.45403,-34.62563],[-58.45458,-34.62448],[-58.45478,-34.62405],[-58.45505,-34.62345],[-58.45556,-34.62234],[-58.45608,-34.6212],[-58.45662,-34.62001],[-58.45723,-34.61869],[-58.4573,-34.61854],[-58.45777,-34.61751],[-58.4582,-34.61656],[-58.4585,-34.6159],[-58.45903,-34.61473],[-58.45945,-34.61388],[-58.45954,-34.61374],[-58.46004,-34.61276],[-58.46049,-34.61186],[-58.46055,-34.61172],[-58.46108,-34.61067],[-58.46164,-34.60952],[-58.46219,-34.60841],[-58.4627,-34.60737],[-58.46251,-34.60724],[-58.46215,-34.607],[-58.46162,-34.60664],[-58.46154,-34.60658],[-58.46051,-34.60589],[-58.45965,-34.6053],[-58.45951,-34.60521],[-58.45878,-34.60471],[-58.45847,-34.60449],[-58.45808,-34.60459],[-58.45656,-34.60499],[-58.4558,-34.60518],[-58.45553,-34.60526],[-58.45498,-34.6054],[-58.454,-34.60565],[-58.45307,-34.60589],[-58.45296,-34.60592],[-58.45243,-34.60606],[-58.45202,-34.60617],[-58.45151,-34.6063],[-58.45105,-34.60641],[-58.45101,-34.60642],[-58.45099,-34.60643],[-58.45074,-34.60649],[-58.45066,-34.60651],[-58.45024,-34.60662],[-58.44929,-34.60686],[-58.44906,-34.60691],[-58.44704,-34.60742],[-58.44625,-34.60762],[-58.44568,-34.60736],[-58.44513,-34.60717],[-58.44417,-34.60692],[-58.44298,-34.60661],[-58.44283,-34.60657],[-58.4416,-34.60624],[-58.44147,-34.6062],[-58.44034,-34.60589],[-58.44014,-34.60584],[-58.43929,-34.60561],[-58.4392,-34.60558],[-58.43851,-34.60523],[-58.43798,-34.60496],[-58.43719,-34.60456],[-58.43718,-34.60455],[-58.43706,-34.60449],[-58.43705,-34.60449],[-58.43705,-34.60449],[-58.43703,-34.60448],[-58.43685,-34.6044],[-58.43662,-34.60428],[-58.43534,-34.60367],[-58.43515,-34.60357],[-58.43497,-34.60348],[-58.43392,-34.60296],[-58.43387,-34.60294],[-58.43334,-34.60267],[-58.43233,-34.60393],[-58.43153,-34.60494],[-58.43067,-34.60594],[-58.43061,-34.60705],[-58.43056,-34.60775],[-58.43055,-34.60792],[-58.43051,-34.60851],[-58.43048,-34.60872],[-58.43042,-34.60946],[-58.43037,-34.61017],[-58.43033,-34.61091],[-58.43032,-34.61113],[-58.43026,-34.61176],[-58.43023,-34.6119],[-58.43013,-34.61333],[-58.43009,-34.61401],[-58.43003,-34.61545],[-58.42925,-34.6151],[-58.42922,-34.61526],[-58.42879,-34.61719],[-58.42859,-34.61811],[-58.42859,-34.61812],[-58.42855,-34.61829],[-58.42832,-34.61942],[-58.42829,-34.61959],[-58.42828,-34.61962],[-58.42807,-34.62068],[-58.42794,-34.62133],[-58.42784,-34.62183],[-58.4278,-34.62207]]]}},{"type":"Feature","properties":{"barrio":"Chacarita","comuna":15},"geometry":{"type":"Polygon","coordinates":[[[-58.46023,-34.5783],[-58.4602,-34.5783],[-58.4601,-34.5783],[-58.45979,-34.57831],[-58.4597,-34.57832],[-58.45854,-34.57839],[-58.45776,-34.57844],[-58.45774,-34.57844],[-58.45734,-34.57855],[-58.45716,-34.5786],[-58.45715,-34.5786],[-58.45597,-34.57892],[-58.4554,-34.57907],[-58.45486,-34.57924],[-58.45353,-34.57967],[-58.45302,-34.57983],[-58.45219,-34.5801],[-58.45214,-34.58012],[-58.45202,-34.58015],[-58.45125,-34.5804],[-58.45102,-34.58048],[-58.45101,-34.58048],[-58.45095,-34.5805],[-58.45052,-34.58067],[-58.45,-34.58088],[-58.44968,-34.58101],[-58.4496,-34.58104],[-58.44944,-34.5811],[-58.44919,-34.58119],[-58.44846,-34.58146],[-58.44839,-34.58148],[-58.44833,-34.58151],[-58.44829,-34.58152],[-58.44828,-34.58152],[-58.44828,-34.58153],[-58.44805,-34.58162],[-58.44709,-34.58203],[-58.44618,-34.58243],[-58.44579,-34.5826],[-58.44464,-34.58309],[-58.44447,-34.58316],[-58.44445,-34.58317],[-58.44441,-34.58319],[-58.4444,-34.58319],[-58.4444,-34.58319],[-58.44479,-34.58451],[-58.44459,-34.58467],[-58.44348,-34.5854],[-58.44243,-34.5861],[-58.4414,-34.58678],[-58.44109,-34.58698],[-58.44016,-34.5876],[-58.43939,-34.58811],[-58.43862,-34.58862],[-58.43855,-34.58866],[-58.43854,-34.58867],[-58.43854,-34.58867],[-58.43858,-34.58869],[-58.43864,-34.58872],[-58.4506,-34.5944],[-58.45063,-34.59442],[-58.45096,-34.59466],[-58.45171,-34.59521],[-58.45189,-34.59534],[-58.45208,-34.59548],[-58.45261,-34.59584],[-58.45282,-34.59599],[-58.45366,-34.59656],[-58.45377,-34.59663],[-58.45382,-34.59667],[-58.4548,-34.59735],[-58.45548,-34.59783],[-58.45592,-34.5977],[-58.45601,-34.59767],[-58.45606,-34.59765],[-58.45624,-34.59759],[-58.45649,-34.5975],[-58.45707,-34.5973],[-58.45761,-34.59712],[-58.45783,-34.59704],[-58.45793,-34.597],[-58.45794,-34.597],[-58.45794,-34.597],[-58.45803,-34.59698],[-58.45825,-34.59693],[-58.45921,-34.59669],[-58.45928,-34.59668],[-58.46077,-34.59659],[-58.46101,-34.59658],[-58.4615,-34.59655],[-58.46151,-34.59655],[-58.46232,-34.59651],[-58.46248,-34.5965],[-58.46252,-34.5965],[-58.46377,-34.59643],[-58.46386,-34.59643],[-58.46461,-34.59648],[-58.46516,-34.59658],[-58.46516,-34.59658],[-58.46527,-34.5966],[-58.46534,-34.59661],[-58.46545,-34.59662],[-58.46554,-34.59665],[-58.46562,-34.5967],[-58.46558,-34.59656],[-58.46555,-34.59648],[-58.46551,-34.59634],[-58.46545,-34.59615],[-58.4652,-34.59534],[-58.46507,-34.5949],[-58.46483,-34.59404],[-58.46445,-34.59279],[-58.46438,-34.59255],[-58.46441,-34.59247],[-58.46503,-34.59194],[-58.46588,-34.59121],[-58.46605,-34.59109],[-58.46639,-34.59086],[-58.46653,-34.59077],[-58.46659,-34.59074],[-58.46683,-34.59059],[-58.46578,-34.5896],[-58.46453,-34.58842],[-58.46307,-34.58706],[-58.46298,-34.58698],[-58.46195,-34.58611],[-58.46187,-34.58604],[-58.46146,-34.58583],[-58.46038,-34.58553],[-58.46041,-34.5854],[-58.46045,-34.58529],[-58.46043,-34.5852],[-58.46047,-34.58504],[-58.46054,-34.58494],[-58.46054,-34.58405],[-58.46053,-34.58295],[-58.46053,-34.58185],[-58.46053,-34.58077],[-58.46053,-34.57967],[-58.46053,-34.57829],[-58.46052,-34.57829],[-58.46023,-34.5783]]]}},{"type":"Feature","properties":{"barrio":"Coghlan","comuna":12},"geometry":{"type":"Polygon","coordinates":[[[-58.46918,-34.55893],[-58.46893,-34.55921],[-58.46847,-34.55972],[-58.46774,-34.56053],[-58.46704,-34.56132],[-58.46768,-34.56169],[-58.46691,-34.56201],[-58.46649,-34.56219],[-58.46658,-34.56225],[-58.46754,-34.56297],[-58.46765,-34.56305],[-58.46861,-34.56368],[-58.46961,-34.56433],[-58.47044,-34.56487],[-58.47065,-34.56501],[-58.47137,-34.56545],[-58.47242,-34.5661],[-58.47296,-34.56642],[-58.47299,-34.56644],[-58.47353,-34.56655],[-58.47361,-34.56657],[-58.47459,-34.56681],[-58.47466,-34.56674],[-58.47467,-34.56674],[-58.47512,-34.56622],[-58.47619,-34.56685],[-58.47636,-34.5667],[-58.47718,-34.56597],[-58.47815,-34.5651],[-58.47912,-34.56424],[-58.47931,-34.56407],[-58.47905,-34.56393],[-58.47954,-34.56377],[-58.47972,-34.5637],[-58.47991,-34.56361],[-58.48007,-34.56351],[-58.48037,-34.56332],[-58.48023,-34.56324],[-58.48098,-34.56264],[-58.48116,-34.5625],[-58.48356,-34.5591],[-58.48341,-34.55903],[-58.48245,-34.5585],[-58.48154,-34.55799],[-58.48081,-34.55758],[-58.48063,-34.55748],[-58.48053,-34.55742],[-58.47972,-34.55697],[-58.47935,-34.55676],[-58.47882,-34.55646],[-58.47791,-34.55596],[-58.47699,-34.55544],[-58.47608,-34.55493],[-58.47518,-34.55442],[-58.47425,-34.55391],[-58.47393,-34.55373],[-58.47359,-34.55353],[-58.47298,-34.55432],[-58.47298,-34.55432],[-58.47274,-34.55464],[-58.47245,-34.55502],[-58.47185,-34.55579],[-58.47156,-34.55616],[-58.47087,-34.55703],[-58.47007,-34.55795],[-58.46965,-34.55842],[-58.46918,-34.55893]]]}},{"type":"Feature","properties":{"barrio":"Colegiales","comuna":13},"geometry":{"type":"Polygon","coordinates":[[[-58.44905,-34.56785],[-58.44864,-34.56807],[-58.44813,-34.56833],[-58.44704,-34.56889],[-58.44669,-34.56907],[-58.4465,-34.56916],[-58.44571,-34.56955],[-58.44489,-34.56995],[-58.44411,-34.57033],[-58.44383,-34.57047],[-58.44364,-34.57056],[-58.44296,-34.57092],[-58.44255,-34.57113],[-58.4422,-34.5713],[-58.44195,-34.57145],[-58.44075,-34.57211],[-58.4417,-34.57307],[-58.44242,-34.5738],[-58.44314,-34.57452],[-58.44354,-34.57493],[-58.44397,-34.57536],[-58.44376,-34.5755],[-58.44292,-34.57604],[-58.44273,-34.57616],[-58.44257,-34.57628],[-58.44188,-34.57677],[-58.44182,-34.57682],[-58.44089,-34.5778],[-58.44022,-34.57832],[-58.43994,-34.57855],[-58.44053,-34.5791],[-58.44154,-34.58004],[-58.44158,-34.58007],[-58.44228,-34.58073],[-58.44251,-34.58094],[-58.44342,-34.58179],[-58.44343,-34.5818],[-58.44376,-34.58223],[-58.44378,-34.58225],[-58.44445,-34.58317],[-58.44445,-34.58317],[-58.44447,-34.58316],[-58.44464,-34.58309],[-58.44579,-34.5826],[-58.44618,-34.58243],[-58.44709,-34.58203],[-58.44805,-34.58162],[-58.44828,-34.58153],[-58.44828,-34.58152],[-58.44829,-34.58152],[-58.44833,-34.58151],[-58.44839,-34.58148],[-58.44846,-34.58146],[-58.44919,-34.58119],[-58.44944,-34.5811],[-58.4496,-34.58104],[-58.44968,-34.58101],[-58.45,-34.58088],[-58.45052,-34.58067],[-58.45095,-34.5805],[-58.45101,-34.58048],[-58.45102,-34.58048],[-58.45125,-34.5804],[-58.45202,-34.58015],[-58.45214,-34.58012],[-58.45219,-34.5801],[-58.45302,-34.57983],[-58.45353,-34.57967],[-58.45486,-34.57924],[-58.4554,-34.57907],[-58.45597,-34.57892],[-58.45715,-34.5786],[-58.45716,-34.5786],[-58.45734,-34.57855],[-58.45774,-34.57844],[-58.45776,-34.57844],[-58.45854,-34.57839],[-58.4597,-34.57832],[-58.45979,-34.57831],[-58.4601,-34.5783],[-58.4602,-34.5783],[-58.46023,-34.5783],[-58.46055,-34.57794],[-58.46063,-34.57785],[-58.46161,-34.57684],[-58.46225,-34.57617],[-58.46238,-34.57603],[-58.46319,-34.57511],[-58.46336,-34.57501],[-58.4629,-34.57459],[-58.46252,-34.5742],[-58.46173,-34.57343],[-58.46138,-34.57309],[-58.46088,-34.57261],[-58.46026,-34.57201],[-58.45968,-34.57144],[-58.45879,-34.57058],[-58.45799,-34.56979],[-58.45771,-34.56953],[-58.45763,-34.569],[-58.45748,-34.56911],[-58.45658,-34.56858],[-58.45631,-34.56843],[-58.45568,-34.56806],[-58.45479,-34.56754],[-58.45394,-34.56704],[-58.45388,-34.567],[-58.45375,-34.56693],[-58.45229,-34.56611],[-58.45172,-34.56641],[-58.45159,-34.56648],[-58.45095,-34.56683],[-58.45078,-34.56692],[-58.45016,-34.56726],[-58.44993,-34.56738],[-58.44905,-34.56785]]]}},{"type":"Feature","properties":{"barrio":"Constitucion","comuna":1},"geometry":{"type":"Polygon","coordinates":[[[-58.37558,-34.6273],[-58.37661,-34.62786],[-58.37772,-34.62847],[-58.37794,-34.62861],[-58.37857,-34.62902],[-58.37872,-34.62912],[-58.37905,-34.62933],[-58.37897,-34.62956],[-58.37863,-34.63048],[-58.37863,-34.63048],[-58.37862,-34.6305],[-58.37862,-34.6305],[-58.37863,-34.63051],[-58.37912,-34.6314],[-58.37947,-34.63203],[-58.37952,-34.63214],[-58.37953,-34.63216],[-58.37951,-34.63221],[-58.37958,-34.63229],[-58.37964,-34.63236],[-58.38001,-34.63258],[-58.3801,-34.63263],[-58.38012,-34.63273],[-58.38015,-34.63303],[-58.38015,-34.63303],[-58.38125,-34.63307],[-58.38125,-34.63307],[-58.38125,-34.63305],[-58.38127,-34.63273],[-58.38127,-34.63273],[-58.38128,-34.63249],[-58.38128,-34.63236],[-58.38129,-34.63208],[-58.3813,-34.63186],[-58.38131,-34.63159],[-58.38131,-34.63158],[-58.38133,-34.63089],[-58.38134,-34.63084],[-58.38134,-34.63084],[-58.38134,-34.63084],[-58.38134,-34.63084],[-58.38134,-34.63084],[-58.38134,-34.63084],[-58.38134,-34.63084],[-58.38134,-34.63084],[-58.38141,-34.6309],[-58.38166,-34.63108],[-58.38174,-34.63114],[-58.38218,-34.63141],[-58.38263,-34.63168],[-58.3834,-34.63222],[-58.38399,-34.6324],[-58.38536,-34.6328],[-58.38542,-34.63282],[-58.38592,-34.63296],[-58.38652,-34.63314],[-58.38727,-34.63335],[-58.38763,-34.63345],[-58.38766,-34.63346],[-58.38846,-34.63368],[-58.38853,-34.6337],[-58.38854,-34.63371],[-58.38856,-34.63371],[-58.38864,-34.63373],[-58.38864,-34.63373],[-58.38877,-34.63376],[-58.38952,-34.63393],[-58.39036,-34.63412],[-58.39053,-34.63266],[-58.39056,-34.63241],[-58.39067,-34.63153],[-58.39079,-34.63052],[-58.39089,-34.62962],[-58.39093,-34.62933],[-58.39106,-34.6282],[-58.39117,-34.62725],[-58.39119,-34.62704],[-58.39122,-34.62663],[-58.39125,-34.62633],[-58.39133,-34.62523],[-58.39141,-34.62428],[-58.39143,-34.62399],[-58.39145,-34.62371],[-58.39145,-34.62355],[-58.39146,-34.62342],[-58.39149,-34.62273],[-58.39156,-34.62156],[-58.39161,-34.62054],[-58.39161,-34.62054],[-58.39163,-34.62022],[-58.39167,-34.61911],[-58.3917,-34.61816],[-58.39141,-34.61814],[-58.39112,-34.61813],[-58.39111,-34.61813],[-58.39033,-34.61808],[-58.39013,-34.61807],[-58.38897,-34.618],[-58.38774,-34.61792],[-58.38755,-34.61791],[-58.38746,-34.61791],[-58.38729,-34.6179],[-58.38721,-34.6179],[-58.38588,-34.61785],[-58.38558,-34.61784],[-58.38432,-34.61779],[-58.38331,-34.61776],[-58.38302,-34.61773],[-58.38285,-34.61772],[-58.3827,-34.61771],[-58.38179,-34.61767],[-58.38151,-34.61766],[-58.38114,-34.61765],[-58.38069,-34.61765],[-58.38028,-34.61764],[-58.38005,-34.61763],[-58.37987,-34.61762],[-58.37895,-34.61756],[-58.37878,-34.61755],[-58.37736,-34.61745],[-58.37735,-34.61762],[-58.37731,-34.61845],[-58.37731,-34.61855],[-58.37727,-34.61972],[-58.37727,-34.61981],[-58.37723,-34.62081],[-58.37723,-34.62088],[-58.37724,-34.62101],[-58.37724,-34.62101],[-58.37722,-34.62189],[-58.3772,-34.62207],[-58.37715,-34.6228],[-58.37714,-34.62297],[-58.37711,-34.62336],[-58.37709,-34.62349],[-58.37707,-34.6236],[-58.377,-34.62395],[-58.37675,-34.62511],[-58.37623,-34.62627],[-58.37618,-34.62636],[-58.37618,-34.62636],[-58.37595,-34.62674],[-58.3757,-34.62714],[-58.3757,-34.62714],[-58.37558,-34.6273]]]}},{"type":"Feature","properties":{"barrio":"Flores","comuna":7},"geometry":{"type":"Polygon","coordinates":[[[-58.45158,-34.63064],[-58.45323,-34.63114],[-58.45438,-34.6315],[-58.45394,-34.63239],[-58.45387,-34.63253],[-58.45338,-34.63352],[-58.45332,-34.63364],[-58.4529,-34.6345],[-58.45242,-34.63548],[-58.45205,-34.63623],[-58.452,-34.63633],[-58.45192,-34.63648],[-58.45192,-34.63649],[-58.4516,-34.63714],[-58.45144,-34.63747],[-58.4513,-34.63751],[-58.45089,-34.6378],[-58.45055,-34.63803],[-58.45032,-34.63818],[-58.44956,-34.63869],[-58.44956,-34.63869],[-58.44941,-34.6388],[-58.44813,-34.63978],[-58.44734,-34.64038],[-58.44715,-34.64052],[-58.4462,-34.64124],[-58.44605,-34.64136],[-58.44531,-34.64193],[-58.44525,-34.64204],[-58.44424,-34.64281],[-58.4436,-34.64223],[-58.44331,-34.64197],[-58.44308,-34.64178],[-58.44295,-34.64199],[-58.44244,-34.64265],[-58.44239,-34.64272],[-58.44148,-34.64358],[-58.44075,-34.64426],[-58.44063,-34.64437],[-58.44052,-34.64447],[-58.44019,-34.64479],[-58.43987,-34.64508],[-58.43965,-34.64528],[-58.43912,-34.64578],[-58.43885,-34.64603],[-58.43787,-34.64695],[-58.43742,-34.64735],[-58.43501,-34.64628],[-58.43492,-34.64624],[-58.4346,-34.64657],[-58.4345,-34.64667],[-58.43377,-34.64725],[-58.43297,-34.64787],[-58.43296,-34.64788],[-58.43284,-34.64797],[-58.43261,-34.64815],[-58.4321,-34.64856],[-58.43203,-34.64862],[-58.43196,-34.64867],[-58.43179,-34.64881],[-58.43115,-34.64932],[-58.43113,-34.64934],[-58.4309,-34.64952],[-58.4309,-34.64952],[-58.43084,-34.64957],[-58.43082,-34.64959],[-58.43077,-34.64963],[-58.43059,-34.64976],[-58.43051,-34.64982],[-58.4305,-34.64982],[-58.43049,-34.64983],[-58.43047,-34.64984],[-58.43043,-34.64987],[-58.43044,-34.64988],[-58.43044,-34.64988],[-58.43044,-34.64988],[-58.43055,-34.64997],[-58.43056,-34.64998],[-58.43066,-34.65007],[-58.43071,-34.65011],[-58.43098,-34.65034],[-58.431,-34.65036],[-58.43203,-34.6512],[-58.43203,-34.65121],[-58.43205,-34.65122],[-58.43274,-34.65177],[-58.43299,-34.65197],[-58.433,-34.65198],[-58.43334,-34.65224],[-58.43364,-34.65248],[-58.43368,-34.65251],[-58.4337,-34.65253],[-58.43443,-34.65311],[-58.43506,-34.65361],[-58.43602,-34.65437],[-58.4371,-34.6551],[-58.43731,-34.65526],[-58.43759,-34.65548],[-58.43773,-34.65559],[-58.43801,-34.6558],[-58.43809,-34.65574],[-58.43842,-34.65549],[-58.43885,-34.6551],[-58.43949,-34.6546],[-58.4404,-34.65389],[-58.44055,-34.65377],[-58.44153,-34.65301],[-58.44163,-34.65293],[-58.44265,-34.65214],[-58.44275,-34.65206],[-58.44278,-34.65203],[-58.44279,-34.65203],[-58.44282,-34.652],[-58.4429,-34.65194],[-58.4429,-34.65194],[-58.44291,-34.65193],[-58.44295,-34.6519],[-58.44301,-34.65185],[-58.44306,-34.65179],[-58.44311,-34.65172],[-58.44316,-34.65166],[-58.44321,-34.65157],[-58.44324,-34.65149],[-58.44325,-34.65147],[-58.44327,-34.65143],[-58.4433,-34.65134],[-58.44332,-34.65119],[-58.44352,-34.65117],[-58.44441,-34.65106],[-58.44462,-34.65095],[-58.44495,-34.65101],[-58.44767,-34.65112],[-58.44883,-34.65117],[-58.44913,-34.65116],[-58.45103,-34.65111],[-58.45103,-34.65111],[-58.45154,-34.65109],[-58.45197,-34.65108],[-58.45198,-34.65108],[-58.45286,-34.65099],[-58.45334,-34.65095],[-58.45382,-34.6509],[-58.45464,-34.65082],[-58.4547,-34.65115],[-58.45473,-34.65133],[-58.45475,-34.65143],[-58.45477,-34.65149],[-58.4548,-34.65177],[-58.45482,-34.65184],[-58.45486,-34.65199],[-58.45492,-34.65212],[-58.45494,-34.65216],[-58.45501,-34.65223],[-58.45506,-34.6523],[-58.45525,-34.65246],[-58.45525,-34.65247],[-58.4553,-34.65251],[-58.45532,-34.65253],[-58.45532,-34.65253],[-58.45533,-34.65254],[-58.45548,-34.65266],[-58.45555,-34.65272],[-58.457,-34.65393],[-58.45711,-34.65405],[-58.45761,-34.65448],[-58.45802,-34.65483],[-58.45834,-34.6551],[-58.45834,-34.65511],[-58.45858,-34.6553],[-58.45893,-34.65558],[-58.4592,-34.65577],[-58.45925,-34.65581],[-58.45967,-34.65618],[-58.4603,-34.65671],[-58.46035,-34.65675],[-58.46037,-34.65677],[-58.4604,-34.6568],[-58.4604,-34.6568],[-58.4604,-34.6568],[-58.46041,-34.6568],[-58.46041,-34.6568],[-58.4609,-34.65644],[-58.46111,-34.65628],[-58.4613,-34.65613],[-58.46148,-34.65598],[-58.46149,-34.65597],[-58.46163,-34.65582],[-58.46203,-34.65548],[-58.4622,-34.65534],[-58.46251,-34.65508],[-58.46253,-34.65506],[-58.46257,-34.65502],[-58.46287,-34.65479],[-58.46353,-34.65428],[-58.46368,-34.65418],[-58.46377,-34.65409],[-58.46394,-34.65396],[-58.46459,-34.65353],[-58.46502,-34.65321],[-58.46543,-34.65289],[-58.46568,-34.65268],[-58.46584,-34.65254],[-58.46638,-34.65208],[-58.46645,-34.652],[-58.46652,-34.65194],[-58.46663,-34.65179],[-58.46698,-34.65151],[-58.46701,-34.65149],[-58.46703,-34.65147],[-58.46682,-34.65118],[-58.4663,-34.65052],[-58.46596,-34.65011],[-58.4658,-34.64991],[-58.46571,-34.6498],[-58.46562,-34.64968],[-58.46528,-34.64927],[-58.46441,-34.64815],[-58.46441,-34.64815],[-58.46389,-34.64755],[-58.46336,-34.64683],[-58.463,-34.64617],[-58.46305,-34.64614],[-58.46317,-34.64607],[-58.46342,-34.64592],[-58.46412,-34.64539],[-58.4647,-34.64495],[-58.46487,-34.64484],[-58.46509,-34.64471],[-58.46543,-34.64444],[-58.4656,-34.64431],[-58.46671,-34.64343],[-58.46685,-34.64331],[-58.46799,-34.64242],[-58.46924,-34.6414],[-58.46929,-34.64128],[-58.46991,-34.63987],[-58.46997,-34.63972],[-58.47001,-34.63963],[-58.47037,-34.63879],[-58.47044,-34.63863],[-58.47081,-34.63779],[-58.47122,-34.63683],[-58.4713,-34.63665],[-58.47176,-34.63564],[-58.47228,-34.63447],[-58.47287,-34.63315],[-58.47348,-34.63179],[-58.4741,-34.63044],[-58.47416,-34.63031],[-58.47416,-34.63031],[-58.47425,-34.63011],[-58.47455,-34.62945],[-58.47499,-34.6285],[-58.47547,-34.62745],[-58.47604,-34.62621],[-58.47649,-34.62522],[-58.47695,-34.62422],[-58.47701,-34.62408],[-58.47741,-34.62322],[-58.47781,-34.62238],[-58.47674,-34.62183],[-58.47603,-34.62146],[-58.47575,-34.62131],[-58.4755,-34.62118],[-58.47451,-34.62066],[-58.47419,-34.6205],[-58.47293,-34.61985],[-58.47279,-34.61977],[-58.47264,-34.6197],[-58.47162,-34.61915],[-58.4714,-34.61904],[-58.47039,-34.61849],[-58.46963,-34.61808],[-58.46937,-34.61794],[-58.46934,-34.61793],[-58.46934,-34.61792],[-58.46909,-34.6178],[-58.4688,-34.61764],[-58.46864,-34.61756],[-58.46796,-34.61727],[-58.46676,-34.61675],[-58.46665,-34.6167],[-58.46568,-34.61628],[-58.46554,-34.61622],[-58.46461,-34.61582],[-58.46454,-34.61579],[-58.46454,-34.61579],[-58.46447,-34.61576],[-58.46437,-34.61573],[-58.46414,-34.61564],[-58.4632,-34.6153],[-58.46303,-34.61523],[-58.46187,-34.6148],[-58.46067,-34.61435],[-58.46039,-34.61424],[-58.46013,-34.61414],[-58.45945,-34.61388],[-58.45903,-34.61473],[-58.4585,-34.6159],[-58.4582,-34.61656],[-58.45777,-34.61751],[-58.4573,-34.61854],[-58.45723,-34.61869],[-58.45662,-34.62001],[-58.45608,-34.6212],[-58.45556,-34.62234],[-58.45505,-34.62345],[-58.45478,-34.62405],[-58.45458,-34.62448],[-58.45403,-34.62563],[-58.45402,-34.62565],[-58.45394,-34.62576],[-58.45344,-34.62678],[-58.45287,-34.62792],[-58.45267,-34.62833],[-58.45267,-34.62833],[-58.45267,-34.62833],[-58.45257,-34.62854],[-58.4521,-34.62952],[-58.452,-34.62974],[-58.45158,-34.63064]]]}},{"type":"Feature","properties":{"barrio":"Floresta","comuna":10},"geometry":{"type":"Polygon","coordinates":[[[-58.47781,-34.62238],[-58.47741,-34.62322],[-58.47701,-34.62408],[-58.47695,-34.62422],[-58.47649,-34.62522],[-58.47604,-34.62621],[-58.47547,-34.62745],[-58.47499,-34.6285],[-58.47455,-34.62945],[-58.47425,-34.63011],[-58.47416,-34.63031],[-58.47416,-34.63031],[-58.4741,-34.63044],[-58.47348,-34.63179],[-58.47287,-34.63315],[-58.47228,-34.63447],[-58.47176,-34.63564],[-58.4713,-34.63665],[-58.47242,-34.63699],[-58.47349,-34.63731],[-58.47442,-34.63792],[-58.47532,-34.63847],[-58.47607,-34.63893],[-58.47629,-34.63876],[-58.47678,-34.63837],[-58.47759,-34.63773],[-58.47836,-34.63713],[-58.47855,-34.63699],[-58.47879,-34.63682],[-58.4789,-34.63673],[-58.4792,-34.63649],[-58.47969,-34.6361],[-58.47993,-34.63591],[-58.48101,-34.63504],[-58.48238,-34.63394],[-58.48311,-34.63338],[-58.48338,-34.63315],[-58.48357,-34.63299],[-58.48372,-34.63288],[-58.48473,-34.63207],[-58.48557,-34.6314],[-58.48603,-34.63104],[-58.48672,-34.63048],[-58.48686,-34.63038],[-58.48695,-34.63031],[-58.48772,-34.62969],[-58.48808,-34.6294],[-58.48823,-34.62928],[-58.48929,-34.62845],[-58.49022,-34.6277],[-58.4904,-34.62756],[-58.49109,-34.62701],[-58.49136,-34.6268],[-58.4917,-34.62652],[-58.49174,-34.62649],[-58.49276,-34.62569],[-58.49282,-34.62564],[-58.49335,-34.62521],[-58.49389,-34.62478],[-58.49406,-34.62465],[-58.4942,-34.62454],[-58.49493,-34.62396],[-58.49497,-34.62393],[-58.49551,-34.6235],[-58.49604,-34.62308],[-58.49712,-34.62223],[-58.49766,-34.6218],[-58.49786,-34.62164],[-58.4982,-34.62137],[-58.49722,-34.62056],[-58.49632,-34.61982],[-58.49545,-34.6191],[-58.49471,-34.61849],[-58.49466,-34.61845],[-58.49452,-34.61833],[-58.49379,-34.61771],[-58.49363,-34.61758],[-58.49278,-34.61685],[-58.49264,-34.61673],[-58.49156,-34.61759],[-58.49062,-34.61835],[-58.49049,-34.61845],[-58.48941,-34.6193],[-58.48834,-34.62016],[-58.4882,-34.62027],[-58.48726,-34.62102],[-58.48618,-34.62188],[-58.48511,-34.62273],[-58.48497,-34.62284],[-58.48404,-34.62359],[-58.48339,-34.62411],[-58.48274,-34.62463],[-58.48192,-34.62429],[-58.48189,-34.62427],[-58.48189,-34.62427],[-58.48182,-34.62424],[-58.48179,-34.62423],[-58.48173,-34.62421],[-58.48074,-34.62378],[-58.47976,-34.62335],[-58.47938,-34.62319],[-58.4788,-34.62291],[-58.47829,-34.62264],[-58.47812,-34.62254],[-58.47801,-34.62249],[-58.47781,-34.62238]]]}},{"type":"Feature","properties":{"barrio":"Liniers","comuna":9},"geometry":{"type":"Polygon","coordinates":[[[-58.51067,-34.63482],[-58.51,-34.63509],[-58.50998,-34.6351],[-58.50966,-34.63524],[-58.50966,-34.63524],[-58.50954,-34.63529],[-58.50938,-34.63535],[-58.50883,-34.63555],[-58.50827,-34.63573],[-58.50765,-34.63589],[-58.50709,-34.63589],[-58.50696,-34.63589],[-58.50682,-34.63581],[-58.50633,-34.63619],[-58.50614,-34.63635],[-58.50574,-34.63666],[-58.50567,-34.63672],[-58.50567,-34.63672],[-58.50935,-34.63721],[-58.51051,-34.63737],[-58.51048,-34.63748],[-58.51031,-34.63812],[-58.51005,-34.63912],[-58.50982,-34.64001],[-58.50979,-34.64008],[-58.50921,-34.64052],[-58.50803,-34.64141],[-58.50696,-34.64223],[-58.50685,-34.64232],[-58.50566,-34.64321],[-58.50447,-34.64411],[-58.50435,-34.64421],[-58.50384,-34.64459],[-58.50333,-34.64498],[-58.50283,-34.64538],[-58.5023,-34.64582],[-58.50334,-34.64632],[-58.50436,-34.6468],[-58.50538,-34.64728],[-58.5065,-34.6478],[-58.5067,-34.64789],[-58.50767,-34.64835],[-58.50894,-34.64895],[-58.50912,-34.64903],[-58.51061,-34.64972],[-58.51065,-34.64977],[-58.51168,-34.65022],[-58.51264,-34.65067],[-58.51352,-34.65108],[-58.51441,-34.65149],[-58.51541,-34.65194],[-58.51608,-34.65227],[-58.51655,-34.65249],[-58.51714,-34.65276],[-58.51818,-34.65324],[-58.51919,-34.65371],[-58.51972,-34.65396],[-58.51991,-34.65405],[-58.52024,-34.6542],[-58.52076,-34.65444],[-58.52128,-34.65469],[-58.52185,-34.65495],[-58.52234,-34.65518],[-58.52289,-34.65543],[-58.5234,-34.65567],[-58.52388,-34.65589],[-58.52459,-34.65622],[-58.52492,-34.65638],[-58.52529,-34.6566],[-58.52531,-34.65661],[-58.52537,-34.65664],[-58.52543,-34.65668],[-58.52577,-34.65689],[-58.52577,-34.65689],[-58.52588,-34.65681],[-58.52879,-34.65461],[-58.52915,-34.65434],[-58.52917,-34.65433],[-58.52921,-34.6543],[-58.52921,-34.6543],[-58.52921,-34.65428],[-58.52921,-34.65426],[-58.52921,-34.65422],[-58.52985,-34.6434],[-58.53008,-34.63949],[-58.53008,-34.63943],[-58.5301,-34.63919],[-58.53027,-34.63629],[-58.53029,-34.63594],[-58.5303,-34.63583],[-58.5303,-34.63568],[-58.53032,-34.63547],[-58.53033,-34.63528],[-58.53035,-34.63485],[-58.53036,-34.63479],[-58.53003,-34.6348],[-58.53002,-34.6348],[-58.52984,-34.63481],[-58.52979,-34.63481],[-58.52962,-34.63482],[-58.52939,-34.63482],[-58.52932,-34.63483],[-58.52909,-34.63484],[-58.5289,-34.63485],[-58.52871,-34.63486],[-58.52854,-34.63486],[-58.5282,-34.63484],[-58.52795,-34.63482],[-58.52774,-34.6348],[-58.52739,-34.63477],[-58.52707,-34.63475],[-58.52692,-34.63468],[-58.5256,-34.63458],[-58.5243,-34.63447],[-58.52423,-34.63445],[-58.52327,-34.63422],[-58.52304,-34.63416],[-58.52233,-34.63401],[-58.52108,-34.63382],[-58.52103,-34.63382],[-58.52069,-34.63382],[-58.52078,-34.6335],[-58.52081,-34.6334],[-58.52075,-34.63322],[-58.52052,-34.633],[-58.52039,-34.63297],[-58.52034,-34.63291],[-58.52024,-34.6328],[-58.52017,-34.63291],[-58.52007,-34.63295],[-58.51989,-34.63297],[-58.51989,-34.63297],[-58.51989,-34.63297],[-58.51974,-34.63298],[-58.51974,-34.63298],[-58.51972,-34.63298],[-58.51968,-34.63299],[-58.51942,-34.633],[-58.51933,-34.63301],[-58.51926,-34.63301],[-58.51925,-34.63301],[-58.51908,-34.63301],[-58.51908,-34.63301],[-58.51889,-34.633],[-58.5188,-34.633],[-58.51872,-34.633],[-58.51852,-34.633],[-58.51735,-34.63301],[-58.51709,-34.63301],[-58.51661,-34.63308],[-58.51594,-34.6331],[-58.51593,-34.6331],[-58.51537,-34.63316],[-58.51486,-34.6332],[-58.51407,-34.6334],[-58.51391,-34.63346],[-58.51334,-34.63366],[-58.51332,-34.63366],[-58.51332,-34.63367],[-58.51332,-34.63367],[-58.51262,-34.63396],[-58.51253,-34.634],[-58.51226,-34.63412],[-58.51186,-34.63429],[-58.51148,-34.63446],[-58.51144,-34.63448],[-58.51133,-34.63453],[-58.51067,-34.63482]]]}},{"type":"Feature","properties":{"barrio":"Mataderos","comuna":9},"geometry":{"type":"Polygon","coordinates":[[[-58.4953,-34.64485],[-58.49524,-34.6449],[-58.49523,-34.6449],[-58.49496,-34.64512],[-58.4949,-34.64517],[-58.49386,-34.64599],[-58.49276,-34.64685],[-58.49263,-34.64696],[-58.49141,-34.64791],[-58.49034,-34.64876],[-58.48955,-34.64938],[-58.48951,-34.6494],[-58.48949,-34.64942],[-58.4894,-34.64948],[-58.48924,-34.64961],[-58.48841,-34.65028],[-58.48746,-34.65103],[-58.4873,-34.65116],[-58.48647,-34.65183],[-58.48639,-34.65189],[-58.4863,-34.65196],[-58.48592,-34.65226],[-58.48569,-34.65244],[-58.48556,-34.65253],[-58.48535,-34.6527],[-58.48517,-34.65283],[-58.48508,-34.6529],[-58.48498,-34.65298],[-58.48389,-34.65382],[-58.48379,-34.6539],[-58.48375,-34.65393],[-58.48266,-34.6548],[-58.4821,-34.65524],[-58.48155,-34.65567],[-58.48147,-34.65574],[-58.4814,-34.65579],[-58.4804,-34.65659],[-58.48024,-34.65671],[-58.48016,-34.65678],[-58.47882,-34.65784],[-58.47885,-34.65787],[-58.47936,-34.65821],[-58.47946,-34.65829],[-58.47947,-34.65829],[-58.47955,-34.65834],[-58.47963,-34.6584],[-58.47972,-34.65845],[-58.47982,-34.65852],[-58.48017,-34.65874],[-58.4803,-34.65883],[-58.48053,-34.65898],[-58.48084,-34.65918],[-58.48143,-34.65956],[-58.48233,-34.66014],[-58.48323,-34.66072],[-58.48413,-34.66129],[-58.48504,-34.66187],[-58.48523,-34.66199],[-58.48536,-34.66208],[-58.48581,-34.66236],[-58.48594,-34.66245],[-58.48595,-34.66245],[-58.48713,-34.6628],[-58.48787,-34.66302],[-58.48886,-34.66332],[-58.48889,-34.66333],[-58.48895,-34.66335],[-58.48895,-34.66335],[-58.48895,-34.66335],[-58.48897,-34.66336],[-58.49008,-34.6644],[-58.491,-34.66526],[-58.49113,-34.66539],[-58.49158,-34.66583],[-58.49158,-34.66583],[-58.49176,-34.66601],[-58.49193,-34.66618],[-58.49214,-34.6664],[-58.49235,-34.66661],[-58.4926,-34.66687],[-58.49346,-34.6678],[-58.49361,-34.66796],[-58.49435,-34.66869],[-58.49574,-34.67006],[-58.49587,-34.67019],[-58.49704,-34.67118],[-58.49741,-34.67144],[-58.49791,-34.67181],[-58.49825,-34.67205],[-58.49857,-34.67228],[-58.49872,-34.67238],[-58.49872,-34.67239],[-58.49893,-34.67251],[-58.49913,-34.67263],[-58.49974,-34.67296],[-58.50012,-34.67317],[-58.5002,-34.67321],[-58.50052,-34.67338],[-58.50068,-34.67347],[-58.50164,-34.67398],[-58.50177,-34.67406],[-58.50197,-34.67418],[-58.50211,-34.67426],[-58.5025,-34.67449],[-58.50252,-34.6745],[-58.50252,-34.6745],[-58.50252,-34.6745],[-58.50252,-34.67451],[-58.50261,-34.67444],[-58.50827,-34.67015],[-58.50874,-34.6698],[-58.50892,-34.66966],[-58.51121,-34.66793],[-58.51199,-34.66734],[-58.51199,-34.66734],[-58.51222,-34.66716],[-58.51324,-34.66638],[-58.51803,-34.66276],[-58.51834,-34.66252],[-58.51836,-34.6625],[-58.51839,-34.66249],[-58.51876,-34.66221],[-58.51991,-34.66133],[-58.52304,-34.65896],[-58.52304,-34.65896],[-58.52477,-34.65765],[-58.52477,-34.65765],[-58.52577,-34.65689],[-58.52577,-34.65689],[-58.52577,-34.65689],[-58.52543,-34.65668],[-58.52537,-34.65664],[-58.52531,-34.65661],[-58.52529,-34.6566],[-58.52492,-34.65638],[-58.52459,-34.65622],[-58.52388,-34.65589],[-58.5234,-34.65567],[-58.52289,-34.65543],[-58.52234,-34.65518],[-58.52185,-34.65495],[-58.52128,-34.65469],[-58.52076,-34.65444],[-58.52024,-34.6542],[-58.51991,-34.65405],[-58.51972,-34.65396],[-58.51919,-34.65371],[-58.51818,-34.65324],[-58.51714,-34.65276],[-58.51655,-34.65249],[-58.51608,-34.65227],[-58.51541,-34.65194],[-58.51441,-34.65149],[-58.51352,-34.65108],[-58.51264,-34.65067],[-58.51168,-34.65022],[-58.51065,-34.64977],[-58.51061,-34.64972],[-58.50912,-34.64903],[-58.50894,-34.64895],[-58.50767,-34.64835],[-58.5067,-34.64789],[-58.5065,-34.6478],[-58.50538,-34.64728],[-58.50436,-34.6468],[-58.50334,-34.64632],[-58.5023,-34.64582],[-58.50127,-34.64535],[-58.50025,-34.64487],[-58.49922,-34.64439],[-58.49818,-34.6439],[-58.49714,-34.64341],[-58.49668,-34.64377],[-58.49642,-34.64397],[-58.4954,-34.64477],[-58.49531,-34.64484],[-58.4953,-34.64485]]]}},{"type":"Feature","properties":{"barrio":"Monserrat","comuna":1},"geometry":{"type":"Polygon","coordinates":[[[-58.36773,-34.6069],[-58.36773,-34.60691],[-58.36764,-34.60766],[-58.36762,-34.60785],[-58.36726,-34.611],[-58.36713,-34.61216],[-58.36708,-34.6126],[-58.36699,-34.61339],[-58.36686,-34.61458],[-58.36674,-34.61562],[-58.36757,-34.61568],[-58.36858,-34.61576],[-58.36882,-34.61578],[-58.36915,-34.61579],[-58.3695,-34.61582],[-58.37025,-34.61586],[-58.37035,-34.61586],[-58.37057,-34.61589],[-58.37069,-34.61591],[-58.37172,-34.61598],[-58.37172,-34.61602],[-58.37299,-34.61602],[-58.37313,-34.61603],[-58.37327,-34.61603],[-58.37434,-34.61608],[-58.37454,-34.61609],[-58.37471,-34.6161],[-58.37526,-34.61613],[-58.37586,-34.61621],[-58.37586,-34.61621],[-58.37598,-34.61622],[-58.37603,-34.61622],[-58.37616,-34.61623],[-58.37727,-34.61628],[-58.37743,-34.61629],[-58.37736,-34.61745],[-58.37878,-34.61755],[-58.37895,-34.61756],[-58.37987,-34.61762],[-58.38005,-34.61763],[-58.38028,-34.61764],[-58.38069,-34.61765],[-58.38114,-34.61765],[-58.38151,-34.61766],[-58.38179,-34.61767],[-58.3827,-34.61771],[-58.38285,-34.61772],[-58.38302,-34.61773],[-58.38331,-34.61776],[-58.38432,-34.61779],[-58.38558,-34.61784],[-58.38588,-34.61785],[-58.38721,-34.6179],[-58.38729,-34.6179],[-58.38746,-34.61791],[-58.38755,-34.61791],[-58.38774,-34.61792],[-58.38897,-34.618],[-58.39013,-34.61807],[-58.39033,-34.61808],[-58.39111,-34.61813],[-58.39112,-34.61813],[-58.39141,-34.61814],[-58.3917,-34.61816],[-58.39168,-34.61688],[-58.39166,-34.61583],[-58.39166,-34.6157],[-58.39166,-34.61551],[-58.39167,-34.61518],[-58.39168,-34.61492],[-58.39169,-34.61469],[-58.39169,-34.61466],[-58.39169,-34.61466],[-58.3917,-34.61407],[-58.39171,-34.61382],[-58.39175,-34.61282],[-58.39176,-34.61266],[-58.39177,-34.61245],[-58.39179,-34.61167],[-58.39179,-34.61167],[-58.39179,-34.61167],[-58.3918,-34.6115],[-58.39181,-34.61128],[-58.39186,-34.61056],[-58.39188,-34.61034],[-58.39195,-34.60929],[-58.39141,-34.60925],[-58.39056,-34.60919],[-58.3898,-34.60914],[-58.38976,-34.60914],[-58.38918,-34.60908],[-58.38906,-34.60907],[-58.38851,-34.60901],[-58.38818,-34.60898],[-58.38797,-34.60896],[-58.3878,-34.60894],[-58.38775,-34.60893],[-58.38774,-34.60893],[-58.38766,-34.60892],[-58.38748,-34.6089],[-58.38732,-34.60887],[-58.38723,-34.60886],[-58.38723,-34.60886],[-58.38628,-34.60878],[-58.38615,-34.60878],[-58.38599,-34.60877],[-58.38507,-34.6087],[-58.38487,-34.60869],[-58.38471,-34.60867],[-58.3841,-34.60863],[-58.3838,-34.6086],[-58.38361,-34.60859],[-58.38347,-34.60858],[-58.38331,-34.60856],[-58.38269,-34.60852],[-58.38225,-34.60848],[-58.38217,-34.60847],[-58.38197,-34.60846],[-58.3818,-34.60844],[-58.38135,-34.60841],[-58.38131,-34.60841],[-58.38089,-34.60839],[-58.38072,-34.60838],[-58.38072,-34.60838],[-58.3805,-34.60837],[-58.37996,-34.60834],[-58.37981,-34.60833],[-58.37976,-34.60833],[-58.37936,-34.60831],[-58.37922,-34.6083],[-58.37781,-34.60821],[-58.37696,-34.60816],[-58.3764,-34.60813],[-58.37629,-34.60812],[-58.37621,-34.60811],[-58.37619,-34.60811],[-58.375,-34.60803],[-58.37499,-34.60803],[-58.37498,-34.60803],[-58.37492,-34.60803],[-58.37486,-34.60802],[-58.37411,-34.60798],[-58.37357,-34.60794],[-58.37354,-34.60794],[-58.37352,-34.60794],[-58.37352,-34.60794],[-58.37352,-34.60802],[-58.37317,-34.608],[-58.37218,-34.60793],[-58.37155,-34.60788],[-58.37148,-34.60788],[-58.37147,-34.60787],[-58.37126,-34.60785],[-58.37109,-34.60778],[-58.37084,-34.60757],[-58.37076,-34.60751],[-58.37063,-34.60739],[-58.37031,-34.60719],[-58.37019,-34.60677],[-58.37019,-34.60657],[-58.36985,-34.60655],[-58.36944,-34.6065],[-58.36937,-34.60652],[-58.36926,-34.60659],[-58.36922,-34.60674],[-58.3688,-34.60683],[-58.36815,-34.60696],[-58.36773,-34.6069]]]}},{"type":"Feature","properties":{"barrio":"Monte Castro","comuna":10},"geometry":{"type":"Polygon","coordinates":[[[-58.49478,-34.61502],[-58.49383,-34.61577],[-58.49371,-34.61587],[-58.49264,-34.61673],[-58.49278,-34.61685],[-58.49363,-34.61758],[-58.49379,-34.61771],[-58.49452,-34.61833],[-58.49466,-34.61845],[-58.49471,-34.61849],[-58.49545,-34.6191],[-58.49632,-34.61982],[-58.49722,-34.62056],[-58.4982,-34.62137],[-58.49917,-34.62188],[-58.49934,-34.62196],[-58.50027,-34.62243],[-58.50158,-34.62308],[-58.50175,-34.62317],[-58.5027,-34.62364],[-58.50349,-34.62403],[-58.50467,-34.62514],[-58.50476,-34.62523],[-58.50587,-34.62627],[-58.50596,-34.62636],[-58.50718,-34.6275],[-58.50729,-34.62759],[-58.50818,-34.62693],[-58.50831,-34.62683],[-58.50925,-34.62613],[-58.50936,-34.62605],[-58.51008,-34.6255],[-58.51018,-34.62541],[-58.51056,-34.62511],[-58.51073,-34.62498],[-58.51087,-34.62487],[-58.51121,-34.62461],[-58.51165,-34.62428],[-58.51177,-34.62439],[-58.51181,-34.62442],[-58.51249,-34.62502],[-58.51262,-34.62513],[-58.51265,-34.62516],[-58.51271,-34.62521],[-58.51294,-34.62541],[-58.51356,-34.62597],[-58.51367,-34.62606],[-58.51411,-34.62645],[-58.51444,-34.62674],[-58.51456,-34.62685],[-58.51468,-34.62695],[-58.51542,-34.62761],[-58.51555,-34.62771],[-58.51638,-34.62845],[-58.51696,-34.628],[-58.51741,-34.62766],[-58.51795,-34.62724],[-58.51847,-34.62684],[-58.51897,-34.62645],[-58.51953,-34.62602],[-58.52009,-34.62559],[-58.52062,-34.62519],[-58.52163,-34.6244],[-58.52117,-34.62399],[-58.52069,-34.62356],[-58.52029,-34.6232],[-58.51989,-34.62285],[-58.51989,-34.62285],[-58.51958,-34.62257],[-58.51938,-34.62239],[-58.51889,-34.62195],[-58.51839,-34.62151],[-58.51829,-34.62142],[-58.51791,-34.62107],[-58.51755,-34.62076],[-58.51743,-34.62065],[-58.5174,-34.62062],[-58.51695,-34.62021],[-58.51663,-34.61993],[-58.51653,-34.61984],[-58.51641,-34.61973],[-58.51603,-34.6194],[-58.51569,-34.6191],[-58.51515,-34.61861],[-58.51501,-34.61849],[-58.51498,-34.61846],[-58.51494,-34.61842],[-58.51433,-34.61788],[-58.51365,-34.61727],[-58.51304,-34.61673],[-58.51257,-34.61645],[-58.51214,-34.61619],[-58.51168,-34.61592],[-58.51125,-34.61567],[-58.511,-34.61552],[-58.51084,-34.61542],[-58.5107,-34.61534],[-58.51057,-34.61526],[-58.51043,-34.61517],[-58.51036,-34.61513],[-58.51034,-34.61512],[-58.51034,-34.61512],[-58.51015,-34.615],[-58.51014,-34.61499],[-58.51012,-34.61498],[-58.51002,-34.61492],[-58.50974,-34.61475],[-58.50958,-34.61466],[-58.5092,-34.61444],[-58.50905,-34.61435],[-58.50885,-34.61423],[-58.50875,-34.61418],[-58.50872,-34.61416],[-58.50847,-34.61401],[-58.50831,-34.61392],[-58.5081,-34.6138],[-58.50801,-34.61375],[-58.50787,-34.61366],[-58.50776,-34.6136],[-58.50762,-34.61352],[-58.50752,-34.61346],[-58.50705,-34.61319],[-58.5056,-34.61233],[-58.50556,-34.61231],[-58.50541,-34.61223],[-58.50533,-34.61218],[-58.50525,-34.61214],[-58.5049,-34.61193],[-58.50466,-34.61179],[-58.50453,-34.6117],[-58.50428,-34.61155],[-58.50414,-34.61147],[-58.50399,-34.61138],[-58.50394,-34.61135],[-58.50386,-34.61131],[-58.50372,-34.61122],[-58.50353,-34.61111],[-58.50341,-34.61104],[-58.50325,-34.61094],[-58.5031,-34.61085],[-58.50243,-34.61046],[-58.50237,-34.61042],[-58.50221,-34.61032],[-58.50211,-34.61027],[-58.50146,-34.60988],[-58.50133,-34.6098],[-58.50019,-34.60913],[-58.49935,-34.61008],[-58.49844,-34.61111],[-58.4983,-34.61128],[-58.4982,-34.61139],[-58.49816,-34.61144],[-58.49753,-34.61215],[-58.4974,-34.6123],[-58.49656,-34.61326],[-58.49644,-34.6134],[-58.49557,-34.61439],[-58.49478,-34.61502]]]}},{"type":"Feature","properties":{"barrio":"Nueva Pompeya","comuna":4},"geometry":{"type":"Polygon","coordinates":[[[-58.40275,-34.64706],[-58.40313,-34.64756],[-58.40348,-34.64802],[-58.40361,-34.64819],[-58.4044,-34.6492],[-58.40444,-34.64925],[-58.40444,-34.64925],[-58.4045,-34.64935],[-58.40456,-34.64941],[-58.40505,-34.6498],[-58.40494,-34.64999],[-58.40475,-34.65031],[-58.40467,-34.65046],[-58.40443,-34.65087],[-58.40442,-34.65088],[-58.4044,-34.65094],[-58.40432,-34.6511],[-58.4043,-34.65116],[-58.40428,-34.6512],[-58.40417,-34.65148],[-58.404,-34.65193],[-58.40393,-34.65213],[-58.40384,-34.6524],[-58.40358,-34.65327],[-58.40341,-34.65385],[-58.40324,-34.65442],[-58.40275,-34.65587],[-58.40201,-34.65761],[-58.40124,-34.65944],[-58.40121,-34.6595],[-58.40104,-34.65997],[-58.40105,-34.65998],[-58.40105,-34.65999],[-58.4011,-34.65995],[-58.40137,-34.65987],[-58.40141,-34.65985],[-58.40142,-34.65984],[-58.40143,-34.65983],[-58.40155,-34.65977],[-58.40178,-34.65966],[-58.40182,-34.65963],[-58.40182,-34.65963],[-58.40188,-34.6596],[-58.40217,-34.65953],[-58.40232,-34.65948],[-58.40241,-34.65945],[-58.40253,-34.65942],[-58.40265,-34.65942],[-58.40273,-34.65941],[-58.40283,-34.6594],[-58.403,-34.65936],[-58.40309,-34.65936],[-58.40308,-34.65934],[-58.40334,-34.65935],[-58.40381,-34.6594],[-58.40384,-34.6594],[-58.404,-34.65942],[-58.40417,-34.65944],[-58.40433,-34.65947],[-58.40451,-34.6595],[-58.40468,-34.65954],[-58.40485,-34.65956],[-58.40529,-34.65965],[-58.40532,-34.65965],[-58.40538,-34.65967],[-58.40543,-34.65967],[-58.40548,-34.65969],[-58.40556,-34.65971],[-58.4056,-34.65973],[-58.40565,-34.65977],[-58.40565,-34.65977],[-58.40569,-34.65981],[-58.40569,-34.65981],[-58.4058,-34.65985],[-58.40592,-34.65988],[-58.40603,-34.65991],[-58.40615,-34.65993],[-58.40626,-34.65996],[-58.4064,-34.66],[-58.40653,-34.66001],[-58.40665,-34.66],[-58.40681,-34.65998],[-58.40694,-34.65998],[-58.40705,-34.66],[-58.40711,-34.65999],[-58.40717,-34.65999],[-58.40723,-34.66],[-58.40729,-34.65999],[-58.4074,-34.65996],[-58.40744,-34.65993],[-58.40752,-34.65989],[-58.4076,-34.65985],[-58.40765,-34.65982],[-58.4077,-34.65982],[-58.40779,-34.65982],[-58.40787,-34.65983],[-58.40792,-34.65983],[-58.408,-34.65982],[-58.40812,-34.65984],[-58.40831,-34.65984],[-58.40837,-34.65983],[-58.40849,-34.65976],[-58.40859,-34.65974],[-58.40866,-34.6597],[-58.40879,-34.65965],[-58.40889,-34.65961],[-58.40897,-34.6596],[-58.40898,-34.6596],[-58.40911,-34.65954],[-58.40925,-34.65947],[-58.4094,-34.65939],[-58.40954,-34.6593],[-58.40963,-34.65926],[-58.40972,-34.65919],[-58.40986,-34.65906],[-58.40997,-34.65902],[-58.40999,-34.65901],[-58.41,-34.659],[-58.41003,-34.65898],[-58.41004,-34.65897],[-58.41008,-34.65893],[-58.41013,-34.65889],[-58.41022,-34.65888],[-58.41029,-34.6589],[-58.41033,-34.65889],[-58.4104,-34.65889],[-58.41046,-34.65887],[-58.41052,-34.65885],[-58.41058,-34.65882],[-58.41058,-34.65882],[-58.41063,-34.65879],[-58.41068,-34.65875],[-58.41076,-34.65871],[-58.41084,-34.65868],[-58.4109,-34.65865],[-58.411,-34.65862],[-58.41109,-34.65859],[-58.41119,-34.65856],[-58.41124,-34.65859],[-58.4113,-34.65859],[-58.41145,-34.65858],[-58.4116,-34.65857],[-58.41174,-34.65855],[-58.41186,-34.65851],[-58.41197,-34.65847],[-58.41202,-34.65845],[-58.41207,-34.65844],[-58.41214,-34.65841],[-58.41221,-34.6584],[-58.41229,-34.65839],[-58.41236,-34.65838],[-58.41241,-34.65838],[-58.41245,-34.65838],[-58.41272,-34.65838],[-58.41299,-34.65839],[-58.41325,-34.65841],[-58.41351,-34.65844],[-58.41378,-34.65847],[-58.41404,-34.65851],[-58.4143,-34.65855],[-58.41456,-34.65861],[-58.41493,-34.65873],[-58.41522,-34.65884],[-58.41558,-34.65894],[-58.41561,-34.65894],[-58.41578,-34.65898],[-58.41596,-34.65906],[-58.41619,-34.65913],[-58.4164,-34.65912],[-58.41663,-34.65924],[-58.41663,-34.65924],[-58.41689,-34.65937],[-58.41709,-34.6594],[-58.41732,-34.65945],[-58.41771,-34.6596],[-58.41777,-34.65955],[-58.41783,-34.65951],[-58.4179,-34.6595],[-58.4179,-34.6595],[-58.41796,-34.65955],[-58.418,-34.65965],[-58.418,-34.65965],[-58.4181,-34.65968],[-58.41868,-34.65985],[-58.41946,-34.66001],[-58.42003,-34.66016],[-58.42089,-34.66047],[-58.42109,-34.66056],[-58.42185,-34.66086],[-58.42249,-34.66117],[-58.42259,-34.66122],[-58.42329,-34.6616],[-58.4235,-34.66172],[-58.4236,-34.66178],[-58.42365,-34.66181],[-58.42389,-34.66196],[-58.42389,-34.66196],[-58.42404,-34.66205],[-58.42412,-34.66194],[-58.42413,-34.66194],[-58.42415,-34.6619],[-58.42419,-34.66185],[-58.4242,-34.66185],[-58.42422,-34.66183],[-58.42469,-34.66122],[-58.42494,-34.66092],[-58.42503,-34.66081],[-58.42509,-34.66073],[-58.42531,-34.66047],[-58.42572,-34.65996],[-58.42635,-34.65918],[-58.42644,-34.65907],[-58.42675,-34.65867],[-58.42688,-34.65858],[-58.42714,-34.65839],[-58.42728,-34.65828],[-58.42777,-34.65794],[-58.42783,-34.65789],[-58.42797,-34.65779],[-58.42867,-34.65729],[-58.4288,-34.6572],[-58.42891,-34.65712],[-58.42916,-34.65694],[-58.42949,-34.6567],[-58.42963,-34.65659],[-58.42984,-34.65644],[-58.4307,-34.65579],[-58.43081,-34.65569],[-58.43094,-34.65562],[-58.43129,-34.65543],[-58.43139,-34.65533],[-58.43199,-34.65489],[-58.43212,-34.6548],[-58.43308,-34.6541],[-58.43443,-34.65311],[-58.4337,-34.65253],[-58.43368,-34.65251],[-58.43364,-34.65248],[-58.43334,-34.65224],[-58.433,-34.65198],[-58.43299,-34.65197],[-58.43274,-34.65177],[-58.43205,-34.65122],[-58.43203,-34.65121],[-58.43203,-34.6512],[-58.431,-34.65036],[-58.43098,-34.65034],[-58.43071,-34.65011],[-58.43066,-34.65007],[-58.43056,-34.64998],[-58.43055,-34.64997],[-58.43044,-34.64988],[-58.43044,-34.64988],[-58.43044,-34.64988],[-58.43043,-34.64987],[-58.43047,-34.64984],[-58.43049,-34.64983],[-58.4305,-34.64982],[-58.43051,-34.64982],[-58.43059,-34.64976],[-58.43077,-34.64963],[-58.43082,-34.64959],[-58.43084,-34.64957],[-58.4309,-34.64952],[-58.4309,-34.64952],[-58.43113,-34.64934],[-58.43115,-34.64932],[-58.43179,-34.64881],[-58.43196,-34.64867],[-58.43203,-34.64862],[-58.4321,-34.64856],[-58.43261,-34.64815],[-58.43284,-34.64797],[-58.43296,-34.64788],[-58.43297,-34.64787],[-58.43377,-34.64725],[-58.4345,-34.64667],[-58.4346,-34.64657],[-58.43492,-34.64624],[-58.43354,-34.64562],[-58.43348,-34.64559],[-58.43262,-34.64521],[-58.43211,-34.64516],[-58.43218,-34.6442],[-58.43222,-34.6436],[-58.43225,-34.64298],[-58.43231,-34.64229],[-58.43235,-34.64174],[-58.43212,-34.64169],[-58.43142,-34.64155],[-58.43116,-34.64149],[-58.431,-34.64146],[-58.43093,-34.64144],[-58.4309,-34.64144],[-58.43079,-34.64142],[-58.43013,-34.64131],[-58.42992,-34.64128],[-58.42983,-34.64127],[-58.42973,-34.64125],[-58.42952,-34.64122],[-58.42925,-34.64117],[-58.42857,-34.64106],[-58.42836,-34.64102],[-58.428,-34.64096],[-58.42768,-34.64091],[-58.42742,-34.64086],[-58.42677,-34.64075],[-58.42617,-34.64065],[-58.42585,-34.6406],[-58.42507,-34.64046],[-58.42497,-34.64045],[-58.42492,-34.64044],[-58.42349,-34.6402],[-58.42231,-34.63999],[-58.42092,-34.63974],[-58.42092,-34.63974],[-58.41995,-34.63957],[-58.41976,-34.63953],[-58.41954,-34.6395],[-58.4193,-34.63945],[-58.41918,-34.63944],[-58.41862,-34.63936],[-58.41852,-34.63934],[-58.41848,-34.63933],[-58.41847,-34.63933],[-58.41847,-34.63933],[-58.41846,-34.63933],[-58.41846,-34.63933],[-58.41845,-34.63933],[-58.41845,-34.63933],[-58.41845,-34.63933],[-58.41844,-34.63933],[-58.41726,-34.63914],[-58.41709,-34.63911],[-58.41614,-34.63895],[-58.41609,-34.63894],[-58.41592,-34.63891],[-58.41585,-34.63889],[-58.41456,-34.63867],[-58.41319,-34.63843],[-58.41207,-34.63823],[-58.41188,-34.6382],[-58.41163,-34.63816],[-58.41126,-34.6381],[-58.41137,-34.63843],[-58.41176,-34.63945],[-58.41183,-34.63962],[-58.41224,-34.64061],[-58.41235,-34.64089],[-58.41244,-34.6411],[-58.41249,-34.64123],[-58.4127,-34.64174],[-58.41294,-34.64232],[-58.41305,-34.64258],[-58.41315,-34.64281],[-58.41325,-34.64304],[-58.41344,-34.64345],[-58.41334,-34.64347],[-58.41311,-34.64444],[-58.41303,-34.64474],[-58.41283,-34.64557],[-58.41281,-34.64567],[-58.41256,-34.6467],[-58.41229,-34.64782],[-58.41224,-34.648],[-58.41221,-34.64813],[-58.4121,-34.64858],[-58.41037,-34.6483],[-58.40901,-34.64808],[-58.40637,-34.64765],[-58.405,-34.64743],[-58.405,-34.64743],[-58.40365,-34.64721],[-58.40275,-34.64706],[-58.40275,-34.64706]]]}},{"type":"Feature","properties":{"barrio":"Nuñez","comuna":13},"geometry":{"type":"Polygon","coordinates":[[[-58.45872,-34.53721],[-58.45887,-34.53734],[-58.45921,-34.53761],[-58.45944,-34.5378],[-58.45829,-34.5386],[-58.4575,-34.53901],[-58.45475,-34.54033],[-58.45322,-34.54079],[-58.45306,-34.54084],[-58.45285,-34.54089],[-58.45264,-34.54096],[-58.45258,-34.54097],[-58.45234,-34.54105],[-58.45171,-34.54132],[-58.45005,-34.54223],[-58.44928,-34.54265],[-58.44941,-34.54276],[-58.44997,-34.54354],[-58.45042,-34.54414],[-58.45075,-34.54453],[-58.45213,-34.54629],[-58.45218,-34.54639],[-58.45255,-34.54687],[-58.45285,-34.54726],[-58.45366,-34.54831],[-58.45382,-34.54857],[-58.45396,-34.54876],[-58.45412,-34.54899],[-58.45416,-34.5492],[-58.45416,-34.54941],[-58.45402,-34.54952],[-58.4534,-34.55005],[-58.45339,-34.55005],[-58.45301,-34.5505],[-58.45428,-34.55117],[-58.45546,-34.55179],[-58.45564,-34.55188],[-58.45574,-34.55194],[-58.45649,-34.55233],[-58.45728,-34.55274],[-58.45741,-34.5528],[-58.45759,-34.5529],[-58.45819,-34.55321],[-58.45853,-34.55339],[-58.45876,-34.5535],[-58.45947,-34.55388],[-58.46041,-34.55437],[-58.46135,-34.55486],[-58.46253,-34.55548],[-58.46284,-34.55561],[-58.46341,-34.55592],[-58.46373,-34.55608],[-58.46434,-34.5564],[-58.46528,-34.55689],[-58.46622,-34.55738],[-58.46718,-34.55789],[-58.46776,-34.55819],[-58.46822,-34.55843],[-58.46918,-34.55893],[-58.46965,-34.55842],[-58.47007,-34.55795],[-58.47087,-34.55703],[-58.47156,-34.55616],[-58.47185,-34.55579],[-58.47245,-34.55502],[-58.47274,-34.55464],[-58.47298,-34.55432],[-58.47298,-34.55432],[-58.47359,-34.55353],[-58.47444,-34.55242],[-58.47357,-34.55194],[-58.4727,-34.55146],[-58.47186,-34.551],[-58.47101,-34.55053],[-58.47016,-34.55006],[-58.4693,-34.54958],[-58.46837,-34.54908],[-58.46819,-34.54894],[-58.46823,-34.5489],[-58.46851,-34.54854],[-58.46855,-34.54848],[-58.46867,-34.54835],[-58.46885,-34.54811],[-58.46898,-34.54795],[-58.46913,-34.54776],[-58.4694,-34.54741],[-58.46994,-34.54672],[-58.47043,-34.54607],[-58.47101,-34.54528],[-58.47154,-34.54457],[-58.47209,-34.54382],[-58.47269,-34.54301],[-58.47324,-34.54227],[-58.47379,-34.54153],[-58.47436,-34.54076],[-58.47493,-34.53999],[-58.47542,-34.53934],[-58.47545,-34.53929],[-58.47549,-34.53925],[-58.47554,-34.53917],[-58.47568,-34.53899],[-58.47576,-34.53889],[-58.47585,-34.53877],[-58.47591,-34.53869],[-58.47595,-34.53863],[-58.47588,-34.5386],[-58.47534,-34.53836],[-58.47527,-34.53833],[-58.47525,-34.53832],[-58.47471,-34.53808],[-58.47464,-34.53805],[-58.47464,-34.53805],[-58.47441,-34.53795],[-58.47432,-34.53791],[-58.47412,-34.53782],[-58.47408,-34.5378],[-58.47405,-34.53779],[-58.47341,-34.53751],[-58.47333,-34.53747],[-58.47332,-34.53747],[-58.4712,-34.53653],[-58.47112,-34.5365],[-58.4711,-34.53649],[-58.46801,-34.53512],[-58.46784,-34.53505],[-58.4676,-34.53494],[-58.46749,-34.53489],[-58.4674,-34.53486],[-58.46739,-34.53485],[-58.46738,-34.53485],[-58.46723,-34.53478],[-58.46722,-34.53478],[-58.46718,-34.53476],[-58.46691,-34.53464],[-58.46691,-34.53464],[-58.46691,-34.53464],[-58.46691,-34.53464],[-58.46691,-34.53464],[-58.4669,-34.53464],[-58.4669,-34.53463],[-58.4669,-34.53463],[-58.4669,-34.53463],[-58.4669,-34.53463],[-58.4669,-34.53463],[-58.4669,-34.53463],[-58.4669,-34.53463],[-58.4669,-34.53463],[-58.4669,-34.53463],[-58.4669,-34.53463],[-58.4669,-34.53463],[-58.4669,-34.53463],[-58.4669,-34.53463],[-58.4669,-34.53463],[-58.4669,-34.53463],[-58.46689,-34.53463],[-58.46689,-34.53463],[-58.46689,-34.53463],[-58.46689,-34.53463],[-58.46689,-34.53463],[-58.46689,-34.53463],[-58.46689,-34.53463],[-58.46689,-34.53463],[-58.46689,-34.53463],[-58.46689,-34.53463],[-58.46689,-34.53463],[-58.46689,-34.53463],[-58.46688,-34.53463],[-58.46688,-34.53463],[-58.46688,-34.53463],[-58.46688,-34.53462],[-58.46688,-34.53462],[-58.46688,-34.53462],[-58.46688,-34.53462],[-58.46688,-34.53462],[-58.46688,-34.53462],[-58.46688,-34.53462],[-58.46688,-34.53462],[-58.46688,-34.53462],[-58.46688,-34.53462],[-58.46688,-34.53462],[-58.46687,-34.53462],[-58.46687,-34.53462],[-58.46687,-34.53462],[-58.46687,-34.53462],[-58.46687,-34.53462],[-58.46687,-34.53462],[-58.46687,-34.53462],[-58.46687,-34.53462],[-58.46687,-34.53462],[-58.46687,-34.53462],[-58.46687,-34.53462],[-58.46687,-34.53462],[-58.46687,-34.53462],[-58.46687,-34.53462],[-58.46686,-34.53462],[-58.46686,-34.53462],[-58.46686,-34.53462],[-58.46686,-34.53462],[-58.46686,-34.53462],[-58.46686,-34.53462],[-58.46686,-34.53462],[-58.46686,-34.53462],[-58.46686,-34.53462],[-58.46686,-34.53462],[-58.46686,-34.53462],[-58.46686,-34.53461],[-58.46686,-34.53461],[-58.46686,-34.53461],[-58.46686,-34.53461],[-58.46685,-34.53461],[-58.46685,-34.53461],[-58.46685,-34.53461],[-58.46685,-34.53461],[-58.46685,-34.53461],[-58.46685,-34.53461],[-58.46684,-34.53461],[-58.46684,-34.53461],[-58.46684,-34.53461],[-58.46684,-34.53461],[-58.46684,-34.5346],[-58.46683,-34.5346],[-58.46683,-34.5346],[-58.46683,-34.5346],[-58.46683,-34.5346],[-58.46683,-34.5346],[-58.46683,-34.5346],[-58.46682,-34.5346],[-58.46682,-34.5346],[-58.46679,-34.53459],[-58.46679,-34.53459],[-58.46679,-34.53459],[-58.46679,-34.53459],[-58.46679,-34.53459],[-58.46679,-34.53459],[-58.46679,-34.53459],[-58.46679,-34.53459],[-58.46679,-34.53459],[-58.46679,-34.53459],[-58.46679,-34.53459],[-58.46679,-34.53459],[-58.46679,-34.53459],[-58.46679,-34.53458],[-58.46679,-34.53458],[-58.46679,-34.53458],[-58.46679,-34.53458],[-58.46679,-34.53458],[-58.46679,-34.53458],[-58.46679,-34.53458],[-58.46679,-34.53458],[-58.46679,-34.53458],[-58.46679,-34.53458],[-58.46679,-34.53458],[-58.46679,-34.53458],[-58.46679,-34.53458],[-58.46679,-34.53458],[-58.46679,-34.53458],[-58.46679,-34.53458],[-58.46679,-34.53458],[-58.46679,-34.53458],[-58.46679,-34.53458],[-58.46679,-34.53458],[-58.46679,-34.53458],[-58.46679,-34.53458],[-58.46679,-34.53458],[-58.46679,-34.53458],[-58.46679,-34.53458],[-58.46679,-34.53458],[-58.46679,-34.53458],[-58.46679,-34.53458],[-58.46679,-34.53458],[-58.46679,-34.53458],[-58.46679,-34.53458],[-58.46679,-34.53458],[-58.46679,-34.53458],[-58.46679,-34.53458],[-58.46679,-34.53458],[-58.46679,-34.53458],[-58.46679,-34.53458],[-58.46679,-34.53458],[-58.46679,-34.53458],[-58.46679,-34.53458],[-58.46679,-34.53458],[-58.46679,-34.53458],[-58.46679,-34.53458],[-58.46679,-34.53458],[-58.46679,-34.53458],[-58.46679,-34.53458],[-58.46679,-34.53458],[-58.46679,-34.53458],[-58.46679,-34.53458],[-58.46679,-34.53458],[-58.46679,-34.53458],[-58.46679,-34.53458],[-58.46679,-34.53458],[-58.46679,-34.53458],[-58.46679,-34.53458],[-58.46679,-34.53458],[-58.46679,-34.53458],[-58.46679,-34.53458],[-58.46679,-34.53458],[-58.46679,-34.53458],[-58.46679,-34.53458],[-58.46679,-34.53458],[-58.46679,-34.53458],[-58.46679,-34.53458],[-58.46679,-34.53458],[-58.46679,-34.53458],[-58.46679,-34.53458],[-58.46679,-34.53458],[-58.46679,-34.53458],[-58.46679,-34.53458],[-58.46679,-34.53458],[-58.46679,-34.53458],[-58.46679,-34.53458],[-58.46679,-34.53458],[-58.46678,-34.53458],[-58.46678,-34.53458],[-58.46678,-34.53458],[-58.46678,-34.53458],[-58.46678,-34.53458],[-58.46678,-34.53458],[-58.46678,-34.53458],[-58.46678,-34.53458],[-58.46678,-34.53458],[-58.46678,-34.53458],[-58.46678,-34.53458],[-58.46678,-34.53458],[-58.46678,-34.53458],[-58.46678,-34.53458],[-58.46678,-34.53458],[-58.46678,-34.53458],[-58.46678,-34.53458],[-58.46678,-34.53458],[-58.46678,-34.53458],[-58.46678,-34.53458],[-58.46677,-34.53458],[-58.46677,-34.53458],[-58.46677,-34.53458],[-58.46677,-34.53458],[-58.46677,-34.53457],[-58.46676,-34.53457],[-58.46676,-34.53457],[-58.46676,-34.53457],[-58.46675,-34.53457],[-58.46675,-34.53457],[-58.46675,-34.53457],[-58.46675,-34.53457],[-58.46675,-34.53457],[-58.46675,-34.53457],[-58.46675,-34.53457],[-58.46675,-34.53457],[-58.46675,-34.53457],[-58.46675,-34.53457],[-58.46675,-34.53457],[-58.46675,-34.53457],[-58.46675,-34.53457],[-58.46675,-34.53457],[-58.46675,-34.53457],[-58.46675,-34.53457],[-58.46675,-34.53457],[-58.46675,-34.53457],[-58.46675,-34.53457],[-58.46675,-34.53457],[-58.46675,-34.53457],[-58.46675,-34.53456],[-58.46674,-34.53456],[-58.46674,-34.53456],[-58.46674,-34.53456],[-58.46674,-34.53456],[-58.46674,-34.53456],[-58.46674,-34.53456],[-58.46674,-34.53456],[-58.46674,-34.53456],[-58.46673,-34.53456],[-58.46673,-34.53456],[-58.46673,-34.53456],[-58.46673,-34.53456],[-58.46672,-34.53456],[-58.46672,-34.53455],[-58.46672,-34.53455],[-58.46671,-34.53455],[-58.46671,-34.53455],[-58.46671,-34.53455],[-58.46671,-34.53455],[-58.46671,-34.53455],[-58.46671,-34.53455],[-58.46671,-34.53455],[-58.46671,-34.53455],[-58.46671,-34.53455],[-58.46671,-34.53455],[-58.46671,-34.53455],[-58.46671,-34.53455],[-58.46671,-34.53455],[-58.46671,-34.53455],[-58.46671,-34.53455],[-58.46671,-34.53455],[-58.46671,-34.53455],[-58.4667,-34.53455],[-58.46668,-34.53454],[-58.46668,-34.53454],[-58.46668,-34.53454],[-58.46668,-34.53453],[-58.46667,-34.53453],[-58.46667,-34.53453],[-58.46666,-34.53453],[-58.46666,-34.53453],[-58.46665,-34.53452],[-58.46665,-34.53452],[-58.46658,-34.53449],[-58.46658,-34.53449],[-58.46652,-34.53447],[-58.4665,-34.53446],[-58.4665,-34.53446],[-58.46642,-34.53442],[-58.46642,-34.53442],[-58.46642,-34.53442],[-58.46642,-34.53442],[-58.46631,-34.53437],[-58.46613,-34.53429],[-58.46613,-34.53429],[-58.46612,-34.53429],[-58.46612,-34.53429],[-58.46612,-34.53429],[-58.46589,-34.53419],[-58.46589,-34.53419],[-58.46499,-34.53379],[-58.46466,-34.53364],[-58.46465,-34.53364],[-58.46462,-34.53362],[-58.46462,-34.53362],[-58.46461,-34.53362],[-58.46461,-34.53362],[-58.4646,-34.53362],[-58.46459,-34.53361],[-58.46456,-34.5336],[-58.46456,-34.5336],[-58.46451,-34.53358],[-58.4645,-34.53357],[-58.46445,-34.53355],[-58.46444,-34.53355],[-58.46438,-34.53352],[-58.46437,-34.53352],[-58.4643,-34.53349],[-58.4643,-34.53348],[-58.46424,-34.53346],[-58.46424,-34.53346],[-58.46417,-34.53343],[-58.46416,-34.53342],[-58.46414,-34.53341],[-58.46414,-34.53341],[-58.46414,-34.53341],[-58.46413,-34.53341],[-58.46411,-34.5334],[-58.46411,-34.5334],[-58.46381,-34.53327],[-58.4638,-34.53327],[-58.4638,-34.53326],[-58.4638,-34.53326],[-58.4638,-34.53326],[-58.4638,-34.53326],[-58.4638,-34.53326],[-58.4638,-34.53326],[-58.46378,-34.53325],[-58.46376,-34.53322],[-58.46319,-34.53257],[-58.46316,-34.53253],[-58.46316,-34.53253],[-58.46312,-34.53249],[-58.46309,-34.53246],[-58.46293,-34.53226],[-58.46283,-34.53215],[-58.46266,-34.53196],[-58.46252,-34.53179],[-58.46235,-34.5316],[-58.46234,-34.53159],[-58.46222,-34.53145],[-58.46222,-34.53145],[-58.46171,-34.53087],[-58.46169,-34.53084],[-58.46169,-34.53084],[-58.46161,-34.53075],[-58.46147,-34.53059],[-58.4614,-34.53051],[-58.46138,-34.53049],[-58.46137,-34.53048],[-58.46128,-34.53038],[-58.46128,-34.53037],[-58.46126,-34.53035],[-58.4612,-34.53028],[-58.46113,-34.5302],[-58.46112,-34.53019],[-58.46111,-34.53018],[-58.46111,-34.53017],[-58.46111,-34.53017],[-58.4611,-34.53017],[-58.4611,-34.53016],[-58.46108,-34.53014],[-58.46107,-34.53013],[-58.46107,-34.53013],[-58.46106,-34.53012],[-58.46105,-34.53011],[-58.46104,-34.53009],[-58.46101,-34.53004],[-58.461,-34.53004],[-58.461,-34.53004],[-58.461,-34.53003],[-58.46099,-34.53002],[-58.46099,-34.53002],[-58.46095,-34.52996],[-58.46095,-34.52995],[-58.46094,-34.52994],[-58.46094,-34.52994],[-58.46094,-34.52994],[-58.46094,-34.52993],[-58.46093,-34.52992],[-58.46092,-34.52991],[-58.46092,-34.5299],[-58.46091,-34.52988],[-58.46089,-34.52985],[-58.46089,-34.52985],[-58.46088,-34.52984],[-58.46088,-34.52984],[-58.46088,-34.52984],[-58.46088,-34.52984],[-58.46088,-34.52984],[-58.46088,-34.52984],[-58.46088,-34.52983],[-58.46087,-34.52982],[-58.46083,-34.52974],[-58.46083,-34.52974],[-58.46083,-34.52974],[-58.46083,-34.52974],[-58.46083,-34.52974],[-58.46083,-34.52973],[-58.46083,-34.52973],[-58.46082,-34.52971],[-58.46079,-34.52963],[-58.46072,-34.52949],[-58.46066,-34.52935],[-58.46058,-34.52921],[-58.4605,-34.52908],[-58.46041,-34.52895],[-58.46031,-34.52882],[-58.46006,-34.5285],[-58.4598,-34.52819],[-58.45974,-34.52812],[-58.45967,-34.52805],[-58.45966,-34.52804],[-58.4596,-34.52797],[-58.45954,-34.52789],[-58.45951,-34.52783],[-58.45949,-34.52777],[-58.45947,-34.52771],[-58.45947,-34.52764],[-58.45947,-34.52758],[-58.45948,-34.52752],[-58.45948,-34.52749],[-58.45948,-34.52747],[-58.45947,-34.52745],[-58.45947,-34.52743],[-58.45945,-34.52741],[-58.4593,-34.5272],[-58.45928,-34.52718],[-58.45925,-34.52715],[-58.4592,-34.52709],[-58.45915,-34.52705],[-58.45915,-34.52705],[-58.45915,-34.52705],[-58.45915,-34.52704],[-58.45914,-34.52704],[-58.45913,-34.52703],[-58.4591,-34.52701],[-58.45909,-34.527],[-58.45909,-34.527],[-58.45909,-34.527],[-58.45909,-34.527],[-58.45907,-34.52699],[-58.45903,-34.52696],[-58.45903,-34.52696],[-58.45903,-34.52696],[-58.45903,-34.52696],[-58.45902,-34.52695],[-58.45901,-34.52695],[-58.45901,-34.52695],[-58.459,-34.52694],[-58.45894,-34.52691],[-58.45894,-34.52691],[-58.45891,-34.52688],[-58.45891,-34.52688],[-58.45891,-34.52688],[-58.4589,-34.52688],[-58.4589,-34.52688],[-58.4589,-34.52688],[-58.45889,-34.52687],[-58.45881,-34.52682],[-58.45881,-34.52682],[-58.45879,-34.5268],[-58.45879,-34.5268],[-58.45879,-34.5268],[-58.45878,-34.5268],[-58.45875,-34.52678],[-58.45874,-34.52677],[-58.45874,-34.52677],[-58.45871,-34.52675],[-58.45871,-34.52675],[-58.45871,-34.52675],[-58.45865,-34.52672],[-58.45863,-34.52671],[-58.45862,-34.5267],[-58.45857,-34.52668],[-58.45855,-34.52667],[-58.45854,-34.52666],[-58.45854,-34.52666],[-58.45854,-34.52666],[-58.45852,-34.52666],[-58.45851,-34.52665],[-58.45846,-34.52663],[-58.45845,-34.52663],[-58.45845,-34.52663],[-58.45844,-34.52663],[-58.45832,-34.52659],[-58.4582,-34.52656],[-58.45807,-34.52653],[-58.45794,-34.52651],[-58.45781,-34.5265],[-58.45771,-34.52649],[-58.45762,-34.52649],[-58.45752,-34.5265],[-58.45743,-34.52651],[-58.45734,-34.52653],[-58.45725,-34.52656],[-58.45716,-34.52659],[-58.45704,-34.52662],[-58.45692,-34.52666],[-58.4568,-34.5267],[-58.45672,-34.52674],[-58.45671,-34.52674],[-58.45664,-34.52678],[-58.45656,-34.52683],[-58.45612,-34.5271],[-58.45599,-34.52718],[-58.45564,-34.5274],[-58.45561,-34.52741],[-58.45558,-34.52743],[-58.45556,-34.52745],[-58.45554,-34.52747],[-58.45544,-34.52759],[-58.45533,-34.52773],[-58.45507,-34.52806],[-58.45505,-34.52808],[-58.45505,-34.52808],[-58.45492,-34.52823],[-58.45484,-34.52834],[-58.45477,-34.52843],[-58.45471,-34.52849],[-58.45469,-34.52852],[-58.45467,-34.52854],[-58.45465,-34.52856],[-58.45464,-34.52858],[-58.45464,-34.52858],[-58.45464,-34.52858],[-58.45464,-34.52858],[-58.45464,-34.52858],[-58.45464,-34.52859],[-58.45464,-34.52859],[-58.45451,-34.52871],[-58.45448,-34.52874],[-58.45442,-34.5288],[-58.45437,-34.52886],[-58.45431,-34.52891],[-58.45426,-34.52896],[-58.45423,-34.529],[-58.45421,-34.52901],[-58.45411,-34.52903],[-58.45397,-34.52907],[-58.45385,-34.5291],[-58.45375,-34.52912],[-58.45366,-34.52915],[-58.45356,-34.52917],[-58.45346,-34.5292],[-58.45343,-34.52921],[-58.45343,-34.52921],[-58.45343,-34.52921],[-58.45343,-34.52921],[-58.45332,-34.52926],[-58.45317,-34.52933],[-58.45304,-34.52939],[-58.4529,-34.52946],[-58.45276,-34.52953],[-58.45266,-34.52957],[-58.45256,-34.52962],[-58.45256,-34.52962],[-58.45256,-34.52962],[-58.45255,-34.52963],[-58.45244,-34.52969],[-58.45239,-34.52972],[-58.45236,-34.52973],[-58.45231,-34.52976],[-58.45226,-34.52979],[-58.4522,-34.52983],[-58.45218,-34.52984],[-58.45215,-34.52985],[-58.45213,-34.52986],[-58.4521,-34.52988],[-58.45207,-34.5299],[-58.45202,-34.52992],[-58.45198,-34.52994],[-58.45198,-34.52995],[-58.45197,-34.52995],[-58.45196,-34.52996],[-58.4519,-34.52999],[-58.45186,-34.53001],[-58.45185,-34.53002],[-58.45181,-34.53004],[-58.45179,-34.53005],[-58.45177,-34.53007],[-58.45175,-34.53007],[-58.45174,-34.53008],[-58.45173,-34.53009],[-58.45172,-34.53009],[-58.45171,-34.53009],[-58.45171,-34.53009],[-58.45171,-34.53009],[-58.45171,-34.53009],[-58.45171,-34.53009],[-58.45171,-34.5301],[-58.45171,-34.5301],[-58.45171,-34.5301],[-58.45171,-34.5301],[-58.45171,-34.5301],[-58.45171,-34.5301],[-58.45171,-34.5301],[-58.45171,-34.5301],[-58.45171,-34.5301],[-58.45171,-34.5301],[-58.45171,-34.5301],[-58.4517,-34.53011],[-58.45169,-34.53013],[-58.45169,-34.53015],[-58.45168,-34.53016],[-58.45168,-34.53016],[-58.45167,-34.53017],[-58.45167,-34.53018],[-58.45166,-34.5302],[-58.45165,-34.53022],[-58.45163,-34.53025],[-58.45162,-34.53028],[-58.4516,-34.53031],[-58.45159,-34.53033],[-58.45158,-34.53035],[-58.45157,-34.53038],[-58.45155,-34.5304],[-58.45154,-34.53042],[-58.45154,-34.53042],[-58.45154,-34.53043],[-58.45155,-34.53043],[-58.45156,-34.53045],[-58.4516,-34.53052],[-58.45166,-34.53062],[-58.45168,-34.53065],[-58.45173,-34.53073],[-58.4518,-34.53085],[-58.45182,-34.53088],[-58.45183,-34.5309],[-58.45184,-34.53091],[-58.45185,-34.53093],[-58.45186,-34.53094],[-58.45187,-34.53095],[-58.45187,-34.53095],[-58.45187,-34.53095],[-58.45187,-34.53095],[-58.45187,-34.53095],[-58.45187,-34.53096],[-58.45187,-34.53096],[-58.45188,-34.53096],[-58.45188,-34.53096],[-58.45188,-34.53097],[-58.45188,-34.53097],[-58.45188,-34.53097],[-58.45189,-34.53097],[-58.45189,-34.53098],[-58.45189,-34.53098],[-58.45189,-34.53098],[-58.4519,-34.53098],[-58.4519,-34.53099],[-58.4519,-34.53099],[-58.4519,-34.53099],[-58.4519,-34.531],[-58.45191,-34.531],[-58.45191,-34.531],[-58.45191,-34.531],[-58.45191,-34.531],[-58.45191,-34.531],[-58.45191,-34.531],[-58.45191,-34.53101],[-58.45192,-34.53101],[-58.45192,-34.53101],[-58.45192,-34.53101],[-58.45192,-34.53101],[-58.45192,-34.53101],[-58.45192,-34.53102],[-58.45192,-34.53102],[-58.45192,-34.53102],[-58.45192,-34.53102],[-58.45193,-34.53102],[-58.45193,-34.53102],[-58.45193,-34.53102],[-58.45193,-34.53103],[-58.45193,-34.53103],[-58.45193,-34.53103],[-58.45193,-34.53103],[-58.45193,-34.53103],[-58.45194,-34.53103],[-58.45194,-34.53103],[-58.45194,-34.53104],[-58.45194,-34.53104],[-58.45194,-34.53104],[-58.45194,-34.53104],[-58.45194,-34.53104],[-58.45194,-34.53104],[-58.45194,-34.53104],[-58.45194,-34.53104],[-58.45195,-34.53105],[-58.45195,-34.53105],[-58.45195,-34.53105],[-58.45195,-34.53105],[-58.45195,-34.53105],[-58.45195,-34.53105],[-58.45195,-34.53105],[-58.45195,-34.53105],[-58.45195,-34.53106],[-58.45195,-34.53106],[-58.45196,-34.53106],[-58.45196,-34.53106],[-58.45196,-34.53106],[-58.45196,-34.53106],[-58.45196,-34.53106],[-58.45196,-34.53107],[-58.45196,-34.53107],[-58.45196,-34.53107],[-58.45197,-34.53107],[-58.45197,-34.53108],[-58.45197,-34.53108],[-58.45197,-34.53108],[-58.45198,-34.53108],[-58.45198,-34.53109],[-58.45198,-34.53109],[-58.45199,-34.5311],[-58.45199,-34.5311],[-58.45199,-34.5311],[-58.452,-34.53111],[-58.452,-34.53112],[-58.45202,-34.53114],[-58.45203,-34.53115],[-58.45208,-34.53122],[-58.45217,-34.53132],[-58.45218,-34.53134],[-58.45221,-34.53138],[-58.45226,-34.53143],[-58.45227,-34.53144],[-58.45227,-34.53144],[-58.45228,-34.53146],[-58.45229,-34.53147],[-58.4523,-34.53148],[-58.4523,-34.53148],[-58.4523,-34.53148],[-58.4523,-34.53148],[-58.4523,-34.53148],[-58.45234,-34.53154],[-58.45238,-34.5316],[-58.45249,-34.53174],[-58.45253,-34.5318],[-58.45257,-34.53185],[-58.4526,-34.53189],[-58.45264,-34.53194],[-58.45267,-34.53198],[-58.45268,-34.532],[-58.45269,-34.53201],[-58.45269,-34.53201],[-58.45269,-34.53202],[-58.4527,-34.53202],[-58.4527,-34.53203],[-58.4527,-34.53203],[-58.4527,-34.53203],[-58.4527,-34.53203],[-58.45271,-34.53204],[-58.45273,-34.53207],[-58.45322,-34.53283],[-58.45413,-34.53417],[-58.45441,-34.53452],[-58.45452,-34.53475],[-58.45467,-34.53494],[-58.45491,-34.53515],[-58.4549,-34.5352],[-58.45497,-34.53527],[-58.4551,-34.53531],[-58.45519,-34.53536],[-58.45526,-34.53538],[-58.45539,-34.53545],[-58.45544,-34.53549],[-58.45551,-34.53554],[-58.45555,-34.53555],[-58.4556,-34.53558],[-58.45675,-34.53617],[-58.45688,-34.53624],[-58.45798,-34.53674],[-58.458,-34.53673],[-58.45874,-34.53707],[-58.45876,-34.53708],[-58.45878,-34.53709],[-58.45879,-34.53709],[-58.45879,-34.5371],[-58.45879,-34.5371],[-58.45885,-34.53712],[-58.45872,-34.53721]]]}},{"type":"Feature","properties":{"barrio":"Palermo","comuna":14},"geometry":{"type":"Polygon","coordinates":[[[-58.4252,-34.5512],[-58.4257,-34.55216],[-58.42424,-34.55264],[-58.42383,-34.55276],[-58.42369,-34.5528],[-58.42369,-34.5528],[-58.42343,-34.55287],[-58.42332,-34.5529],[-58.42313,-34.55295],[-58.42289,-34.55302],[-58.42283,-34.55287],[-58.42232,-34.55298],[-58.42233,-34.55302],[-58.42238,-34.55313],[-58.4223,-34.55315],[-58.42226,-34.55316],[-58.42128,-34.55342],[-58.42124,-34.55342],[-58.42095,-34.5535],[-58.42068,-34.55357],[-58.42039,-34.55364],[-58.42018,-34.55369],[-58.42001,-34.55373],[-58.41987,-34.55376],[-58.41987,-34.55376],[-58.41987,-34.55377],[-58.41978,-34.55379],[-58.41972,-34.5538],[-58.41972,-34.5538],[-58.41972,-34.5538],[-58.41967,-34.55381],[-58.41964,-34.55382],[-58.4196,-34.55383],[-58.41953,-34.55385],[-58.41948,-34.55386],[-58.41943,-34.55387],[-58.41943,-34.55387],[-58.41943,-34.55387],[-58.41938,-34.55388],[-58.41928,-34.55391],[-58.41923,-34.55392],[-58.41922,-34.55393],[-58.41918,-34.55394],[-58.41918,-34.55394],[-58.41917,-34.55394],[-58.41908,-34.55396],[-58.41901,-34.55398],[-58.41901,-34.55398],[-58.41901,-34.55398],[-58.41894,-34.554],[-58.41885,-34.55402],[-58.41878,-34.55404],[-58.41872,-34.55405],[-58.41871,-34.55405],[-58.41864,-34.55407],[-58.4185,-34.55411],[-58.41849,-34.55411],[-58.41839,-34.55413],[-58.41839,-34.55413],[-58.41825,-34.55417],[-58.41812,-34.5542],[-58.41806,-34.55422],[-58.41801,-34.55423],[-58.41798,-34.55424],[-58.4179,-34.55426],[-58.41784,-34.55427],[-58.41783,-34.55427],[-58.41783,-34.55427],[-58.41777,-34.55429],[-58.41763,-34.55432],[-58.41751,-34.55435],[-58.41739,-34.55438],[-58.41739,-34.55438],[-58.41724,-34.55443],[-58.41719,-34.55444],[-58.4171,-34.55446],[-58.41695,-34.5545],[-58.4169,-34.55452],[-58.41687,-34.55452],[-58.41683,-34.55454],[-58.41679,-34.55455],[-58.41677,-34.55455],[-58.41673,-34.55456],[-58.41658,-34.55461],[-58.41643,-34.55466],[-58.41643,-34.55466],[-58.4163,-34.5547],[-58.4163,-34.5547],[-58.41616,-34.55474],[-58.41616,-34.55474],[-58.41601,-34.55479],[-58.41594,-34.55481],[-58.41591,-34.55482],[-58.41585,-34.55484],[-58.41568,-34.5549],[-58.41555,-34.55495],[-58.41542,-34.555],[-58.41534,-34.55503],[-58.4153,-34.55504],[-58.4153,-34.55504],[-58.41517,-34.55509],[-58.4151,-34.55512],[-58.41504,-34.55514],[-58.41499,-34.55516],[-58.41499,-34.55516],[-58.41496,-34.55517],[-58.4149,-34.5552],[-58.41483,-34.55523],[-58.41477,-34.55525],[-58.41477,-34.55525],[-58.41463,-34.55531],[-58.41456,-34.55534],[-58.41451,-34.55536],[-58.41439,-34.55541],[-58.41439,-34.55541],[-58.41431,-34.55545],[-58.41427,-34.55547],[-58.41425,-34.55547],[-58.4142,-34.55551],[-58.41418,-34.55552],[-58.41413,-34.55554],[-58.41412,-34.55555],[-58.41412,-34.55555],[-58.41412,-34.55555],[-58.41402,-34.5556],[-58.41402,-34.5556],[-58.41395,-34.55564],[-58.41389,-34.55568],[-58.41379,-34.55573],[-58.41379,-34.55573],[-58.41378,-34.55574],[-58.41378,-34.55574],[-58.41367,-34.5558],[-58.41367,-34.5558],[-58.41357,-34.55585],[-58.41347,-34.55591],[-58.41336,-34.55596],[-58.41331,-34.55599],[-58.41331,-34.55599],[-58.41325,-34.55602],[-58.41313,-34.55608],[-58.41308,-34.55611],[-58.41303,-34.55614],[-58.41295,-34.55619],[-58.41284,-34.55625],[-58.41281,-34.55627],[-58.41276,-34.55629],[-58.41273,-34.55631],[-58.41268,-34.55634],[-58.41268,-34.55634],[-58.41263,-34.55637],[-58.41259,-34.5564],[-58.41259,-34.5564],[-58.41256,-34.55641],[-58.41252,-34.55643],[-58.41245,-34.55648],[-58.41239,-34.55651],[-58.41236,-34.55653],[-58.41228,-34.55658],[-58.41228,-34.55658],[-58.41219,-34.55664],[-58.41215,-34.55666],[-58.41211,-34.55669],[-58.41203,-34.55674],[-58.41197,-34.55678],[-58.41196,-34.55679],[-58.41192,-34.55681],[-58.41192,-34.55681],[-58.41191,-34.55682],[-58.41188,-34.55684],[-58.41181,-34.55689],[-58.4118,-34.5569],[-58.41176,-34.55692],[-58.41175,-34.55693],[-58.41175,-34.55693],[-58.41171,-34.55695],[-58.41168,-34.55697],[-58.41154,-34.55707],[-58.41142,-34.55715],[-58.41114,-34.55735],[-58.41114,-34.55735],[-58.41109,-34.5573],[-58.41103,-34.55725],[-58.41088,-34.55728],[-58.41074,-34.5573],[-58.41074,-34.5573],[-58.41069,-34.55725],[-58.41065,-34.55721],[-58.41067,-34.55719],[-58.41068,-34.55719],[-58.41066,-34.55717],[-58.41066,-34.55717],[-58.41064,-34.55716],[-58.41064,-34.55715],[-58.41008,-34.55665],[-58.41007,-34.55666],[-58.41006,-34.55667],[-58.41004,-34.55668],[-58.41003,-34.55667],[-58.41002,-34.55666],[-58.41001,-34.55665],[-58.41001,-34.55665],[-58.40997,-34.55662],[-58.40992,-34.5566],[-58.40987,-34.55658],[-58.40982,-34.55657],[-58.40977,-34.55656],[-58.40972,-34.55656],[-58.40967,-34.55657],[-58.40961,-34.55658],[-58.40957,-34.5566],[-58.40952,-34.55662],[-58.40948,-34.55666],[-58.40945,-34.5567],[-58.40942,-34.55675],[-58.4094,-34.5568],[-58.40939,-34.55685],[-58.40939,-34.5569],[-58.40939,-34.55695],[-58.40941,-34.55699],[-58.40941,-34.557],[-58.40944,-34.55705],[-58.40948,-34.55709],[-58.40948,-34.55709],[-58.40948,-34.5571],[-58.40947,-34.55711],[-58.40945,-34.55712],[-58.40944,-34.55713],[-58.40943,-34.55713],[-58.41003,-34.55765],[-58.41003,-34.55765],[-58.41007,-34.55762],[-58.41007,-34.55763],[-58.41007,-34.55763],[-58.41019,-34.55773],[-58.41008,-34.55797],[-58.4102,-34.55807],[-58.4101,-34.55814],[-58.40993,-34.55828],[-58.40968,-34.55848],[-58.40956,-34.55859],[-58.40945,-34.55868],[-58.40932,-34.5588],[-58.40929,-34.55883],[-58.40919,-34.55891],[-58.40914,-34.55895],[-58.40911,-34.55897],[-58.4091,-34.55898],[-58.4091,-34.55898],[-58.40906,-34.559],[-58.40902,-34.55902],[-58.40893,-34.55907],[-58.40885,-34.55911],[-58.40879,-34.55916],[-58.40878,-34.55917],[-58.40871,-34.55922],[-58.40864,-34.55928],[-58.40863,-34.55929],[-58.40837,-34.55951],[-58.40832,-34.55956],[-58.40792,-34.55989],[-58.40753,-34.56022],[-58.40734,-34.56037],[-58.40713,-34.56055],[-58.40688,-34.56076],[-58.40683,-34.56081],[-58.40666,-34.56096],[-58.40642,-34.56118],[-58.40633,-34.56126],[-58.40614,-34.56144],[-58.40598,-34.56159],[-58.40583,-34.56173],[-58.40577,-34.56178],[-58.4056,-34.56195],[-58.4054,-34.56212],[-58.40523,-34.56228],[-58.40518,-34.56233],[-58.40508,-34.56243],[-58.40485,-34.56263],[-58.40482,-34.56266],[-58.4048,-34.5627],[-58.40475,-34.56277],[-58.40474,-34.56281],[-58.40474,-34.56285],[-58.40475,-34.56289],[-58.40475,-34.56292],[-58.40475,-34.56292],[-58.40476,-34.56292],[-58.40475,-34.56293],[-58.40474,-34.56294],[-58.40472,-34.56294],[-58.40471,-34.56294],[-58.4047,-34.56295],[-58.40468,-34.56295],[-58.40467,-34.56294],[-58.40466,-34.56294],[-58.40465,-34.56294],[-58.40447,-34.56284],[-58.40443,-34.56282],[-58.40443,-34.56282],[-58.40442,-34.56284],[-58.40418,-34.56314],[-58.40416,-34.56316],[-58.40391,-34.56348],[-58.40391,-34.56348],[-58.40391,-34.56348],[-58.40388,-34.56346],[-58.40384,-34.56344],[-58.40367,-34.56335],[-58.40367,-34.56335],[-58.40374,-34.56326],[-58.40374,-34.56326],[-58.40354,-34.56315],[-58.40351,-34.56314],[-58.40342,-34.56308],[-58.4034,-34.56307],[-58.4034,-34.56307],[-58.40336,-34.56312],[-58.40333,-34.56316],[-58.40333,-34.56316],[-58.40332,-34.56316],[-58.40248,-34.56273],[-58.402,-34.56248],[-58.40186,-34.56241],[-58.40172,-34.56233],[-58.40027,-34.56159],[-58.39991,-34.56138],[-58.39893,-34.56087],[-58.39893,-34.56087],[-58.39895,-34.56083],[-58.39895,-34.56083],[-58.39879,-34.56075],[-58.39868,-34.56089],[-58.39868,-34.56089],[-58.3987,-34.5609],[-58.3987,-34.5609],[-58.39869,-34.56091],[-58.3987,-34.56092],[-58.39883,-34.56099],[-58.39888,-34.56093],[-58.39889,-34.56093],[-58.39976,-34.56138],[-58.40076,-34.5619],[-58.40313,-34.56313],[-58.40329,-34.56321],[-58.40329,-34.56321],[-58.40327,-34.56324],[-58.40327,-34.56324],[-58.40324,-34.56328],[-58.40322,-34.5633],[-58.40322,-34.5633],[-58.4034,-34.5634],[-58.40356,-34.56349],[-58.40356,-34.56349],[-58.4036,-34.56344],[-58.40364,-34.5634],[-58.40364,-34.5634],[-58.40371,-34.56344],[-58.40395,-34.56357],[-58.40388,-34.56363],[-58.40381,-34.56369],[-58.40373,-34.56374],[-58.40365,-34.56379],[-58.40356,-34.56384],[-58.40349,-34.56386],[-58.40347,-34.56387],[-58.40347,-34.56387],[-58.40345,-34.56385],[-58.40338,-34.56387],[-58.40328,-34.5639],[-58.40318,-34.56392],[-58.40308,-34.56394],[-58.40298,-34.56395],[-58.40283,-34.56395],[-58.40278,-34.56396],[-58.40269,-34.56396],[-58.4026,-34.56396],[-58.40252,-34.56395],[-58.40243,-34.56393],[-58.40235,-34.56391],[-58.40223,-34.56389],[-58.4022,-34.56388],[-58.40216,-34.56387],[-58.40216,-34.56386],[-58.40202,-34.56379],[-58.40201,-34.56379],[-58.402,-34.56378],[-58.40181,-34.56367],[-58.40172,-34.56358],[-58.4016,-34.56348],[-58.40126,-34.56334],[-58.40123,-34.56334],[-58.40118,-34.56333],[-58.40112,-34.56333],[-58.40104,-34.56336],[-58.40099,-34.56338],[-58.40099,-34.56338],[-58.40098,-34.56338],[-58.40094,-34.56341],[-58.40088,-34.56349],[-58.40088,-34.56354],[-58.40088,-34.56355],[-58.40087,-34.56363],[-58.40095,-34.56371],[-58.40095,-34.56371],[-58.40096,-34.56372],[-58.40094,-34.56373],[-58.40093,-34.56374],[-58.40089,-34.56376],[-58.40092,-34.56378],[-58.40092,-34.5638],[-58.40092,-34.56382],[-58.4011,-34.56404],[-58.40098,-34.56413],[-58.401,-34.56417],[-58.40098,-34.56418],[-58.40095,-34.56419],[-58.40093,-34.56421],[-58.40091,-34.56423],[-58.40089,-34.56425],[-58.40085,-34.56421],[-58.40071,-34.5643],[-58.40071,-34.5643],[-58.40047,-34.5641],[-58.40047,-34.5641],[-58.40033,-34.56399],[-58.4003,-34.56398],[-58.40027,-34.56397],[-58.40027,-34.56397],[-58.40023,-34.56396],[-58.40018,-34.56393],[-58.40013,-34.5639],[-58.40007,-34.56385],[-58.39992,-34.56377],[-58.39988,-34.56375],[-58.39981,-34.56371],[-58.39961,-34.56363],[-58.39952,-34.56361],[-58.3994,-34.56363],[-58.3993,-34.56364],[-58.39921,-34.56366],[-58.39907,-34.5637],[-58.39885,-34.56379],[-58.39872,-34.56385],[-58.39862,-34.56391],[-58.3985,-34.56398],[-58.3984,-34.56406],[-58.3984,-34.56406],[-58.39788,-34.56453],[-58.39777,-34.5646],[-58.39765,-34.56467],[-58.39757,-34.56471],[-58.3975,-34.56476],[-58.39743,-34.56482],[-58.39738,-34.56487],[-58.39728,-34.56491],[-58.39711,-34.56498],[-58.39704,-34.565],[-58.39692,-34.5651],[-58.39688,-34.56514],[-58.39684,-34.5652],[-58.39681,-34.56526],[-58.39678,-34.56533],[-58.39675,-34.56544],[-58.39675,-34.5655],[-58.39675,-34.56556],[-58.39677,-34.56564],[-58.3968,-34.56572],[-58.39683,-34.56577],[-58.39688,-34.56583],[-58.39695,-34.56591],[-58.39698,-34.56594],[-58.39705,-34.566],[-58.39713,-34.56603],[-58.3972,-34.56607],[-58.3972,-34.56607],[-58.39727,-34.5661],[-58.39733,-34.56613],[-58.39739,-34.56615],[-58.39743,-34.56618],[-58.39747,-34.56621],[-58.3975,-34.56624],[-58.39753,-34.56627],[-58.39755,-34.5663],[-58.39757,-34.56634],[-58.39759,-34.56639],[-58.39761,-34.56643],[-58.39763,-34.56646],[-58.39766,-34.56651],[-58.39769,-34.56654],[-58.39773,-34.56658],[-58.39778,-34.56662],[-58.39783,-34.56667],[-58.39788,-34.56671],[-58.39793,-34.56675],[-58.39797,-34.5668],[-58.39803,-34.56685],[-58.39809,-34.56691],[-58.39815,-34.56696],[-58.39822,-34.56702],[-58.39828,-34.56706],[-58.39838,-34.56714],[-58.39856,-34.56729],[-58.39865,-34.56736],[-58.39873,-34.56743],[-58.39876,-34.56747],[-58.39878,-34.56749],[-58.39882,-34.56753],[-58.39888,-34.56758],[-58.39888,-34.56758],[-58.39888,-34.56759],[-58.39891,-34.56761],[-58.39891,-34.56761],[-58.39891,-34.56761],[-58.39895,-34.56765],[-58.39898,-34.56768],[-58.39901,-34.56771],[-58.39903,-34.56773],[-58.39903,-34.56774],[-58.39903,-34.56774],[-58.39907,-34.56777],[-58.39911,-34.56782],[-58.39915,-34.56786],[-58.39917,-34.56789],[-58.39921,-34.56793],[-58.39921,-34.56793],[-58.39923,-34.56795],[-58.39927,-34.56799],[-58.39932,-34.56804],[-58.39941,-34.56813],[-58.39941,-34.56813],[-58.39942,-34.56814],[-58.39972,-34.56848],[-58.39992,-34.56871],[-58.40014,-34.56896],[-58.40019,-34.56901],[-58.39995,-34.56916],[-58.39993,-34.56918],[-58.39993,-34.56918],[-58.39992,-34.56917],[-58.39989,-34.56915],[-58.39956,-34.56881],[-58.39954,-34.56878],[-58.39953,-34.56877],[-58.39953,-34.56877],[-58.39951,-34.56875],[-58.39947,-34.56871],[-58.39937,-34.56861],[-58.39937,-34.56861],[-58.39922,-34.56846],[-58.39922,-34.56846],[-58.39909,-34.56832],[-58.399,-34.56823],[-58.39892,-34.56815],[-58.39892,-34.56815],[-58.39889,-34.56811],[-58.39883,-34.56805],[-58.39866,-34.56788],[-58.39843,-34.56764],[-58.39843,-34.56764],[-58.39839,-34.5676],[-58.39839,-34.5676],[-58.39839,-34.5676],[-58.39836,-34.56757],[-58.39829,-34.5675],[-58.39819,-34.5674],[-58.3981,-34.56731],[-58.39806,-34.56727],[-58.39804,-34.56724],[-58.39799,-34.5672],[-58.39793,-34.56714],[-58.39786,-34.56706],[-58.39761,-34.5668],[-58.39761,-34.5668],[-58.3976,-34.56678],[-58.39758,-34.56676],[-58.39756,-34.56675],[-58.39756,-34.56674],[-58.39754,-34.56672],[-58.39754,-34.56672],[-58.39754,-34.56672],[-58.39753,-34.56672],[-58.39752,-34.56671],[-58.39751,-34.5667],[-58.3975,-34.56669],[-58.3975,-34.56669],[-58.3975,-34.56669],[-58.39749,-34.56668],[-58.39749,-34.56668],[-58.39749,-34.56668],[-58.39748,-34.56668],[-58.39748,-34.56667],[-58.39745,-34.56665],[-58.39744,-34.56665],[-58.39742,-34.56663],[-58.39742,-34.56663],[-58.39742,-34.56663],[-58.39741,-34.56662],[-58.39739,-34.56662],[-58.39738,-34.56661],[-58.39737,-34.56661],[-58.39735,-34.5666],[-58.39735,-34.5666],[-58.39734,-34.5666],[-58.39733,-34.5666],[-58.39733,-34.5666],[-58.39733,-34.5666],[-58.39732,-34.56659],[-58.3973,-34.56659],[-58.3973,-34.56659],[-58.39729,-34.56659],[-58.39729,-34.56659],[-58.39728,-34.56659],[-58.39727,-34.56659],[-58.39726,-34.56659],[-58.39724,-34.56659],[-58.39724,-34.56659],[-58.39723,-34.56659],[-58.39723,-34.56659],[-58.39721,-34.5666],[-58.3972,-34.5666],[-58.3972,-34.5666],[-58.3972,-34.5666],[-58.39717,-34.56661],[-58.39715,-34.56661],[-58.39709,-34.56663],[-58.39705,-34.56664],[-58.39702,-34.56665],[-58.39701,-34.56666],[-58.39701,-34.56666],[-58.39698,-34.56667],[-58.39697,-34.56667],[-58.39695,-34.56668],[-58.39689,-34.56672],[-58.39688,-34.56672],[-58.39688,-34.56672],[-58.39678,-34.56677],[-58.39669,-34.56681],[-58.39669,-34.56681],[-58.39657,-34.56686],[-58.39657,-34.56686],[-58.39656,-34.56687],[-58.39654,-34.56687],[-58.39654,-34.56687],[-58.39653,-34.56688],[-58.39653,-34.56688],[-58.39652,-34.56688],[-58.39652,-34.56689],[-58.39652,-34.56689],[-58.39651,-34.56689],[-58.39651,-34.5669],[-58.3965,-34.56691],[-58.39647,-34.56694],[-58.39645,-34.56695],[-58.39645,-34.56695],[-58.39637,-34.56705],[-58.39632,-34.5671],[-58.39632,-34.5671],[-58.3963,-34.56712],[-58.39626,-34.56716],[-58.39625,-34.56717],[-58.39625,-34.56717],[-58.39624,-34.56718],[-58.39623,-34.5672],[-58.39622,-34.56721],[-58.3962,-34.56723],[-58.3962,-34.56723],[-58.39619,-34.56725],[-58.39619,-34.56725],[-58.39617,-34.56727],[-58.39613,-34.56733],[-58.39613,-34.56733],[-58.39606,-34.56743],[-58.39601,-34.5675],[-58.39597,-34.56757],[-58.39594,-34.56761],[-58.39594,-34.56761],[-58.39587,-34.5677],[-58.39586,-34.56773],[-58.39586,-34.56773],[-58.39585,-34.56773],[-58.39584,-34.56775],[-58.39584,-34.56775],[-58.39583,-34.56776],[-58.39581,-34.56774],[-58.39581,-34.56774],[-58.39581,-34.56774],[-58.39579,-34.56773],[-58.39575,-34.56779],[-58.39575,-34.56779],[-58.3958,-34.56781],[-58.3958,-34.56781],[-58.3958,-34.56781],[-58.3958,-34.56781],[-58.39575,-34.56787],[-58.39575,-34.56787],[-58.39574,-34.5679],[-58.39571,-34.56793],[-58.39569,-34.56797],[-58.3956,-34.56809],[-58.39552,-34.56821],[-58.39552,-34.56821],[-58.39552,-34.56821],[-58.39541,-34.56837],[-58.39541,-34.56837],[-58.39525,-34.56861],[-58.39525,-34.56862],[-58.39524,-34.56864],[-58.39524,-34.56864],[-58.39523,-34.56865],[-58.39523,-34.56865],[-58.39523,-34.56866],[-58.39523,-34.56868],[-58.39522,-34.56871],[-58.39522,-34.56872],[-58.39522,-34.56872],[-58.39522,-34.56872],[-58.39521,-34.56874],[-58.39521,-34.56876],[-58.39521,-34.56876],[-58.39521,-34.56877],[-58.39521,-34.56879],[-58.39521,-34.5688],[-58.39521,-34.56882],[-58.39521,-34.56887],[-58.39522,-34.56893],[-58.39522,-34.56893],[-58.39522,-34.56894],[-58.39522,-34.56894],[-58.39522,-34.56894],[-58.39522,-34.56895],[-58.39522,-34.56895],[-58.39522,-34.56895],[-58.39522,-34.56895],[-58.39521,-34.56895],[-58.39521,-34.56895],[-58.39521,-34.56896],[-58.39521,-34.56896],[-58.39521,-34.56896],[-58.39521,-34.56896],[-58.3952,-34.56896],[-58.3952,-34.56896],[-58.3952,-34.56896],[-58.3952,-34.56897],[-58.39519,-34.56897],[-58.39519,-34.56897],[-58.39519,-34.56897],[-58.39519,-34.56897],[-58.39518,-34.56898],[-58.39509,-34.56907],[-58.39509,-34.56907],[-58.39505,-34.56912],[-58.39502,-34.56915],[-58.39497,-34.5692],[-58.39495,-34.56922],[-58.39495,-34.56922],[-58.39493,-34.56924],[-58.39493,-34.56924],[-58.39492,-34.56925],[-58.39492,-34.56925],[-58.39492,-34.56925],[-58.39491,-34.56925],[-58.39491,-34.56925],[-58.3949,-34.56924],[-58.39489,-34.56923],[-58.39488,-34.56922],[-58.39486,-34.56921],[-58.39486,-34.56921],[-58.39486,-34.5692],[-58.39485,-34.5692],[-58.39484,-34.56919],[-58.39483,-34.56919],[-58.3948,-34.56917],[-58.39477,-34.56916],[-58.39477,-34.56916],[-58.39477,-34.56916],[-58.39477,-34.56916],[-58.39477,-34.56916],[-58.39476,-34.56916],[-58.39475,-34.56916],[-58.39475,-34.56915],[-58.39474,-34.56915],[-58.39474,-34.56915],[-58.39474,-34.56915],[-58.39474,-34.56915],[-58.39472,-34.56915],[-58.39472,-34.56915],[-58.39472,-34.56915],[-58.39472,-34.56915],[-58.39471,-34.56915],[-58.39471,-34.56915],[-58.3947,-34.56915],[-58.3947,-34.56915],[-58.3947,-34.56915],[-58.39469,-34.56915],[-58.39469,-34.56915],[-58.39468,-34.56916],[-58.39467,-34.56916],[-58.39467,-34.56916],[-58.39465,-34.56916],[-58.39465,-34.56916],[-58.39465,-34.56916],[-58.39465,-34.56916],[-58.39464,-34.56917],[-58.39463,-34.56917],[-58.39463,-34.56917],[-58.39463,-34.56917],[-58.39463,-34.56918],[-58.39462,-34.56918],[-58.39461,-34.56918],[-58.39461,-34.56919],[-58.3946,-34.56919],[-58.3946,-34.56919],[-58.39459,-34.5692],[-58.39459,-34.5692],[-58.39459,-34.56921],[-58.39458,-34.56921],[-58.39457,-34.56923],[-58.39457,-34.56923],[-58.39457,-34.56923],[-58.39415,-34.56993],[-58.39413,-34.56997],[-58.394,-34.57019],[-58.39388,-34.57039],[-58.39299,-34.57198],[-58.39294,-34.57207],[-58.39292,-34.5721],[-58.39288,-34.57216],[-58.39284,-34.57223],[-58.39284,-34.57223],[-58.39302,-34.57222],[-58.39321,-34.57221],[-58.39331,-34.57222],[-58.39354,-34.57223],[-58.39432,-34.57229],[-58.39433,-34.57229],[-58.39482,-34.57231],[-58.39521,-34.57219],[-58.39837,-34.57039],[-58.3987,-34.5702],[-58.3988,-34.57014],[-58.39882,-34.57013],[-58.399,-34.57004],[-58.39918,-34.56995],[-58.39922,-34.56993],[-58.39923,-34.56993],[-58.39924,-34.56992],[-58.39927,-34.5699],[-58.3993,-34.56989],[-58.39934,-34.56987],[-58.39934,-34.56987],[-58.39935,-34.56987],[-58.39944,-34.56981],[-58.39958,-34.56971],[-58.39981,-34.56956],[-58.40001,-34.56943],[-58.40013,-34.56935],[-58.40013,-34.56935],[-58.40011,-34.56937],[-58.40005,-34.56946],[-58.39991,-34.56965],[-58.39981,-34.5698],[-58.3997,-34.57002],[-58.39965,-34.5702],[-58.39963,-34.5704],[-58.39964,-34.57056],[-58.39972,-34.57081],[-58.39989,-34.57101],[-58.39992,-34.57105],[-58.40031,-34.5715],[-58.40045,-34.57165],[-58.40054,-34.57174],[-58.40067,-34.57186],[-58.40175,-34.57313],[-58.40203,-34.57352],[-58.40241,-34.5739],[-58.40251,-34.574],[-58.40265,-34.57414],[-58.40241,-34.57441],[-58.40214,-34.57474],[-58.40166,-34.57532],[-58.40124,-34.57566],[-58.40115,-34.57574],[-58.40066,-34.57606],[-58.40051,-34.57616],[-58.39994,-34.57649],[-58.39988,-34.57652],[-58.39905,-34.57692],[-58.39861,-34.57716],[-58.39859,-34.57717],[-58.3979,-34.57763],[-58.39782,-34.57768],[-58.39682,-34.57834],[-58.39665,-34.57845],[-58.39656,-34.57851],[-58.39676,-34.57879],[-58.39693,-34.57904],[-58.39796,-34.58049],[-58.39811,-34.5807],[-58.39936,-34.58271],[-58.39928,-34.58273],[-58.39994,-34.58364],[-58.40055,-34.58447],[-58.40113,-34.58394],[-58.40122,-34.58388],[-58.40135,-34.58379],[-58.40135,-34.58379],[-58.40195,-34.58343],[-58.40205,-34.58343],[-58.40403,-34.58344],[-58.40536,-34.58345],[-58.40618,-34.58346],[-58.4064,-34.58381],[-58.40709,-34.5848],[-58.40763,-34.58556],[-58.40804,-34.58615],[-58.40814,-34.58629],[-58.40832,-34.58655],[-58.40903,-34.58756],[-58.4092,-34.58779],[-58.4095,-34.58823],[-58.41008,-34.58906],[-58.41119,-34.59035],[-58.41233,-34.59168],[-58.41239,-34.59175],[-58.41247,-34.59183],[-58.41288,-34.59232],[-58.41353,-34.59307],[-58.4144,-34.59405],[-58.41463,-34.5946],[-58.41505,-34.5956],[-58.41552,-34.59671],[-58.416,-34.59785],[-58.416,-34.59785],[-58.41616,-34.59785],[-58.41616,-34.59785],[-58.41724,-34.59783],[-58.41727,-34.59783],[-58.41727,-34.59783],[-58.41727,-34.59783],[-58.4174,-34.59782],[-58.41741,-34.59782],[-58.41747,-34.59782],[-58.41885,-34.59779],[-58.41894,-34.59779],[-58.41912,-34.59779],[-58.42016,-34.59776],[-58.42043,-34.59776],[-58.42064,-34.59775],[-58.42178,-34.59773],[-58.42275,-34.59771],[-58.42284,-34.59771],[-58.42284,-34.59771],[-58.42337,-34.59775],[-58.42353,-34.59764],[-58.42354,-34.59763],[-58.42454,-34.5972],[-58.42484,-34.59706],[-58.42603,-34.59661],[-58.42624,-34.59651],[-58.42695,-34.59621],[-58.42695,-34.59621],[-58.42699,-34.59619],[-58.42703,-34.59617],[-58.42809,-34.59551],[-58.42917,-34.59485],[-58.42933,-34.59476],[-58.42935,-34.59475],[-58.43006,-34.5943],[-58.43021,-34.59421],[-58.43028,-34.59416],[-58.43074,-34.59386],[-58.43122,-34.59354],[-58.43236,-34.59278],[-58.43343,-34.59207],[-58.43345,-34.59206],[-58.43354,-34.592],[-58.43413,-34.5916],[-58.43436,-34.59145],[-58.43531,-34.59082],[-58.43604,-34.59034],[-58.43618,-34.59025],[-58.43713,-34.58961],[-58.43805,-34.58899],[-58.43822,-34.58888],[-58.43825,-34.58886],[-58.4385,-34.58869],[-58.43854,-34.58867],[-58.43854,-34.58867],[-58.43855,-34.58866],[-58.43862,-34.58862],[-58.43939,-34.58811],[-58.44016,-34.5876],[-58.44109,-34.58698],[-58.4414,-34.58678],[-58.44243,-34.5861],[-58.44348,-34.5854],[-58.44459,-34.58467],[-58.44479,-34.58451],[-58.4444,-34.58319],[-58.4444,-34.58319],[-58.44441,-34.58319],[-58.44445,-34.58317],[-58.44445,-34.58317],[-58.44378,-34.58225],[-58.44376,-34.58223],[-58.44343,-34.5818],[-58.44342,-34.58179],[-58.44251,-34.58094],[-58.44228,-34.58073],[-58.44158,-34.58007],[-58.44154,-34.58004],[-58.44053,-34.5791],[-58.43994,-34.57855],[-58.44022,-34.57832],[-58.44089,-34.5778],[-58.44182,-34.57682],[-58.44188,-34.57677],[-58.44257,-34.57628],[-58.44273,-34.57616],[-58.44292,-34.57604],[-58.44376,-34.5755],[-58.44397,-34.57536],[-58.44354,-34.57493],[-58.44314,-34.57452],[-58.44242,-34.5738],[-58.4417,-34.57307],[-58.44075,-34.57211],[-58.44195,-34.57145],[-58.4422,-34.5713],[-58.44255,-34.57113],[-58.44296,-34.57092],[-58.44364,-34.57056],[-58.44383,-34.57047],[-58.44411,-34.57033],[-58.44489,-34.56995],[-58.44571,-34.56955],[-58.4465,-34.56916],[-58.44669,-34.56907],[-58.44704,-34.56889],[-58.44813,-34.56833],[-58.44864,-34.56807],[-58.44905,-34.56785],[-58.44904,-34.56785],[-58.44839,-34.56722],[-58.44786,-34.56671],[-58.4478,-34.56668],[-58.44732,-34.5664],[-58.44643,-34.56587],[-58.44607,-34.56566],[-58.44552,-34.56534],[-58.44461,-34.5648],[-58.44365,-34.56423],[-58.44262,-34.56363],[-58.44254,-34.56369],[-58.44197,-34.56305],[-58.4415,-34.56252],[-58.44135,-34.56235],[-58.44125,-34.56224],[-58.44116,-34.56213],[-58.44052,-34.56224],[-58.43966,-34.56235],[-58.43957,-34.56236],[-58.43875,-34.56244],[-58.43843,-34.56248],[-58.43771,-34.56251],[-58.43732,-34.56253],[-58.43672,-34.56256],[-58.43643,-34.56258],[-58.43583,-34.56254],[-58.4354,-34.56254],[-58.43495,-34.56216],[-58.43486,-34.56209],[-58.43496,-34.56179],[-58.43503,-34.5618],[-58.43513,-34.56182],[-58.43528,-34.56184],[-58.43539,-34.56185],[-58.4355,-34.56186],[-58.43557,-34.56187],[-58.43567,-34.56188],[-58.43575,-34.56189],[-58.43582,-34.5619],[-58.43589,-34.56191],[-58.43594,-34.56191],[-58.436,-34.56192],[-58.43603,-34.56192],[-58.43612,-34.56192],[-58.43622,-34.56193],[-58.4363,-34.56193],[-58.43636,-34.56193],[-58.43645,-34.56193],[-58.43655,-34.56193],[-58.43658,-34.56193],[-58.43662,-34.56193],[-58.43664,-34.56193],[-58.43668,-34.56192],[-58.43678,-34.56192],[-58.43689,-34.56191],[-58.43703,-34.5619],[-58.43711,-34.56189],[-58.43721,-34.56188],[-58.43728,-34.56187],[-58.43729,-34.56187],[-58.43766,-34.56183],[-58.43798,-34.56176],[-58.43825,-34.56168],[-58.43834,-34.56166],[-58.43846,-34.56162],[-58.43848,-34.56161],[-58.43853,-34.56159],[-58.43868,-34.56154],[-58.43869,-34.56153],[-58.43893,-34.56143],[-58.43924,-34.56129],[-58.43944,-34.56118],[-58.43947,-34.56117],[-58.43947,-34.56117],[-58.43947,-34.56117],[-58.4397,-34.56102],[-58.43984,-34.56093],[-58.43989,-34.56089],[-58.43991,-34.56088],[-58.44017,-34.56068],[-58.44033,-34.56056],[-58.44049,-34.56042],[-58.44062,-34.56031],[-58.44065,-34.56028],[-58.44066,-34.56028],[-58.44085,-34.56006],[-58.44096,-34.55992],[-58.44096,-34.55991],[-58.44103,-34.55976],[-58.44113,-34.55955],[-58.44121,-34.55932],[-58.44122,-34.55931],[-58.44126,-34.55917],[-58.4413,-34.55904],[-58.44133,-34.55896],[-58.44139,-34.55882],[-58.44138,-34.55874],[-58.44134,-34.55857],[-58.44125,-34.5583],[-58.44117,-34.55807],[-58.44106,-34.5579],[-58.44092,-34.55772],[-58.44069,-34.55751],[-58.44044,-34.5573],[-58.44016,-34.5571],[-58.4401,-34.55707],[-58.43984,-34.55693],[-58.43954,-34.5568],[-58.43915,-34.55664],[-58.43881,-34.55651],[-58.43834,-34.55637],[-58.43799,-34.55626],[-58.4377,-34.55615],[-58.4375,-34.55604],[-58.43733,-34.55592],[-58.43733,-34.55592],[-58.43719,-34.55581],[-58.43714,-34.55577],[-58.4371,-34.55575],[-58.43687,-34.55555],[-58.43672,-34.55541],[-58.43669,-34.55538],[-58.43654,-34.55526],[-58.43625,-34.55503],[-58.43598,-34.55486],[-58.43572,-34.55472],[-58.43557,-34.55465],[-58.43556,-34.55464],[-58.43546,-34.55459],[-58.43534,-34.55453],[-58.43518,-34.55446],[-58.43411,-34.55396],[-58.43466,-34.55359],[-58.43463,-34.55331],[-58.43443,-34.55305],[-58.43438,-34.55302],[-58.43346,-34.5525],[-58.43339,-34.55246],[-58.43233,-34.55186],[-58.4321,-34.55169],[-58.43184,-34.55151],[-58.43168,-34.55141],[-58.43161,-34.55138],[-58.43151,-34.55134],[-58.43099,-34.55112],[-58.43067,-34.55104],[-58.42976,-34.55094],[-58.4294,-34.55095],[-58.42915,-34.55101],[-58.42904,-34.55105],[-58.42879,-34.55115],[-58.42871,-34.55118],[-58.42861,-34.55123],[-58.42848,-34.55128],[-58.42848,-34.55128],[-58.42731,-34.55179],[-58.427,-34.55193],[-58.4269,-34.55197],[-58.4268,-34.55201],[-58.4268,-34.55201],[-58.42676,-34.55202],[-58.42676,-34.55202],[-58.42676,-34.55202],[-58.42676,-34.55202],[-58.42667,-34.552],[-58.42657,-34.55182],[-58.42656,-34.55182],[-58.42656,-34.55182],[-58.42632,-34.55192],[-58.42627,-34.55194],[-58.42574,-34.55214],[-58.42558,-34.55185],[-58.42452,-34.54976],[-58.42427,-34.54927],[-58.42425,-34.54925],[-58.42422,-34.54925],[-58.4242,-34.54926],[-58.42419,-34.54928],[-58.4242,-34.5493],[-58.42423,-34.54931],[-58.4252,-34.5512]]]}},{"type":"Feature","properties":{"barrio":"Parque Avellaneda","comuna":9},"geometry":{"type":"Polygon","coordinates":[[[-58.4604,-34.6568],[-58.46071,-34.65712],[-58.46128,-34.65762],[-58.46158,-34.65788],[-58.46164,-34.65793],[-58.46164,-34.65793],[-58.46169,-34.65796],[-58.46193,-34.65815],[-58.46204,-34.65823],[-58.46406,-34.65976],[-58.46443,-34.66005],[-58.46443,-34.66005],[-58.46446,-34.66003],[-58.4648,-34.65974],[-58.46486,-34.65969],[-58.46498,-34.65959],[-58.46519,-34.65942],[-58.46571,-34.65902],[-58.46578,-34.65897],[-58.46614,-34.6587],[-58.46627,-34.65859],[-58.46635,-34.65854],[-58.46671,-34.65826],[-58.46684,-34.65816],[-58.46719,-34.6579],[-58.46766,-34.65751],[-58.46955,-34.6591],[-58.46956,-34.6591],[-58.46967,-34.65902],[-58.46968,-34.65902],[-58.46987,-34.65888],[-58.47011,-34.65872],[-58.47045,-34.65851],[-58.47046,-34.6585],[-58.47057,-34.65843],[-58.47057,-34.65843],[-58.47073,-34.65878],[-58.47129,-34.66002],[-58.47201,-34.66164],[-58.47251,-34.66277],[-58.47259,-34.66272],[-58.47298,-34.66245],[-58.47363,-34.66196],[-58.47422,-34.6615],[-58.47432,-34.6614],[-58.47444,-34.66128],[-58.47444,-34.66128],[-58.47481,-34.66099],[-58.47509,-34.66078],[-58.47513,-34.66074],[-58.47571,-34.66029],[-58.47587,-34.66017],[-58.47704,-34.65925],[-58.4777,-34.65874],[-58.4779,-34.65858],[-58.47828,-34.65827],[-58.4784,-34.65818],[-58.47882,-34.65784],[-58.48016,-34.65678],[-58.48024,-34.65671],[-58.4804,-34.65659],[-58.4814,-34.65579],[-58.48147,-34.65574],[-58.48155,-34.65567],[-58.4821,-34.65524],[-58.48266,-34.6548],[-58.48375,-34.65393],[-58.48379,-34.6539],[-58.48389,-34.65382],[-58.48498,-34.65298],[-58.48508,-34.6529],[-58.48517,-34.65283],[-58.48535,-34.6527],[-58.48556,-34.65253],[-58.48569,-34.65244],[-58.48592,-34.65226],[-58.4863,-34.65196],[-58.48639,-34.65189],[-58.48647,-34.65183],[-58.4873,-34.65116],[-58.48746,-34.65103],[-58.48841,-34.65028],[-58.48924,-34.64961],[-58.4894,-34.64948],[-58.48949,-34.64942],[-58.48951,-34.6494],[-58.48955,-34.64938],[-58.49034,-34.64876],[-58.49141,-34.64791],[-58.49263,-34.64696],[-58.49276,-34.64685],[-58.49386,-34.64599],[-58.4949,-34.64517],[-58.49496,-34.64512],[-58.49523,-34.6449],[-58.49524,-34.6449],[-58.4953,-34.64485],[-58.49508,-34.64474],[-58.49496,-34.64469],[-58.49484,-34.64466],[-58.49366,-34.64409],[-58.49233,-34.64345],[-58.49163,-34.64312],[-58.49088,-34.64276],[-58.49059,-34.64262],[-58.49048,-34.64257],[-58.49032,-34.64249],[-58.49023,-34.64245],[-58.48962,-34.64216],[-58.48954,-34.64212],[-58.48871,-34.64173],[-58.48804,-34.64141],[-58.4878,-34.6413],[-58.48697,-34.6409],[-58.48606,-34.64048],[-58.48552,-34.64022],[-58.48532,-34.64013],[-58.48488,-34.63992],[-58.48461,-34.63979],[-58.4839,-34.63946],[-58.48288,-34.63898],[-58.48174,-34.63846],[-58.48146,-34.63833],[-58.48082,-34.63803],[-58.4804,-34.63784],[-58.48005,-34.63768],[-58.47855,-34.63699],[-58.47836,-34.63713],[-58.47759,-34.63773],[-58.47678,-34.63837],[-58.47629,-34.63876],[-58.47607,-34.63893],[-58.47532,-34.63847],[-58.47442,-34.63792],[-58.47349,-34.63731],[-58.47242,-34.63699],[-58.4713,-34.63665],[-58.47122,-34.63683],[-58.47081,-34.63779],[-58.47044,-34.63863],[-58.47037,-34.63879],[-58.47001,-34.63963],[-58.46997,-34.63972],[-58.46991,-34.63987],[-58.46929,-34.64128],[-58.46924,-34.6414],[-58.46799,-34.64242],[-58.46685,-34.64331],[-58.46671,-34.64343],[-58.4656,-34.64431],[-58.46543,-34.64444],[-58.46509,-34.64471],[-58.46487,-34.64484],[-58.4647,-34.64495],[-58.46412,-34.64539],[-58.46342,-34.64592],[-58.46317,-34.64607],[-58.46305,-34.64614],[-58.463,-34.64617],[-58.46336,-34.64683],[-58.46389,-34.64755],[-58.46441,-34.64815],[-58.46441,-34.64815],[-58.46528,-34.64927],[-58.46562,-34.64968],[-58.46571,-34.6498],[-58.4658,-34.64991],[-58.46596,-34.65011],[-58.4663,-34.65052],[-58.46682,-34.65118],[-58.46703,-34.65147],[-58.46701,-34.65149],[-58.46698,-34.65151],[-58.46663,-34.65179],[-58.46652,-34.65194],[-58.46645,-34.652],[-58.46638,-34.65208],[-58.46584,-34.65254],[-58.46568,-34.65268],[-58.46543,-34.65289],[-58.46502,-34.65321],[-58.46459,-34.65353],[-58.46394,-34.65396],[-58.46377,-34.65409],[-58.46368,-34.65418],[-58.46353,-34.65428],[-58.46287,-34.65479],[-58.46257,-34.65502],[-58.46253,-34.65506],[-58.46251,-34.65508],[-58.4622,-34.65534],[-58.46203,-34.65548],[-58.46163,-34.65582],[-58.46149,-34.65597],[-58.46148,-34.65598],[-58.4613,-34.65613],[-58.46111,-34.65628],[-58.4609,-34.65644],[-58.46041,-34.6568],[-58.46041,-34.6568],[-58.4604,-34.6568]]]}},{"type":"Feature","properties":{"barrio":"Parque Chacabuco","comuna":7},"geometry":{"type":"Polygon","coordinates":[[[-58.42349,-34.6402],[-58.42492,-34.64044],[-58.42497,-34.64045],[-58.42507,-34.64046],[-58.42585,-34.6406],[-58.42617,-34.64065],[-58.42677,-34.64075],[-58.42742,-34.64086],[-58.42768,-34.64091],[-58.428,-34.64096],[-58.42836,-34.64102],[-58.42857,-34.64106],[-58.42925,-34.64117],[-58.42952,-34.64122],[-58.42973,-34.64125],[-58.42983,-34.64127],[-58.42992,-34.64128],[-58.43013,-34.64131],[-58.43079,-34.64142],[-58.4309,-34.64144],[-58.43093,-34.64144],[-58.431,-34.64146],[-58.43116,-34.64149],[-58.43142,-34.64155],[-58.43212,-34.64169],[-58.43235,-34.64174],[-58.43231,-34.64229],[-58.43225,-34.64298],[-58.43222,-34.6436],[-58.43218,-34.6442],[-58.43211,-34.64516],[-58.43262,-34.64521],[-58.43348,-34.64559],[-58.43354,-34.64562],[-58.43492,-34.64624],[-58.43501,-34.64628],[-58.43742,-34.64735],[-58.43787,-34.64695],[-58.43885,-34.64603],[-58.43912,-34.64578],[-58.43965,-34.64528],[-58.43987,-34.64508],[-58.44019,-34.64479],[-58.44052,-34.64447],[-58.44063,-34.64437],[-58.44075,-34.64426],[-58.44148,-34.64358],[-58.44239,-34.64272],[-58.44244,-34.64265],[-58.44295,-34.64199],[-58.44308,-34.64178],[-58.44331,-34.64197],[-58.4436,-34.64223],[-58.44424,-34.64281],[-58.44525,-34.64204],[-58.44531,-34.64193],[-58.44605,-34.64136],[-58.4462,-34.64124],[-58.44715,-34.64052],[-58.44734,-34.64038],[-58.44813,-34.63978],[-58.44941,-34.6388],[-58.44956,-34.63869],[-58.44956,-34.63869],[-58.45032,-34.63818],[-58.45055,-34.63803],[-58.45089,-34.6378],[-58.4513,-34.63751],[-58.45144,-34.63747],[-58.4516,-34.63714],[-58.45192,-34.63649],[-58.45192,-34.63648],[-58.452,-34.63633],[-58.45205,-34.63623],[-58.45242,-34.63548],[-58.4529,-34.6345],[-58.45332,-34.63364],[-58.45338,-34.63352],[-58.45387,-34.63253],[-58.45394,-34.63239],[-58.45438,-34.6315],[-58.45323,-34.63114],[-58.45158,-34.63064],[-58.4505,-34.63048],[-58.44936,-34.63031],[-58.44905,-34.63027],[-58.44844,-34.63018],[-58.44822,-34.63014],[-58.44751,-34.63004],[-58.44642,-34.62987],[-58.44606,-34.62982],[-58.44448,-34.62958],[-58.44293,-34.62935],[-58.44176,-34.62918],[-58.43953,-34.62885],[-58.43859,-34.62872],[-58.43717,-34.62851],[-58.43565,-34.62829],[-58.43476,-34.62816],[-58.43382,-34.62802],[-58.43255,-34.62783],[-58.43234,-34.6278],[-58.43094,-34.6276],[-58.42964,-34.62741],[-58.42837,-34.62723],[-58.42816,-34.6272],[-58.42751,-34.62711],[-58.42708,-34.62704],[-58.42676,-34.627],[-58.4265,-34.62811],[-58.42646,-34.62832],[-58.42635,-34.62877],[-58.42632,-34.62893],[-58.42625,-34.62923],[-58.42621,-34.62939],[-58.42602,-34.63027],[-58.42598,-34.63045],[-58.42593,-34.63069],[-58.42586,-34.63105],[-58.42585,-34.63106],[-58.4258,-34.63128],[-58.42575,-34.63148],[-58.42569,-34.63175],[-58.42553,-34.63236],[-58.42546,-34.63265],[-58.42522,-34.63355],[-58.42518,-34.6337],[-58.42486,-34.63488],[-58.42468,-34.63565],[-58.42453,-34.63622],[-58.42452,-34.63625],[-58.42439,-34.63678],[-58.42432,-34.63703],[-58.42428,-34.63717],[-58.42405,-34.63807],[-58.42376,-34.63917],[-58.42349,-34.6402]]]}},{"type":"Feature","properties":{"barrio":"Parque Chas","comuna":15},"geometry":{"type":"Polygon","coordinates":[[[-58.47082,-34.58745],[-58.47082,-34.58745],[-58.47088,-34.5875],[-58.47112,-34.5877],[-58.47123,-34.5878],[-58.47189,-34.58832],[-58.47212,-34.58849],[-58.4729,-34.5891],[-58.47309,-34.58925],[-58.47322,-34.58935],[-58.47406,-34.59001],[-58.47503,-34.59077],[-58.4754,-34.59105],[-58.47572,-34.59131],[-58.47576,-34.59139],[-58.47587,-34.59169],[-58.47589,-34.59172],[-58.47648,-34.59156],[-58.4772,-34.59135],[-58.47782,-34.59119],[-58.47808,-34.59112],[-58.47954,-34.59075],[-58.48087,-34.59041],[-58.48118,-34.59033],[-58.48129,-34.5903],[-58.48146,-34.59025],[-58.48186,-34.59012],[-58.48201,-34.59006],[-58.4825,-34.58989],[-58.48365,-34.58949],[-58.48399,-34.58937],[-58.48471,-34.58912],[-58.48471,-34.58912],[-58.48508,-34.58873],[-58.48543,-34.58835],[-58.48549,-34.58829],[-58.48556,-34.58822],[-58.48611,-34.58763],[-58.48644,-34.58728],[-58.48654,-34.58718],[-58.4867,-34.58701],[-58.4868,-34.5869],[-58.48689,-34.5868],[-58.48744,-34.58622],[-58.48809,-34.58555],[-58.48819,-34.58544],[-58.48879,-34.58482],[-58.4881,-34.58442],[-58.48703,-34.5838],[-58.48596,-34.58318],[-58.48582,-34.5831],[-58.48509,-34.58268],[-58.48475,-34.58247],[-58.48412,-34.58211],[-58.48313,-34.58154],[-58.48301,-34.58147],[-58.48215,-34.58096],[-58.48113,-34.58037],[-58.48099,-34.58029],[-58.48048,-34.57999],[-58.48031,-34.57989],[-58.48018,-34.57982],[-58.47923,-34.57927],[-58.47899,-34.57913],[-58.47722,-34.57953],[-58.47667,-34.57966],[-58.4755,-34.57994],[-58.47542,-34.57996],[-58.475,-34.58047],[-58.47492,-34.58057],[-58.47468,-34.58084],[-58.47446,-34.5811],[-58.47431,-34.58127],[-58.47399,-34.58163],[-58.47386,-34.58167],[-58.47357,-34.58177],[-58.47363,-34.58185],[-58.47366,-34.58192],[-58.47363,-34.582],[-58.47365,-34.58206],[-58.47354,-34.58228],[-58.47298,-34.58334],[-58.47246,-34.58433],[-58.47213,-34.58496],[-58.47111,-34.58689],[-58.47084,-34.58742],[-58.47083,-34.58742],[-58.47082,-34.58745]]]}},{"type":"Feature","properties":{"barrio":"Parque Patricios","comuna":4},"geometry":{"type":"Polygon","coordinates":[[[-58.39036,-34.63412],[-58.39033,-34.63435],[-58.39029,-34.63496],[-58.39025,-34.6354],[-58.39023,-34.63563],[-58.39017,-34.63651],[-58.39011,-34.63726],[-58.39007,-34.63782],[-58.38997,-34.6391],[-58.38988,-34.6402],[-58.39025,-34.64035],[-58.39147,-34.64082],[-58.3914,-34.64208],[-58.39351,-34.64298],[-58.39728,-34.64458],[-58.40038,-34.6459],[-58.4005,-34.64592],[-58.40036,-34.64631],[-58.40034,-34.64636],[-58.40046,-34.64641],[-58.40047,-34.64647],[-58.40061,-34.64655],[-58.40076,-34.64661],[-58.40109,-34.64673],[-58.40154,-34.64678],[-58.40154,-34.64678],[-58.40153,-34.64686],[-58.40275,-34.64706],[-58.40275,-34.64706],[-58.40365,-34.64721],[-58.405,-34.64743],[-58.405,-34.64743],[-58.40637,-34.64765],[-58.40901,-34.64808],[-58.41037,-34.6483],[-58.4121,-34.64858],[-58.41221,-34.64813],[-58.41224,-34.648],[-58.41229,-34.64782],[-58.41256,-34.6467],[-58.41281,-34.64567],[-58.41283,-34.64557],[-58.41303,-34.64474],[-58.41311,-34.64444],[-58.41334,-34.64347],[-58.41344,-34.64345],[-58.41325,-34.64304],[-58.41315,-34.64281],[-58.41305,-34.64258],[-58.41294,-34.64232],[-58.4127,-34.64174],[-58.41249,-34.64123],[-58.41244,-34.6411],[-58.41235,-34.64089],[-58.41224,-34.64061],[-58.41183,-34.63962],[-58.41176,-34.63945],[-58.41137,-34.63843],[-58.41126,-34.6381],[-58.411,-34.63728],[-58.41093,-34.63704],[-58.41071,-34.63633],[-58.41051,-34.63571],[-58.41049,-34.63524],[-58.41057,-34.63509],[-58.41088,-34.63451],[-58.41099,-34.63423],[-58.41148,-34.63297],[-58.41152,-34.63286],[-58.41152,-34.63285],[-58.41164,-34.6317],[-58.41164,-34.63165],[-58.41165,-34.63153],[-58.41178,-34.63036],[-58.41178,-34.63035],[-58.41158,-34.63031],[-58.41106,-34.63018],[-58.41098,-34.63016],[-58.41083,-34.63012],[-58.41052,-34.63005],[-58.41021,-34.62997],[-58.41005,-34.62993],[-58.41004,-34.62993],[-58.40987,-34.62989],[-58.4097,-34.62984],[-58.40958,-34.62981],[-58.40943,-34.62977],[-58.40837,-34.62951],[-58.40675,-34.62933],[-58.40673,-34.62933],[-58.40652,-34.6293],[-58.40651,-34.6293],[-58.40565,-34.6292],[-58.40546,-34.62918],[-58.40355,-34.62897],[-58.40239,-34.62884],[-58.40192,-34.62878],[-58.40167,-34.62876],[-58.40124,-34.62871],[-58.4011,-34.62869],[-58.40085,-34.62866],[-58.39991,-34.62856],[-58.39973,-34.62854],[-58.3986,-34.6284],[-58.39852,-34.62839],[-58.39844,-34.62838],[-58.39687,-34.6281],[-58.39681,-34.62809],[-58.39674,-34.62807],[-58.39549,-34.62785],[-58.39541,-34.62784],[-58.39535,-34.62783],[-58.39505,-34.62778],[-58.39447,-34.62767],[-58.3943,-34.62764],[-58.39321,-34.62745],[-58.3923,-34.62729],[-58.39216,-34.62726],[-58.39216,-34.62726],[-58.39162,-34.62726],[-58.39117,-34.62725],[-58.39117,-34.62725],[-58.39106,-34.6282],[-58.39093,-34.62933],[-58.39089,-34.62962],[-58.39079,-34.63052],[-58.39067,-34.63153],[-58.39056,-34.63241],[-58.39053,-34.63266],[-58.39036,-34.63412]]]}},{"type":"Feature","properties":{"barrio":"Paternal","comuna":15},"geometry":{"type":"Polygon","coordinates":[[[-58.46683,-34.59059],[-58.46659,-34.59074],[-58.46653,-34.59077],[-58.46639,-34.59086],[-58.46605,-34.59109],[-58.46588,-34.59121],[-58.46503,-34.59194],[-58.46441,-34.59247],[-58.46438,-34.59255],[-58.46445,-34.59279],[-58.46483,-34.59404],[-58.46507,-34.5949],[-58.4652,-34.59534],[-58.46545,-34.59615],[-58.46551,-34.59634],[-58.46555,-34.59648],[-58.46558,-34.59656],[-58.46562,-34.5967],[-58.46554,-34.59665],[-58.46545,-34.59662],[-58.46534,-34.59661],[-58.46527,-34.5966],[-58.46516,-34.59658],[-58.46516,-34.59658],[-58.46461,-34.59648],[-58.46386,-34.59643],[-58.46377,-34.59643],[-58.46252,-34.5965],[-58.46248,-34.5965],[-58.46232,-34.59651],[-58.46151,-34.59655],[-58.4615,-34.59655],[-58.46101,-34.59658],[-58.46077,-34.59659],[-58.45928,-34.59668],[-58.45921,-34.59669],[-58.45825,-34.59693],[-58.45803,-34.59698],[-58.45794,-34.597],[-58.45794,-34.597],[-58.45793,-34.597],[-58.45783,-34.59704],[-58.45761,-34.59712],[-58.45707,-34.5973],[-58.45649,-34.5975],[-58.45624,-34.59759],[-58.45657,-34.59866],[-58.45658,-34.59871],[-58.4569,-34.59973],[-58.45699,-34.60002],[-58.45721,-34.60076],[-58.45725,-34.60089],[-58.45753,-34.60179],[-58.45792,-34.60304],[-58.45816,-34.60383],[-58.45828,-34.60391],[-58.45894,-34.60437],[-58.46002,-34.60409],[-58.46012,-34.60407],[-58.46054,-34.60396],[-58.46147,-34.60372],[-58.46159,-34.60369],[-58.46211,-34.60356],[-58.46291,-34.60336],[-58.46307,-34.60332],[-58.46436,-34.60299],[-58.46495,-34.60284],[-58.46528,-34.60276],[-58.4658,-34.60263],[-58.46608,-34.60256],[-58.46733,-34.60225],[-58.46749,-34.60221],[-58.46756,-34.60219],[-58.46877,-34.60189],[-58.46891,-34.60186],[-58.46929,-34.60216],[-58.47019,-34.60281],[-58.4702,-34.60281],[-58.47043,-34.60294],[-58.47161,-34.60382],[-58.47171,-34.60388],[-58.4718,-34.60394],[-58.47265,-34.60447],[-58.47298,-34.60467],[-58.47304,-34.60471],[-58.47402,-34.60531],[-58.47493,-34.60417],[-58.47571,-34.60321],[-58.47574,-34.60317],[-58.47638,-34.60237],[-58.47697,-34.60158],[-58.4775,-34.60082],[-58.47667,-34.60036],[-58.47655,-34.60029],[-58.47639,-34.6002],[-58.47773,-34.59991],[-58.47779,-34.5999],[-58.47854,-34.59973],[-58.47883,-34.59967],[-58.47858,-34.59897],[-58.47835,-34.59834],[-58.47788,-34.59709],[-58.47712,-34.59511],[-58.4769,-34.59453],[-58.47671,-34.594],[-58.47671,-34.59399],[-58.47669,-34.59393],[-58.47621,-34.59259],[-58.47613,-34.59236],[-58.47604,-34.59209],[-58.47598,-34.59195],[-58.47589,-34.59172],[-58.47587,-34.59169],[-58.47576,-34.59139],[-58.47572,-34.59131],[-58.4754,-34.59105],[-58.47503,-34.59077],[-58.47406,-34.59001],[-58.47322,-34.58935],[-58.47309,-34.58925],[-58.4729,-34.5891],[-58.47212,-34.58849],[-58.47189,-34.58832],[-58.47123,-34.5878],[-58.47112,-34.5877],[-58.47088,-34.5875],[-58.47082,-34.58745],[-58.47082,-34.58745],[-58.4708,-34.58746],[-58.47023,-34.58793],[-58.46921,-34.58874],[-58.4689,-34.58899],[-58.46819,-34.58954],[-58.46808,-34.58963],[-58.46789,-34.58978],[-58.46766,-34.58996],[-58.46712,-34.59039],[-58.46696,-34.59051],[-58.46696,-34.59051],[-58.46683,-34.59059]]]}},{"type":"Feature","properties":{"barrio":"Puerto Madero","comuna":1},"geometry":{"type":"Polygon","coordinates":[[[-58.35126,-34.61931],[-58.35127,-34.61931],[-58.35132,-34.61931],[-58.35133,-34.61931],[-58.35134,-34.61931],[-58.35134,-34.61931],[-58.35147,-34.61928],[-58.35151,-34.61923],[-58.35153,-34.61917],[-58.35155,-34.61918],[-58.35156,-34.61919],[-58.35159,-34.61921],[-58.35162,-34.61923],[-58.35157,-34.61931],[-58.35156,-34.61933],[-58.35147,-34.61936],[-58.35147,-34.61936],[-58.35152,-34.61939],[-58.35152,-34.61939],[-58.35165,-34.61947],[-58.35168,-34.61948],[-58.35169,-34.61949],[-58.35179,-34.61954],[-58.35192,-34.61962],[-58.35192,-34.61962],[-58.35198,-34.61962],[-58.35217,-34.61963],[-58.35221,-34.61963],[-58.35222,-34.61963],[-58.35222,-34.61963],[-58.35255,-34.61954],[-58.35257,-34.61954],[-58.35257,-34.61954],[-58.35257,-34.61954],[-58.35257,-34.61954],[-58.35257,-34.61954],[-58.35257,-34.61954],[-58.35257,-34.61954],[-58.35257,-34.61954],[-58.35258,-34.61955],[-58.35259,-34.61957],[-58.3527,-34.61977],[-58.35275,-34.61976],[-58.35292,-34.61975],[-58.35293,-34.61975],[-58.35294,-34.61975],[-58.35294,-34.61975],[-58.35303,-34.61962],[-58.35309,-34.61954],[-58.35352,-34.6194],[-58.35352,-34.6194],[-58.35352,-34.6194],[-58.35352,-34.6194],[-58.35352,-34.6194],[-58.35352,-34.6194],[-58.3536,-34.61944],[-58.35375,-34.61953],[-58.3539,-34.6196],[-58.35392,-34.61961],[-58.35396,-34.61964],[-58.35408,-34.6197],[-58.35408,-34.6197],[-58.35408,-34.6197],[-58.35425,-34.61946],[-58.35425,-34.61946],[-58.35425,-34.61946],[-58.35425,-34.61946],[-58.35428,-34.61946],[-58.35429,-34.61947],[-58.35482,-34.61952],[-58.35505,-34.61954],[-58.35507,-34.61954],[-58.35514,-34.61955],[-58.35514,-34.61955],[-58.35521,-34.61943],[-58.35521,-34.61942],[-58.35522,-34.61941],[-58.3554,-34.61903],[-58.35543,-34.61896],[-58.3555,-34.61882],[-58.35563,-34.61853],[-58.35581,-34.61811],[-58.35586,-34.61801],[-58.35589,-34.61791],[-58.35596,-34.61775],[-58.356,-34.61764],[-58.35602,-34.61761],[-58.35602,-34.61761],[-58.35603,-34.61762],[-58.35604,-34.61763],[-58.35604,-34.61764],[-58.35652,-34.61813],[-58.35653,-34.61815],[-58.3574,-34.61905],[-58.35827,-34.61997],[-58.35946,-34.62121],[-58.35951,-34.62126],[-58.35952,-34.62128],[-58.35987,-34.62164],[-58.35987,-34.62164],[-58.36003,-34.62181],[-58.36003,-34.62182],[-58.36012,-34.62191],[-58.36012,-34.62191],[-58.36017,-34.62196],[-58.36038,-34.62218],[-58.36039,-34.62219],[-58.36066,-34.62247],[-58.36066,-34.62248],[-58.36088,-34.6227],[-58.36096,-34.62278],[-58.36097,-34.6228],[-58.36124,-34.62308],[-58.36124,-34.62308],[-58.36127,-34.62311],[-58.36128,-34.62312],[-58.36129,-34.62313],[-58.36144,-34.62329],[-58.36156,-34.62341],[-58.36157,-34.62343],[-58.36159,-34.62345],[-58.3616,-34.62346],[-58.36163,-34.62349],[-58.36165,-34.62351],[-58.36167,-34.62351],[-58.36178,-34.62363],[-58.36179,-34.62364],[-58.36187,-34.62373],[-58.36193,-34.62378],[-58.36193,-34.62378],[-58.36193,-34.62378],[-58.36195,-34.6238],[-58.36197,-34.62382],[-58.36197,-34.62383],[-58.36201,-34.62386],[-58.362,-34.62387],[-58.36202,-34.6239],[-58.36234,-34.62423],[-58.36242,-34.62432],[-58.36244,-34.62434],[-58.36247,-34.62437],[-58.3625,-34.6244],[-58.3626,-34.62451],[-58.36266,-34.62456],[-58.36284,-34.62475],[-58.36293,-34.62486],[-58.36308,-34.62501],[-58.3632,-34.62513],[-58.36326,-34.62513],[-58.36336,-34.62513],[-58.36346,-34.62512],[-58.36346,-34.62512],[-58.36353,-34.62499],[-58.36416,-34.62469],[-58.36481,-34.62432],[-58.3655,-34.62392],[-58.36579,-34.62399],[-58.36584,-34.62379],[-58.36589,-34.6233],[-58.36593,-34.62273],[-58.36594,-34.62266],[-58.36597,-34.62239],[-58.36607,-34.62151],[-58.36619,-34.62042],[-58.36633,-34.61924],[-58.36646,-34.61812],[-58.3666,-34.61688],[-58.36674,-34.61562],[-58.36686,-34.61458],[-58.36699,-34.61339],[-58.36708,-34.6126],[-58.36713,-34.61216],[-58.36726,-34.611],[-58.36762,-34.60785],[-58.36764,-34.60766],[-58.36773,-34.60691],[-58.36773,-34.6069],[-58.36793,-34.60517],[-58.36805,-34.60406],[-58.36812,-34.60349],[-58.36819,-34.60283],[-58.36832,-34.6017],[-58.36839,-34.60103],[-58.36864,-34.60044],[-58.36908,-34.59935],[-58.36952,-34.59832],[-58.36889,-34.59834],[-58.36887,-34.59834],[-58.36882,-34.59835],[-58.36812,-34.59844],[-58.36799,-34.5984],[-58.36798,-34.5984],[-58.36778,-34.59829],[-58.36736,-34.59826],[-58.36679,-34.59831],[-58.36661,-34.59832],[-58.36636,-34.59831],[-58.36608,-34.5983],[-58.36597,-34.59829],[-58.36507,-34.59823],[-58.36409,-34.59816],[-58.36387,-34.59814],[-58.36374,-34.5981],[-58.36324,-34.59806],[-58.3635,-34.59732],[-58.3635,-34.5973],[-58.36354,-34.59719],[-58.36344,-34.59716],[-58.36345,-34.59712],[-58.36328,-34.59708],[-58.36293,-34.59693],[-58.36212,-34.59655],[-58.36123,-34.59614],[-58.36101,-34.59605],[-58.36055,-34.59584],[-58.36013,-34.59564],[-58.35926,-34.59524],[-58.35853,-34.59518],[-58.35782,-34.59515],[-58.35769,-34.59514],[-58.35733,-34.59509],[-58.35733,-34.59509],[-58.35724,-34.59509],[-58.35711,-34.59508],[-58.35649,-34.59503],[-58.35645,-34.59504],[-58.35632,-34.59506],[-58.35626,-34.59508],[-58.35622,-34.59508],[-58.35615,-34.59509],[-58.35604,-34.59511],[-58.35594,-34.59512],[-58.35583,-34.59515],[-58.35573,-34.59519],[-58.35544,-34.59531],[-58.35539,-34.59535],[-58.35534,-34.5954],[-58.35529,-34.59545],[-58.3552,-34.59554],[-58.35511,-34.59563],[-58.35502,-34.59571],[-58.35496,-34.59575],[-58.35491,-34.59579],[-58.35486,-34.59583],[-58.35486,-34.59583],[-58.35481,-34.59587],[-58.35469,-34.59594],[-58.35454,-34.59601],[-58.3544,-34.59609],[-58.35428,-34.59616],[-58.35426,-34.59617],[-58.35412,-34.59626],[-58.35399,-34.59635],[-58.35395,-34.59637],[-58.35355,-34.59663],[-58.35344,-34.59669],[-58.3533,-34.59685],[-58.35305,-34.59704],[-58.35304,-34.59706],[-58.35289,-34.59733],[-58.35281,-34.59748],[-58.35264,-34.59766],[-58.35239,-34.59794],[-58.35211,-34.59804],[-58.35196,-34.59817],[-58.35179,-34.59838],[-58.35164,-34.59853],[-58.35153,-34.59863],[-58.35133,-34.59876],[-58.35116,-34.59891],[-58.35095,-34.59905],[-58.35085,-34.59909],[-58.35078,-34.59912],[-58.35068,-34.59916],[-58.35059,-34.59924],[-58.3505,-34.59929],[-58.35046,-34.59934],[-58.35033,-34.59951],[-58.35031,-34.59953],[-58.35021,-34.5996],[-58.35001,-34.59986],[-58.34988,-34.59996],[-58.34974,-34.60011],[-58.34956,-34.60023],[-58.34935,-34.60032],[-58.34878,-34.60083],[-58.34861,-34.6009],[-58.34857,-34.60095],[-58.34842,-34.60102],[-58.34833,-34.60107],[-58.34826,-34.60111],[-58.34815,-34.60119],[-58.348,-34.60128],[-58.3479,-34.60141],[-58.34779,-34.60152],[-58.34761,-34.60161],[-58.34749,-34.60172],[-58.34736,-34.60182],[-58.3473,-34.60188],[-58.34725,-34.60193],[-58.34722,-34.60196],[-58.34712,-34.60208],[-58.34703,-34.60223],[-58.34686,-34.60231],[-58.34682,-34.60233],[-58.34677,-34.60243],[-58.34675,-34.60272],[-58.34672,-34.60275],[-58.34666,-34.60281],[-58.34666,-34.60286],[-58.34667,-34.60288],[-58.34667,-34.60288],[-58.34667,-34.60288],[-58.34671,-34.6029],[-58.34673,-34.60305],[-58.34666,-34.6032],[-58.34665,-34.60326],[-58.34659,-34.60343],[-58.34663,-34.60359],[-58.34657,-34.60372],[-58.34654,-34.60393],[-58.34655,-34.60401],[-58.34647,-34.6042],[-58.34648,-34.60428],[-58.34639,-34.60449],[-58.34636,-34.60463],[-58.34634,-34.60472],[-58.34633,-34.60473],[-58.34633,-34.60473],[-58.34632,-34.60477],[-58.34624,-34.60481],[-58.34618,-34.60488],[-58.34616,-34.60491],[-58.34612,-34.60495],[-58.3461,-34.60497],[-58.34608,-34.60499],[-58.34611,-34.60502],[-58.34612,-34.60504],[-58.34611,-34.60506],[-58.34609,-34.60508],[-58.3461,-34.60511],[-58.3461,-34.60512],[-58.34611,-34.60512],[-58.34612,-34.60513],[-58.34613,-34.60516],[-58.34613,-34.60516],[-58.34615,-34.60518],[-58.34614,-34.60537],[-58.34617,-34.60541],[-58.34616,-34.60564],[-58.34612,-34.60578],[-58.34611,-34.60601],[-58.34609,-34.6061],[-58.34607,-34.60629],[-58.34598,-34.60647],[-58.34597,-34.6065],[-58.34595,-34.60655],[-58.34588,-34.6067],[-58.34574,-34.60688],[-58.34563,-34.60701],[-58.34521,-34.60723],[-58.34516,-34.60728],[-58.34511,-34.60733],[-58.34493,-34.60745],[-58.34478,-34.60752],[-58.3447,-34.60758],[-58.34468,-34.60759],[-58.34461,-34.60765],[-58.344,-34.60794],[-58.34361,-34.60828],[-58.34345,-34.60838],[-58.34323,-34.60852],[-58.34306,-34.60865],[-58.34268,-34.60899],[-58.34263,-34.60903],[-58.34248,-34.60915],[-58.34243,-34.60919],[-58.34221,-34.60936],[-58.34202,-34.60946],[-58.34172,-34.60975],[-58.34162,-34.6098],[-58.34161,-34.60979],[-58.34152,-34.60983],[-58.34147,-34.60987],[-58.34141,-34.60993],[-58.34129,-34.61008],[-58.34125,-34.61014],[-58.34122,-34.61021],[-58.34104,-34.61043],[-58.34101,-34.61046],[-58.34101,-34.61047],[-58.34087,-34.61066],[-58.34082,-34.61088],[-58.3408,-34.61098],[-58.34074,-34.61123],[-58.34071,-34.61135],[-58.34055,-34.61186],[-58.34042,-34.61224],[-58.34034,-34.61246],[-58.34028,-34.61276],[-58.34017,-34.61315],[-58.34006,-34.61366],[-58.33998,-34.61387],[-58.33994,-34.61431],[-58.33994,-34.61456],[-58.33986,-34.61487],[-58.33985,-34.61504],[-58.33985,-34.61566],[-58.33988,-34.61609],[-58.33997,-34.61625],[-58.33999,-34.61628],[-58.34014,-34.61642],[-58.34045,-34.61668],[-58.34045,-34.61668],[-58.34067,-34.61685],[-58.34067,-34.61686],[-58.34072,-34.61689],[-58.34087,-34.61693],[-58.34099,-34.61695],[-58.34109,-34.61697],[-58.34119,-34.61699],[-58.34129,-34.61698],[-58.3414,-34.61698],[-58.34156,-34.61699],[-58.34174,-34.61698],[-58.34192,-34.61698],[-58.34211,-34.61697],[-58.34229,-34.61696],[-58.34266,-34.61701],[-58.34281,-34.61703],[-58.34289,-34.61706],[-58.343,-34.6171],[-58.34316,-34.61711],[-58.34336,-34.61714],[-58.34407,-34.61733],[-58.34458,-34.61745],[-58.34465,-34.61747],[-58.34472,-34.61748],[-58.3448,-34.61749],[-58.34488,-34.61749],[-58.34496,-34.61751],[-58.34503,-34.61754],[-58.3451,-34.61753],[-58.3452,-34.61754],[-58.34525,-34.6175],[-58.34532,-34.61749],[-58.34538,-34.61747],[-58.34549,-34.61745],[-58.34558,-34.6174],[-58.34565,-34.6174],[-58.34572,-34.61742],[-58.34578,-34.61744],[-58.34588,-34.61741],[-58.34595,-34.61741],[-58.34602,-34.61741],[-58.34609,-34.6174],[-58.34614,-34.61741],[-58.34684,-34.61731],[-58.3473,-34.6173],[-58.34742,-34.61727],[-58.3475,-34.61725],[-58.34754,-34.61721],[-58.34761,-34.61718],[-58.34761,-34.61716],[-58.34764,-34.61715],[-58.34772,-34.61711],[-58.34781,-34.61705],[-58.34792,-34.617],[-58.34793,-34.61701],[-58.348,-34.61701],[-58.34801,-34.61701],[-58.34812,-34.61699],[-58.34822,-34.61697],[-58.3483,-34.61693],[-58.3484,-34.61691],[-58.3484,-34.61692],[-58.34854,-34.61693],[-58.34854,-34.61693],[-58.34857,-34.61692],[-58.34865,-34.61691],[-58.34865,-34.61691],[-58.34874,-34.61693],[-58.34886,-34.61694],[-58.34886,-34.61694],[-58.34892,-34.61687],[-58.34907,-34.61683],[-58.34907,-34.61683],[-58.34915,-34.61688],[-58.34915,-34.61688],[-58.34924,-34.61696],[-58.34924,-34.61696],[-58.34959,-34.61704],[-58.34975,-34.6171],[-58.34981,-34.61711],[-58.34982,-34.61711],[-58.34986,-34.61715],[-58.34986,-34.61715],[-58.34995,-34.61716],[-58.34998,-34.61718],[-58.35005,-34.61722],[-58.35006,-34.61722],[-58.35022,-34.6172],[-58.35022,-34.6172],[-58.35027,-34.61723],[-58.35027,-34.61723],[-58.35027,-34.61738],[-58.3503,-34.61742],[-58.35035,-34.61748],[-58.35035,-34.61748],[-58.35052,-34.61758],[-58.35052,-34.61758],[-58.35059,-34.6177],[-58.35056,-34.61784],[-58.35061,-34.61799],[-58.35067,-34.61808],[-58.35068,-34.61808],[-58.35081,-34.61817],[-58.35036,-34.61813],[-58.35015,-34.61825],[-58.35005,-34.61823],[-58.34993,-34.61816],[-58.3498,-34.61821],[-58.34985,-34.61832],[-58.34987,-34.61836],[-58.34987,-34.61836],[-58.34992,-34.6184],[-58.34999,-34.61845],[-58.35011,-34.61848],[-58.35011,-34.61848],[-58.35011,-34.61851],[-58.35012,-34.61857],[-58.34998,-34.61864],[-58.34997,-34.61872],[-58.35025,-34.61878],[-58.35025,-34.61878],[-58.35034,-34.61865],[-58.35041,-34.61864],[-58.35053,-34.61853],[-58.35054,-34.61853],[-58.35073,-34.61855],[-58.35069,-34.61863],[-58.35055,-34.61868],[-58.35052,-34.61872],[-58.35052,-34.61872],[-58.3504,-34.61884],[-58.35037,-34.61893],[-58.35044,-34.619],[-58.35045,-34.619],[-58.35045,-34.619],[-58.35057,-34.61902],[-58.35057,-34.61902],[-58.35059,-34.61904],[-58.35067,-34.61913],[-58.35068,-34.61917],[-58.35083,-34.61917],[-58.35104,-34.61919],[-58.35115,-34.61921],[-58.35122,-34.61922],[-58.35125,-34.61929],[-58.35126,-34.61931]],[[-58.36446,-34.61241],[-58.36447,-34.6124],[-58.36448,-34.6124],[-58.36449,-34.61239],[-58.36449,-34.61239],[-58.3645,-34.61238],[-58.3645,-34.61238],[-58.36451,-34.61237],[-58.36451,-34.61236],[-58.36451,-34.61236],[-58.36454,-34.61209],[-58.36475,-34.61211],[-58.36472,-34.61235],[-58.36472,-34.61236],[-58.36472,-34.61237],[-58.36472,-34.61237],[-58.36472,-34.61238],[-58.36472,-34.61238],[-58.36472,-34.61239],[-58.36472,-34.61239],[-58.36472,-34.6124],[-58.36473,-34.61241],[-58.36473,-34.61241],[-58.36474,-34.61242],[-58.36475,-34.61242],[-58.36475,-34.61242],[-58.36476,-34.61243],[-58.36477,-34.61243],[-58.36478,-34.61243],[-58.36518,-34.61246],[-58.36542,-34.61249],[-58.36543,-34.61249],[-58.36543,-34.61249],[-58.36544,-34.61249],[-58.36544,-34.61249],[-58.36545,-34.61249],[-58.36545,-34.61249],[-58.36546,-34.6125],[-58.36546,-34.6125],[-58.36547,-34.61251],[-58.36547,-34.61251],[-58.36547,-34.61251],[-58.36547,-34.61252],[-58.36547,-34.61252],[-58.36547,-34.61253],[-58.36547,-34.61253],[-58.36547,-34.61254],[-58.36547,-34.61255],[-58.36517,-34.61518],[-58.36511,-34.61572],[-58.3649,-34.61753],[-58.3649,-34.61755],[-58.3649,-34.61756],[-58.36489,-34.61757],[-58.36489,-34.61757],[-58.36489,-34.61758],[-58.36488,-34.61758],[-58.36488,-34.61759],[-58.36487,-34.61759],[-58.36486,-34.61759],[-58.36486,-34.61759],[-58.36485,-34.61759],[-58.36483,-34.61759],[-58.36423,-34.61754],[-58.36422,-34.61754],[-58.3642,-34.61754],[-58.3642,-34.61754],[-58.36419,-34.61754],[-58.36418,-34.61754],[-58.36417,-34.61755],[-58.36416,-34.61755],[-58.36416,-34.61755],[-58.36415,-34.61756],[-58.36414,-34.61756],[-58.36414,-34.61757],[-58.36413,-34.61757],[-58.36413,-34.61758],[-58.3641,-34.61786],[-58.36389,-34.61784],[-58.36392,-34.61759],[-58.36392,-34.61758],[-58.36392,-34.61757],[-58.36392,-34.61756],[-58.36391,-34.61756],[-58.36391,-34.61755],[-58.36391,-34.61754],[-58.3639,-34.61754],[-58.3639,-34.61753],[-58.36389,-34.61753],[-58.36388,-34.61752],[-58.36388,-34.61752],[-58.36387,-34.61752],[-58.36386,-34.61752],[-58.36385,-34.61752],[-58.36322,-34.61747],[-58.36321,-34.61747],[-58.3632,-34.61747],[-58.36319,-34.61747],[-58.36318,-34.61747],[-58.36318,-34.61746],[-58.36317,-34.61746],[-58.36317,-34.61745],[-58.36316,-34.61745],[-58.36316,-34.61744],[-58.36316,-34.61743],[-58.36316,-34.61742],[-58.36316,-34.61741],[-58.36336,-34.61571],[-58.36373,-34.61241],[-58.36373,-34.6124],[-58.36374,-34.61239],[-58.36374,-34.61238],[-58.36374,-34.61237],[-58.36374,-34.61237],[-58.36374,-34.61236],[-58.36375,-34.61236],[-58.36376,-34.61236],[-58.36376,-34.61235],[-58.36378,-34.61235],[-58.36379,-34.61235],[-58.36381,-34.61235],[-58.36443,-34.6124],[-58.36444,-34.61241],[-58.36445,-34.61241],[-58.36446,-34.61241]],[[-58.36524,-34.60549],[-58.36525,-34.60548],[-58.36526,-34.60548],[-58.36526,-34.60548],[-58.36527,-34.60547],[-58.36528,-34.60547],[-58.36528,-34.60546],[-58.36529,-34.60545],[-58.36529,-34.60545],[-58.36529,-34.60544],[-58.36529,-34.60543],[-58.3653,-34.60543],[-58.36533,-34.60518],[-58.36555,-34.6052],[-58.36552,-34.60545],[-58.36552,-34.60545],[-58.36552,-34.60546],[-58.36552,-34.60546],[-58.36552,-34.60547],[-58.36552,-34.60547],[-58.36553,-34.60548],[-58.36553,-34.60548],[-58.36553,-34.60549],[-58.36553,-34.60549],[-58.36553,-34.6055],[-58.36554,-34.6055],[-58.36554,-34.6055],[-58.36555,-34.60551],[-58.36556,-34.60551],[-58.36556,-34.60551],[-58.36557,-34.60551],[-58.36557,-34.60551],[-58.36558,-34.60552],[-58.36559,-34.60552],[-58.3656,-34.60552],[-58.3662,-34.60556],[-58.36621,-34.60557],[-58.36622,-34.60557],[-58.36622,-34.60557],[-58.36623,-34.60557],[-58.36624,-34.60557],[-58.36624,-34.60557],[-58.36625,-34.60557],[-58.36625,-34.60558],[-58.36625,-34.60558],[-58.36626,-34.60558],[-58.36626,-34.60559],[-58.36626,-34.6056],[-58.36626,-34.6056],[-58.36626,-34.60561],[-58.36626,-34.60562],[-58.36614,-34.6067],[-58.36598,-34.60805],[-58.36562,-34.61121],[-58.36557,-34.61171],[-58.36557,-34.61172],[-58.36557,-34.61173],[-58.36556,-34.61173],[-58.36556,-34.61174],[-58.36556,-34.61174],[-58.36556,-34.61175],[-58.36555,-34.61175],[-58.36555,-34.61176],[-58.36554,-34.61176],[-58.36554,-34.61176],[-58.36553,-34.61176],[-58.36552,-34.61177],[-58.36552,-34.61177],[-58.36551,-34.61176],[-58.36549,-34.61176],[-58.36548,-34.61176],[-58.36518,-34.61174],[-58.36486,-34.61171],[-58.36485,-34.61171],[-58.36484,-34.61171],[-58.36484,-34.61171],[-58.36483,-34.61171],[-58.36482,-34.61172],[-58.36482,-34.61172],[-58.36481,-34.61172],[-58.3648,-34.61173],[-58.3648,-34.61173],[-58.3648,-34.61174],[-58.36479,-34.61175],[-58.36476,-34.61201],[-58.36455,-34.612],[-58.36458,-34.61174],[-58.36458,-34.61173],[-58.36458,-34.61172],[-58.36458,-34.61172],[-58.36457,-34.61171],[-58.36457,-34.61171],[-58.36457,-34.6117],[-58.36456,-34.6117],[-58.36455,-34.61169],[-58.36455,-34.61169],[-58.36454,-34.61169],[-58.36453,-34.61169],[-58.36452,-34.61168],[-58.36389,-34.61164],[-58.36388,-34.61163],[-58.36387,-34.61163],[-58.36386,-34.61163],[-58.36385,-34.61163],[-58.36385,-34.61163],[-58.36384,-34.61163],[-58.36384,-34.61162],[-58.36383,-34.61162],[-58.36383,-34.61162],[-58.36383,-34.61161],[-58.36382,-34.61161],[-58.36382,-34.6116],[-58.36382,-34.61159],[-58.36382,-34.61159],[-58.36387,-34.61121],[-58.36425,-34.60792],[-58.36439,-34.6067],[-58.36453,-34.60547],[-58.36453,-34.60547],[-58.36453,-34.60546],[-58.36453,-34.60546],[-58.36453,-34.60545],[-58.36454,-34.60545],[-58.36454,-34.60544],[-58.36455,-34.60544],[-58.36455,-34.60544],[-58.36456,-34.60544],[-58.36456,-34.60544],[-58.36457,-34.60544],[-58.36458,-34.60544],[-58.36459,-34.60544],[-58.36519,-34.60549],[-58.3652,-34.60548],[-58.36521,-34.60548],[-58.36521,-34.60548],[-58.36522,-34.60549],[-58.36523,-34.60549],[-58.36524,-34.60549]],[[-58.36593,-34.59916],[-58.36594,-34.59916],[-58.36595,-34.59916],[-58.36595,-34.59916],[-58.36596,-34.59915],[-58.36596,-34.59915],[-58.36597,-34.59914],[-58.36597,-34.59913],[-58.36597,-34.59913],[-58.36598,-34.59912],[-58.36599,-34.59912],[-58.36603,-34.59873],[-58.36618,-34.59872],[-58.36631,-34.59873],[-58.36626,-34.59914],[-58.36627,-34.59914],[-58.36627,-34.59915],[-58.36627,-34.59915],[-58.36627,-34.59916],[-58.36627,-34.59917],[-58.36627,-34.59917],[-58.36628,-34.59918],[-58.36628,-34.59918],[-58.36629,-34.59919],[-58.3663,-34.59919],[-58.36631,-34.59919],[-58.36632,-34.5992],[-58.36689,-34.59924],[-58.36689,-34.59924],[-58.3669,-34.59924],[-58.36691,-34.59924],[-58.36692,-34.59924],[-58.36692,-34.59924],[-58.36693,-34.59924],[-58.36694,-34.59925],[-58.36695,-34.59925],[-58.36696,-34.59925],[-58.36696,-34.59926],[-58.36697,-34.59926],[-58.36697,-34.59927],[-58.36698,-34.59928],[-58.36698,-34.59928],[-58.36698,-34.59929],[-58.36698,-34.5993],[-58.36698,-34.5993],[-58.36665,-34.60219],[-58.36635,-34.60485],[-58.36635,-34.60486],[-58.36635,-34.60487],[-58.36634,-34.60487],[-58.36634,-34.60488],[-58.36634,-34.60489],[-58.36634,-34.60489],[-58.36634,-34.60489],[-58.36633,-34.6049],[-58.36633,-34.6049],[-58.36632,-34.6049],[-58.36631,-34.6049],[-58.36631,-34.6049],[-58.3663,-34.6049],[-58.36629,-34.6049],[-58.36568,-34.60485],[-58.36567,-34.60485],[-58.36566,-34.60485],[-58.36565,-34.60485],[-58.36564,-34.60485],[-58.36563,-34.60485],[-58.36562,-34.60486],[-58.36562,-34.60486],[-58.36561,-34.60486],[-58.3656,-34.60487],[-58.3656,-34.60487],[-58.3656,-34.60488],[-58.36559,-34.60489],[-58.36559,-34.6049],[-58.36559,-34.6049],[-58.36559,-34.60491],[-58.36558,-34.60491],[-58.36555,-34.6051],[-58.36534,-34.60509],[-58.36536,-34.60489],[-58.36535,-34.60489],[-58.36535,-34.60488],[-58.36535,-34.60487],[-58.36535,-34.60486],[-58.36535,-34.60485],[-58.36535,-34.60485],[-58.36535,-34.60484],[-58.36535,-34.60484],[-58.36534,-34.60483],[-58.36534,-34.60483],[-58.36533,-34.60483],[-58.36533,-34.60482],[-58.36532,-34.60482],[-58.36531,-34.60482],[-58.3653,-34.60481],[-58.36529,-34.60481],[-58.36528,-34.60481],[-58.36527,-34.60481],[-58.36519,-34.60481],[-58.36465,-34.60477],[-58.36464,-34.60477],[-58.36463,-34.60477],[-58.36463,-34.60477],[-58.36462,-34.60476],[-58.36462,-34.60476],[-58.36462,-34.60475],[-58.36462,-34.60475],[-58.36461,-34.60474],[-58.36461,-34.60474],[-58.36461,-34.60473],[-58.36461,-34.60473],[-58.36491,-34.60219],[-58.36519,-34.59966],[-58.36525,-34.59919],[-58.36525,-34.59918],[-58.36525,-34.59917],[-58.36525,-34.59916],[-58.36525,-34.59916],[-58.36525,-34.59915],[-58.36526,-34.59915],[-58.36526,-34.59914],[-58.36526,-34.59914],[-58.36527,-34.59913],[-58.36527,-34.59913],[-58.36528,-34.59912],[-58.36528,-34.59912],[-58.36529,-34.59912],[-58.3653,-34.59912],[-58.3653,-34.59912],[-58.36531,-34.59912],[-58.36532,-34.59912],[-58.36532,-34.59912],[-58.36533,-34.59912],[-58.36592,-34.59916],[-58.36592,-34.59916],[-58.36593,-34.59916]],[[-58.36379,-34.61824],[-58.3638,-34.61824],[-58.36381,-34.61823],[-58.36382,-34.61823],[-58.36382,-34.61823],[-58.36383,-34.61822],[-58.36383,-34.61822],[-58.36384,-34.61821],[-58.36384,-34.6182],[-58.36384,-34.61819],[-58.36388,-34.61794],[-58.36409,-34.61795],[-58.36406,-34.61819],[-58.36406,-34.6182],[-58.36406,-34.61821],[-58.36406,-34.61822],[-58.36406,-34.61822],[-58.36406,-34.61823],[-58.36407,-34.61823],[-58.36407,-34.61824],[-58.36407,-34.61824],[-58.36408,-34.61825],[-58.36409,-34.61826],[-58.36409,-34.61826],[-58.3641,-34.61826],[-58.36411,-34.61826],[-58.36411,-34.61826],[-58.36412,-34.61827],[-58.36413,-34.61827],[-58.36414,-34.61827],[-58.36476,-34.61831],[-58.36477,-34.61831],[-58.36478,-34.61832],[-58.36479,-34.61832],[-58.36479,-34.61832],[-58.3648,-34.61833],[-58.3648,-34.61833],[-58.3648,-34.61834],[-58.36481,-34.61834],[-58.36481,-34.61835],[-58.36481,-34.61835],[-58.36481,-34.61836],[-58.36461,-34.62022],[-58.36426,-34.62337],[-58.36426,-34.62338],[-58.36426,-34.62339],[-58.36426,-34.6234],[-58.36426,-34.6234],[-58.36426,-34.62341],[-58.36426,-34.62341],[-58.36426,-34.62341],[-58.36425,-34.62342],[-58.36424,-34.62342],[-58.36424,-34.62342],[-58.36423,-34.62342],[-58.36423,-34.62342],[-58.36271,-34.62331],[-58.3627,-34.62331],[-58.3627,-34.62331],[-58.36269,-34.62331],[-58.36268,-34.62331],[-58.36267,-34.62331],[-58.36267,-34.62331],[-58.36266,-34.62331],[-58.36266,-34.62332],[-58.36265,-34.62332],[-58.36206,-34.62371],[-58.36205,-34.62371],[-58.36191,-34.62358],[-58.36193,-34.62357],[-58.36251,-34.62319],[-58.36252,-34.62319],[-58.36252,-34.62318],[-58.36252,-34.62318],[-58.36253,-34.62317],[-58.36253,-34.62317],[-58.36253,-34.62316],[-58.36254,-34.62315],[-58.36286,-34.62022],[-58.36307,-34.61824],[-58.36307,-34.61824],[-58.36307,-34.61823],[-58.36308,-34.61822],[-58.36308,-34.61821],[-58.36308,-34.61821],[-58.36308,-34.6182],[-58.36309,-34.6182],[-58.3631,-34.61819],[-58.3631,-34.61819],[-58.36311,-34.61819],[-58.36312,-34.61819],[-58.36313,-34.61819],[-58.36376,-34.61824],[-58.36377,-34.61824],[-58.36378,-34.61824],[-58.36379,-34.61824]]]}},{"type":"Feature","properties":{"barrio":"Recoleta","comuna":2},"geometry":{"type":"Polygon","coordinates":[[[-58.37605,-34.57748],[-58.37638,-34.57751],[-58.37672,-34.57754],[-58.37669,-34.57756],[-58.37669,-34.57756],[-58.37659,-34.57762],[-58.37398,-34.5791],[-58.37513,-34.58052],[-58.37616,-34.57995],[-58.37694,-34.57999],[-58.37984,-34.58016],[-58.38286,-34.57845],[-58.38307,-34.57837],[-58.38323,-34.57831],[-58.3834,-34.57827],[-58.38358,-34.57824],[-58.38375,-34.57821],[-58.38393,-34.57819],[-58.3841,-34.57818],[-58.38428,-34.57819],[-58.38445,-34.5782],[-58.38446,-34.5782],[-58.38463,-34.57822],[-58.38507,-34.57825],[-58.38529,-34.57825],[-58.38551,-34.57823],[-58.38562,-34.57822],[-58.38573,-34.57821],[-58.38595,-34.57822],[-58.38613,-34.57821],[-58.3863,-34.57818],[-58.38641,-34.57816],[-58.38652,-34.57813],[-58.38654,-34.57813],[-58.38655,-34.57813],[-58.38658,-34.57811],[-58.3869,-34.57812],[-58.38759,-34.57814],[-58.38825,-34.57816],[-58.3884,-34.57816],[-58.38949,-34.57819],[-58.38967,-34.5782],[-58.38987,-34.5782],[-58.38989,-34.57824],[-58.39039,-34.57897],[-58.3912,-34.58016],[-58.39122,-34.58019],[-58.39165,-34.58083],[-58.39165,-34.58083],[-58.39164,-34.58083],[-58.39163,-34.58083],[-58.39154,-34.58086],[-58.39146,-34.58088],[-58.3914,-34.5809],[-58.39134,-34.58092],[-58.3913,-34.58094],[-58.39129,-34.58095],[-58.39117,-34.58101],[-58.39116,-34.58101],[-58.3911,-34.58105],[-58.39105,-34.58107],[-58.391,-34.5811],[-58.39093,-34.58114],[-58.3908,-34.58121],[-58.39072,-34.58125],[-58.39067,-34.58128],[-58.39061,-34.58131],[-58.39055,-34.58134],[-58.39043,-34.5814],[-58.39019,-34.58152],[-58.39003,-34.58161],[-58.38994,-34.58166],[-58.38978,-34.58174],[-58.38961,-34.58183],[-58.38951,-34.58188],[-58.38936,-34.58196],[-58.38917,-34.58206],[-58.38906,-34.58212],[-58.38894,-34.58219],[-58.38879,-34.58227],[-58.38863,-34.58235],[-58.38845,-34.58246],[-58.3884,-34.58248],[-58.38835,-34.58252],[-58.38809,-34.58269],[-58.38784,-34.58286],[-58.38742,-34.58319],[-58.38697,-34.58355],[-58.38665,-34.58386],[-58.38643,-34.5841],[-58.38617,-34.58438],[-58.38598,-34.58459],[-58.38585,-34.58474],[-58.38585,-34.58474],[-58.3856,-34.58501],[-58.38533,-34.58538],[-58.38506,-34.58588],[-58.385,-34.58601],[-58.38489,-34.58621],[-58.3848,-34.58639],[-58.3848,-34.58639],[-58.3845,-34.58696],[-58.38409,-34.58724],[-58.38378,-34.58745],[-58.3837,-34.58749],[-58.38369,-34.5875],[-58.38369,-34.5875],[-58.38385,-34.58768],[-58.38495,-34.58879],[-58.38594,-34.58979],[-58.38692,-34.59077],[-58.38788,-34.59159],[-58.38788,-34.59159],[-58.38795,-34.59165],[-58.38791,-34.59168],[-58.38757,-34.59283],[-58.38731,-34.59454],[-58.38731,-34.59455],[-58.38729,-34.59464],[-58.38727,-34.59475],[-58.38718,-34.59555],[-58.38716,-34.59573],[-58.38713,-34.59593],[-58.38713,-34.59593],[-58.38707,-34.59693],[-58.38707,-34.59705],[-58.38707,-34.59717],[-58.38698,-34.59818],[-58.38696,-34.59828],[-58.38695,-34.59839],[-58.38695,-34.5984],[-58.38687,-34.59929],[-58.38796,-34.59934],[-58.38797,-34.59934],[-58.38812,-34.59935],[-58.38815,-34.59935],[-58.38939,-34.59942],[-58.38948,-34.59943],[-58.38961,-34.59944],[-58.38967,-34.59944],[-58.39014,-34.59947],[-58.39138,-34.59955],[-58.39148,-34.59956],[-58.39156,-34.59956],[-58.39293,-34.59964],[-58.39308,-34.59964],[-58.3944,-34.59967],[-58.39469,-34.59968],[-58.39471,-34.59968],[-58.39582,-34.5997],[-58.39664,-34.59972],[-58.39719,-34.59973],[-58.39866,-34.59976],[-58.39873,-34.59976],[-58.39873,-34.59976],[-58.39878,-34.59975],[-58.39992,-34.59962],[-58.40048,-34.59955],[-58.40107,-34.59948],[-58.40107,-34.59948],[-58.40121,-34.59947],[-58.40147,-34.59944],[-58.40201,-34.59937],[-58.40248,-34.59912],[-58.40254,-34.59909],[-58.40309,-34.5988],[-58.40345,-34.5986],[-58.40364,-34.5985],[-58.40372,-34.59845],[-58.40451,-34.59804],[-58.40451,-34.59804],[-58.40473,-34.59804],[-58.40474,-34.59804],[-58.40487,-34.59804],[-58.40487,-34.59804],[-58.40559,-34.59804],[-58.40559,-34.59804],[-58.40588,-34.59804],[-58.40589,-34.59804],[-58.40663,-34.59805],[-58.40663,-34.59805],[-58.40806,-34.59807],[-58.40806,-34.59807],[-58.40815,-34.59807],[-58.40815,-34.59807],[-58.40858,-34.59808],[-58.40858,-34.59808],[-58.40872,-34.59808],[-58.40872,-34.59808],[-58.4091,-34.59808],[-58.40943,-34.59809],[-58.40943,-34.59809],[-58.4103,-34.59809],[-58.41192,-34.598],[-58.41199,-34.598],[-58.41205,-34.598],[-58.41209,-34.59799],[-58.41299,-34.59796],[-58.41326,-34.59795],[-58.41392,-34.59792],[-58.41396,-34.59792],[-58.41463,-34.5979],[-58.41566,-34.59786],[-58.41567,-34.59786],[-58.41569,-34.59786],[-58.41569,-34.59786],[-58.416,-34.59785],[-58.41552,-34.59671],[-58.41505,-34.5956],[-58.41463,-34.5946],[-58.4144,-34.59405],[-58.41353,-34.59307],[-58.41288,-34.59232],[-58.41247,-34.59183],[-58.41239,-34.59175],[-58.41233,-34.59168],[-58.41119,-34.59035],[-58.41008,-34.58906],[-58.4095,-34.58823],[-58.4092,-34.58779],[-58.40903,-34.58756],[-58.40832,-34.58655],[-58.40814,-34.58629],[-58.40804,-34.58615],[-58.40763,-34.58556],[-58.40709,-34.5848],[-58.4064,-34.58381],[-58.40618,-34.58346],[-58.40536,-34.58345],[-58.40403,-34.58344],[-58.40205,-34.58343],[-58.40195,-34.58343],[-58.40135,-34.58379],[-58.40135,-34.58379],[-58.40122,-34.58388],[-58.40113,-34.58394],[-58.40055,-34.58447],[-58.39994,-34.58364],[-58.39928,-34.58273],[-58.39936,-34.58271],[-58.39811,-34.5807],[-58.39796,-34.58049],[-58.39693,-34.57904],[-58.39676,-34.57879],[-58.39656,-34.57851],[-58.39665,-34.57845],[-58.39682,-34.57834],[-58.39782,-34.57768],[-58.3979,-34.57763],[-58.39859,-34.57717],[-58.39861,-34.57716],[-58.39905,-34.57692],[-58.39988,-34.57652],[-58.39994,-34.57649],[-58.40051,-34.57616],[-58.40066,-34.57606],[-58.40115,-34.57574],[-58.40124,-34.57566],[-58.40166,-34.57532],[-58.40214,-34.57474],[-58.40241,-34.57441],[-58.40265,-34.57414],[-58.40251,-34.574],[-58.40241,-34.5739],[-58.40203,-34.57352],[-58.40175,-34.57313],[-58.40067,-34.57186],[-58.40054,-34.57174],[-58.40045,-34.57165],[-58.40031,-34.5715],[-58.39992,-34.57105],[-58.39989,-34.57101],[-58.39972,-34.57081],[-58.39964,-34.57056],[-58.39963,-34.5704],[-58.39965,-34.5702],[-58.3997,-34.57002],[-58.39981,-34.5698],[-58.39991,-34.56965],[-58.40005,-34.56946],[-58.40011,-34.56937],[-58.40013,-34.56935],[-58.40013,-34.56935],[-58.40001,-34.56943],[-58.39981,-34.56956],[-58.39958,-34.56971],[-58.39944,-34.56981],[-58.39935,-34.56987],[-58.39934,-34.56987],[-58.39934,-34.56987],[-58.3993,-34.56989],[-58.39927,-34.5699],[-58.39924,-34.56992],[-58.39922,-34.56993],[-58.39918,-34.56995],[-58.399,-34.57004],[-58.39882,-34.57013],[-58.3988,-34.57014],[-58.3987,-34.5702],[-58.39837,-34.57039],[-58.39521,-34.57219],[-58.39482,-34.57231],[-58.39433,-34.57229],[-58.39432,-34.57229],[-58.39354,-34.57223],[-58.39331,-34.57222],[-58.39321,-34.57221],[-58.39302,-34.57222],[-58.39284,-34.57223],[-58.39284,-34.57223],[-58.39288,-34.57216],[-58.39292,-34.5721],[-58.39294,-34.57207],[-58.39299,-34.57198],[-58.39295,-34.572],[-58.39292,-34.57201],[-58.39154,-34.57283],[-58.39044,-34.57347],[-58.3895,-34.57403],[-58.38858,-34.57453],[-58.38616,-34.57584],[-58.38531,-34.5763],[-58.38344,-34.57617],[-58.38344,-34.57617],[-58.3834,-34.57616],[-58.38307,-34.57583],[-58.38288,-34.57565],[-58.38286,-34.57562],[-58.38283,-34.57559],[-58.38282,-34.57555],[-58.38281,-34.57551],[-58.38281,-34.57547],[-58.38282,-34.57543],[-58.38284,-34.5754],[-58.38286,-34.57537],[-58.38289,-34.57535],[-58.38289,-34.57535],[-58.3831,-34.57523],[-58.3871,-34.57296],[-58.39126,-34.57061],[-58.39124,-34.57048],[-58.39125,-34.5704],[-58.39117,-34.57027],[-58.3911,-34.57015],[-58.39106,-34.57009],[-58.39105,-34.57007],[-58.39105,-34.57007],[-58.39096,-34.57002],[-58.39089,-34.56996],[-58.39088,-34.56996],[-58.39088,-34.56995],[-58.39081,-34.56989],[-58.39074,-34.56982],[-58.39068,-34.56975],[-58.39063,-34.56967],[-58.39058,-34.56959],[-58.39053,-34.56951],[-58.39051,-34.56945],[-58.3905,-34.56943],[-58.39049,-34.56942],[-58.39049,-34.56942],[-58.39047,-34.56941],[-58.39042,-34.56939],[-58.39037,-34.56937],[-58.39035,-34.56935],[-58.39032,-34.56934],[-58.39031,-34.56934],[-58.39023,-34.56938],[-58.38428,-34.56889],[-58.38421,-34.56888],[-58.38414,-34.56885],[-58.38407,-34.56883],[-58.38401,-34.56879],[-58.38395,-34.56875],[-58.38389,-34.56871],[-58.38389,-34.56871],[-58.38384,-34.56866],[-58.38381,-34.56863],[-58.38374,-34.56857],[-58.38369,-34.56851],[-58.38369,-34.56851],[-58.38366,-34.56849],[-58.38355,-34.56846],[-58.38345,-34.56843],[-58.38334,-34.5684],[-58.38323,-34.56839],[-58.38312,-34.56838],[-58.38236,-34.56841],[-58.38232,-34.5684],[-58.38227,-34.5684],[-58.38147,-34.56842],[-58.38116,-34.56848],[-58.38112,-34.56849],[-58.38108,-34.56851],[-58.38105,-34.56853],[-58.38102,-34.56855],[-58.381,-34.56858],[-58.38098,-34.56861],[-58.38097,-34.56864],[-58.38083,-34.56911],[-58.38075,-34.56939],[-58.38076,-34.56966],[-58.38073,-34.56977],[-58.38071,-34.57005],[-58.38071,-34.57011],[-58.38036,-34.5701],[-58.38036,-34.5701],[-58.3804,-34.56865],[-58.3804,-34.5686],[-58.38039,-34.56856],[-58.38038,-34.56851],[-58.38036,-34.56847],[-58.38033,-34.56843],[-58.3803,-34.56839],[-58.38026,-34.56835],[-58.38026,-34.56835],[-58.38022,-34.56832],[-58.38018,-34.5683],[-58.38013,-34.56827],[-58.38012,-34.56827],[-58.38011,-34.56827],[-58.3801,-34.56827],[-58.38009,-34.56827],[-58.38008,-34.56827],[-58.38008,-34.56828],[-58.38007,-34.56828],[-58.38006,-34.56829],[-58.38006,-34.56829],[-58.38005,-34.5683],[-58.38005,-34.56831],[-58.38004,-34.56834],[-58.38003,-34.56837],[-58.38003,-34.56841],[-58.38004,-34.56845],[-58.38005,-34.56847],[-58.38006,-34.56848],[-58.38007,-34.56849],[-58.38007,-34.5685],[-58.38009,-34.56851],[-58.3801,-34.56851],[-58.38012,-34.56852],[-58.38014,-34.56852],[-58.38016,-34.56853],[-58.38016,-34.56853],[-58.3802,-34.56861],[-58.38022,-34.56869],[-58.38025,-34.56878],[-58.38026,-34.56886],[-58.38027,-34.56895],[-58.38027,-34.56904],[-58.38027,-34.56912],[-58.38023,-34.56984],[-58.38006,-34.56991],[-58.38005,-34.56992],[-58.38003,-34.56993],[-58.38002,-34.56994],[-58.38001,-34.56995],[-58.38001,-34.56997],[-58.38,-34.56998],[-58.38,-34.56999],[-58.38,-34.57001],[-58.38001,-34.57002],[-58.38003,-34.57037],[-58.37984,-34.57035],[-58.37953,-34.57033],[-58.37953,-34.57033],[-58.37953,-34.57033],[-58.37952,-34.57033],[-58.37952,-34.57033],[-58.37952,-34.57033],[-58.37952,-34.57033],[-58.37951,-34.57033],[-58.37951,-34.57033],[-58.37951,-34.57033],[-58.37951,-34.57033],[-58.37951,-34.57033],[-58.3795,-34.57033],[-58.3795,-34.57033],[-58.3795,-34.57033],[-58.3795,-34.57033],[-58.3795,-34.57033],[-58.37949,-34.57033],[-58.37949,-34.57032],[-58.37949,-34.57032],[-58.37949,-34.57032],[-58.37949,-34.57032],[-58.37948,-34.57032],[-58.37948,-34.57032],[-58.37948,-34.57032],[-58.37948,-34.57032],[-58.37948,-34.57032],[-58.37948,-34.57032],[-58.37947,-34.57032],[-58.37947,-34.57032],[-58.37947,-34.57032],[-58.37947,-34.57032],[-58.37946,-34.57032],[-58.37946,-34.57032],[-58.37946,-34.57032],[-58.37946,-34.57032],[-58.37945,-34.57032],[-58.37945,-34.57032],[-58.37945,-34.57032],[-58.37945,-34.57032],[-58.37945,-34.57032],[-58.37945,-34.57032],[-58.37945,-34.57032],[-58.37944,-34.57032],[-58.37944,-34.57032],[-58.37944,-34.57032],[-58.37944,-34.57032],[-58.37944,-34.57032],[-58.37943,-34.57032],[-58.37943,-34.57032],[-58.37943,-34.57032],[-58.37943,-34.57032],[-58.37943,-34.57032],[-58.37942,-34.57032],[-58.37942,-34.57032],[-58.37942,-34.57032],[-58.37942,-34.57032],[-58.37942,-34.57032],[-58.37941,-34.57032],[-58.37941,-34.57032],[-58.37941,-34.57032],[-58.3794,-34.57032],[-58.3794,-34.57032],[-58.3794,-34.57032],[-58.3794,-34.57032],[-58.3794,-34.57032],[-58.37939,-34.57032],[-58.37939,-34.57032],[-58.37939,-34.57032],[-58.37939,-34.57032],[-58.37939,-34.57032],[-58.37938,-34.57032],[-58.37938,-34.57032],[-58.37938,-34.57032],[-58.37938,-34.57032],[-58.37938,-34.57032],[-58.37938,-34.57032],[-58.37938,-34.57032],[-58.37937,-34.57032],[-58.37937,-34.57032],[-58.37937,-34.57032],[-58.37937,-34.57032],[-58.37936,-34.57032],[-58.37936,-34.57032],[-58.37936,-34.57032],[-58.37936,-34.57031],[-58.37936,-34.57031],[-58.37935,-34.57031],[-58.37935,-34.57031],[-58.37935,-34.57031],[-58.37935,-34.57031],[-58.37935,-34.57031],[-58.37935,-34.57031],[-58.37934,-34.57031],[-58.37934,-34.57031],[-58.37934,-34.57031],[-58.37934,-34.57031],[-58.37934,-34.57031],[-58.37933,-34.57031],[-58.37933,-34.57031],[-58.37933,-34.57031],[-58.37933,-34.57031],[-58.37932,-34.57031],[-58.37932,-34.57031],[-58.37932,-34.57031],[-58.37932,-34.57031],[-58.37932,-34.57031],[-58.37932,-34.57031],[-58.37931,-34.57031],[-58.37931,-34.57031],[-58.37931,-34.57031],[-58.37931,-34.57031],[-58.3793,-34.57031],[-58.3793,-34.57031],[-58.3793,-34.57031],[-58.3793,-34.57031],[-58.3793,-34.57031],[-58.3793,-34.57031],[-58.37929,-34.57031],[-58.37929,-34.57031],[-58.37929,-34.57031],[-58.37929,-34.57031],[-58.37928,-34.57031],[-58.37928,-34.57031],[-58.37928,-34.57031],[-58.37927,-34.57031],[-58.37927,-34.57031],[-58.37927,-34.57031],[-58.37927,-34.57031],[-58.37927,-34.57031],[-58.37926,-34.57031],[-58.37926,-34.57031],[-58.37926,-34.57031],[-58.37926,-34.57031],[-58.37925,-34.57031],[-58.37925,-34.57031],[-58.37925,-34.57031],[-58.37925,-34.57031],[-58.37925,-34.57031],[-58.37924,-34.57031],[-58.37924,-34.57031],[-58.37924,-34.57031],[-58.37924,-34.57031],[-58.37924,-34.57031],[-58.37923,-34.57031],[-58.37923,-34.57031],[-58.37923,-34.5703],[-58.37922,-34.5703],[-58.37922,-34.5703],[-58.37922,-34.5703],[-58.37922,-34.5703],[-58.37921,-34.5703],[-58.37921,-34.5703],[-58.37921,-34.5703],[-58.37921,-34.5703],[-58.37921,-34.5703],[-58.37921,-34.5703],[-58.37921,-34.5703],[-58.37921,-34.5703],[-58.37921,-34.5703],[-58.3792,-34.5703],[-58.3792,-34.5703],[-58.3792,-34.5703],[-58.3792,-34.5703],[-58.3792,-34.5703],[-58.37919,-34.5703],[-58.37919,-34.5703],[-58.37919,-34.5703],[-58.37919,-34.5703],[-58.37919,-34.5703],[-58.37919,-34.5703],[-58.37918,-34.5703],[-58.37918,-34.5703],[-58.37918,-34.5703],[-58.37918,-34.5703],[-58.37918,-34.5703],[-58.37918,-34.5703],[-58.37917,-34.5703],[-58.37917,-34.5703],[-58.37917,-34.5703],[-58.37917,-34.5703],[-58.37916,-34.5703],[-58.37916,-34.5703],[-58.37916,-34.5703],[-58.37916,-34.5703],[-58.37916,-34.5703],[-58.37916,-34.5703],[-58.37915,-34.5703],[-58.37915,-34.5703],[-58.37915,-34.5703],[-58.37915,-34.5703],[-58.37914,-34.5703],[-58.37914,-34.5703],[-58.37914,-34.5703],[-58.37914,-34.5703],[-58.37914,-34.5703],[-58.37913,-34.5703],[-58.37913,-34.5703],[-58.37913,-34.5703],[-58.37912,-34.5703],[-58.37912,-34.5703],[-58.37912,-34.5703],[-58.37912,-34.5703],[-58.37912,-34.5703],[-58.37912,-34.5703],[-58.37911,-34.5703],[-58.37911,-34.5703],[-58.37911,-34.5703],[-58.3791,-34.5703],[-58.3791,-34.5703],[-58.3791,-34.5703],[-58.3791,-34.5703],[-58.3791,-34.5703],[-58.3791,-34.5703],[-58.37909,-34.5703],[-58.37909,-34.5703],[-58.37909,-34.5703],[-58.37909,-34.5703],[-58.37908,-34.5703],[-58.37908,-34.5703],[-58.37908,-34.5703],[-58.37908,-34.5703],[-58.37908,-34.5703],[-58.37908,-34.5703],[-58.37907,-34.5703],[-58.37907,-34.5703],[-58.37907,-34.5703],[-58.37907,-34.5703],[-58.37907,-34.5703],[-58.37906,-34.5703],[-58.37906,-34.5703],[-58.37906,-34.5703],[-58.37906,-34.5703],[-58.37906,-34.5703],[-58.37906,-34.5703],[-58.37905,-34.5703],[-58.37905,-34.5703],[-58.37905,-34.5703],[-58.37905,-34.5703],[-58.37905,-34.5703],[-58.37904,-34.5703],[-58.37904,-34.5703],[-58.37904,-34.5703],[-58.37904,-34.5703],[-58.37903,-34.5703],[-58.37903,-34.5703],[-58.37903,-34.5703],[-58.37903,-34.5703],[-58.37903,-34.5703],[-58.37903,-34.5703],[-58.37902,-34.5703],[-58.37902,-34.5703],[-58.37902,-34.5703],[-58.37901,-34.5703],[-58.37901,-34.5703],[-58.37901,-34.5703],[-58.37901,-34.5703],[-58.37901,-34.5703],[-58.379,-34.5703],[-58.379,-34.5703],[-58.379,-34.5703],[-58.379,-34.57031],[-58.379,-34.57031],[-58.379,-34.57031],[-58.37899,-34.57031],[-58.37899,-34.57031],[-58.37899,-34.57031],[-58.37898,-34.57031],[-58.37898,-34.57031],[-58.37898,-34.57031],[-58.37898,-34.57031],[-58.37897,-34.57031],[-58.37897,-34.57031],[-58.37897,-34.57031],[-58.37897,-34.57031],[-58.37896,-34.57031],[-58.37896,-34.57031],[-58.37896,-34.57031],[-58.37896,-34.57031],[-58.37896,-34.57031],[-58.37896,-34.57031],[-58.37896,-34.57031],[-58.37896,-34.57031],[-58.37895,-34.57031],[-58.37895,-34.57031],[-58.37895,-34.57031],[-58.37895,-34.57031],[-58.37895,-34.57031],[-58.37895,-34.57031],[-58.37894,-34.57031],[-58.37894,-34.57031],[-58.37894,-34.57031],[-58.37894,-34.57031],[-58.37894,-34.57031],[-58.37893,-34.57031],[-58.37893,-34.57031],[-58.37893,-34.57031],[-58.37893,-34.57031],[-58.37892,-34.57031],[-58.37892,-34.57032],[-58.37892,-34.57032],[-58.37892,-34.57032],[-58.37892,-34.57032],[-58.37891,-34.57032],[-58.37891,-34.57032],[-58.37891,-34.57032],[-58.37891,-34.57032],[-58.3789,-34.57032],[-58.3789,-34.57032],[-58.3789,-34.57032],[-58.3789,-34.57032],[-58.3789,-34.57032],[-58.37889,-34.57032],[-58.37889,-34.57032],[-58.37889,-34.57032],[-58.37889,-34.57032],[-58.37888,-34.57032],[-58.37888,-34.57032],[-58.37888,-34.57032],[-58.37888,-34.57032],[-58.37887,-34.57032],[-58.37887,-34.57032],[-58.37887,-34.57032],[-58.37887,-34.57033],[-58.37887,-34.57033],[-58.37886,-34.57033],[-58.37886,-34.57033],[-58.37886,-34.57033],[-58.37886,-34.57033],[-58.37886,-34.57033],[-58.37885,-34.57033],[-58.37885,-34.57033],[-58.37885,-34.57033],[-58.37885,-34.57033],[-58.37885,-34.57033],[-58.37884,-34.57033],[-58.37884,-34.57033],[-58.37884,-34.57033],[-58.37883,-34.57033],[-58.37883,-34.57033],[-58.37883,-34.57033],[-58.37882,-34.57034],[-58.37882,-34.57034],[-58.37882,-34.57034],[-58.37882,-34.57034],[-58.37881,-34.57034],[-58.37881,-34.57034],[-58.37881,-34.57034],[-58.37881,-34.57034],[-58.37881,-34.57034],[-58.3788,-34.57034],[-58.3788,-34.57034],[-58.3788,-34.57034],[-58.3788,-34.57034],[-58.37879,-34.57034],[-58.37879,-34.57034],[-58.37879,-34.57034],[-58.37879,-34.57034],[-58.37879,-34.57035],[-58.37879,-34.57035],[-58.37878,-34.57035],[-58.37878,-34.57035],[-58.37878,-34.57035],[-58.37877,-34.57035],[-58.37877,-34.57035],[-58.37877,-34.57035],[-58.37877,-34.57035],[-58.37876,-34.57035],[-58.37876,-34.57035],[-58.37876,-34.57036],[-58.37875,-34.57036],[-58.37875,-34.57036],[-58.37875,-34.57036],[-58.37875,-34.57036],[-58.37875,-34.57036],[-58.37874,-34.57036],[-58.37874,-34.57036],[-58.37874,-34.57036],[-58.37874,-34.57036],[-58.37874,-34.57036],[-58.37874,-34.57036],[-58.37874,-34.57036],[-58.37873,-34.57036],[-58.37873,-34.57037],[-58.37873,-34.57037],[-58.37872,-34.57037],[-58.37872,-34.57037],[-58.37872,-34.57037],[-58.37872,-34.57037],[-58.37872,-34.57037],[-58.37872,-34.57037],[-58.37872,-34.57037],[-58.37872,-34.57037],[-58.37872,-34.57037],[-58.37871,-34.57037],[-58.37871,-34.57037],[-58.37871,-34.57037],[-58.37871,-34.57037],[-58.3787,-34.57038],[-58.3787,-34.57038],[-58.3787,-34.57038],[-58.3787,-34.57038],[-58.37869,-34.57038],[-58.37869,-34.57038],[-58.37869,-34.57038],[-58.37869,-34.57038],[-58.37869,-34.57038],[-58.37868,-34.57038],[-58.37868,-34.57038],[-58.37868,-34.57039],[-58.37868,-34.57039],[-58.37867,-34.57039],[-58.37867,-34.57039],[-58.37867,-34.57039],[-58.37867,-34.57039],[-58.37866,-34.57039],[-58.37866,-34.57039],[-58.37866,-34.57039],[-58.37866,-34.57039],[-58.37866,-34.57039],[-58.37866,-34.57039],[-58.37866,-34.57039],[-58.37866,-34.57039],[-58.37866,-34.57039],[-58.37866,-34.57039],[-58.37865,-34.5704],[-58.37865,-34.5704],[-58.37865,-34.5704],[-58.37864,-34.5704],[-58.37864,-34.5704],[-58.37864,-34.5704],[-58.37864,-34.5704],[-58.37864,-34.5704],[-58.37863,-34.5704],[-58.37863,-34.57041],[-58.37863,-34.57041],[-58.37862,-34.57041],[-58.37862,-34.57041],[-58.37862,-34.57041],[-58.37862,-34.57041],[-58.37862,-34.57041],[-58.37862,-34.57041],[-58.37862,-34.57041],[-58.37862,-34.57041],[-58.37861,-34.57041],[-58.37861,-34.57042],[-58.37861,-34.57042],[-58.3786,-34.57042],[-58.3786,-34.57042],[-58.3786,-34.57042],[-58.3786,-34.57042],[-58.3786,-34.57042],[-58.37859,-34.57042],[-58.37859,-34.57043],[-58.37859,-34.57043],[-58.37859,-34.57043],[-58.37859,-34.57043],[-58.37859,-34.57043],[-58.37858,-34.57043],[-58.37858,-34.57043],[-58.37858,-34.57043],[-58.37858,-34.57043],[-58.37858,-34.57043],[-58.37857,-34.57043],[-58.37857,-34.57044],[-58.37857,-34.57044],[-58.37857,-34.57044],[-58.37857,-34.57044],[-58.37856,-34.57044],[-58.37856,-34.57044],[-58.37856,-34.57044],[-58.37856,-34.57044],[-58.37678,-34.57144],[-58.37612,-34.57182],[-58.37588,-34.57195],[-58.37585,-34.57197],[-58.37585,-34.57197],[-58.37585,-34.57197],[-58.37582,-34.57199],[-58.3758,-34.572],[-58.37415,-34.57307],[-58.37415,-34.57307],[-58.37411,-34.57309],[-58.3741,-34.5731],[-58.37405,-34.57312],[-58.37402,-34.57314],[-58.37398,-34.57317],[-58.37398,-34.57317],[-58.37395,-34.57318],[-58.37164,-34.5745],[-58.37164,-34.5745],[-58.37162,-34.5745],[-58.37157,-34.57454],[-58.37157,-34.57454],[-58.37154,-34.57455],[-58.37152,-34.57457],[-58.3715,-34.57458],[-58.3715,-34.57458],[-58.3715,-34.57458],[-58.37148,-34.57459],[-58.37145,-34.5746],[-58.37143,-34.57462],[-58.37138,-34.57464],[-58.37133,-34.57467],[-58.37133,-34.57467],[-58.37129,-34.5747],[-58.37129,-34.5747],[-58.37127,-34.57471],[-58.37125,-34.57472],[-58.37122,-34.57474],[-58.37122,-34.57474],[-58.3712,-34.57476],[-58.37118,-34.57477],[-58.37118,-34.57477],[-58.37117,-34.57478],[-58.37116,-34.57478],[-58.37116,-34.57478],[-58.37115,-34.57479],[-58.37114,-34.5748],[-58.37113,-34.57481],[-58.37113,-34.57481],[-58.37111,-34.57483],[-58.37111,-34.57483],[-58.37117,-34.5749],[-58.37117,-34.5749],[-58.37119,-34.57488],[-58.37119,-34.57488],[-58.37122,-34.57486],[-58.37122,-34.57486],[-58.37125,-34.57484],[-58.37125,-34.57484],[-58.37126,-34.57483],[-58.37127,-34.57482],[-58.37129,-34.57481],[-58.3713,-34.5748],[-58.37134,-34.57478],[-58.37134,-34.57478],[-58.37138,-34.57475],[-58.37142,-34.57473],[-58.37145,-34.57471],[-58.37147,-34.5747],[-58.37147,-34.5747],[-58.37154,-34.57465],[-58.3716,-34.57462],[-58.37161,-34.57462],[-58.37393,-34.57329],[-58.37393,-34.57329],[-58.3742,-34.57314],[-58.37422,-34.57313],[-58.37459,-34.57289],[-58.37553,-34.57228],[-58.37577,-34.57213],[-58.37584,-34.57209],[-58.37585,-34.57208],[-58.37586,-34.57207],[-58.37587,-34.57206],[-58.37589,-34.57205],[-58.37591,-34.57204],[-58.37592,-34.57203],[-58.37593,-34.57202],[-58.37595,-34.57201],[-58.37598,-34.572],[-58.37602,-34.57198],[-58.37603,-34.57197],[-58.37604,-34.57196],[-58.37606,-34.57195],[-58.37609,-34.57194],[-58.37609,-34.57193],[-58.37611,-34.57193],[-58.37612,-34.57193],[-58.37612,-34.57192],[-58.37612,-34.57192],[-58.37617,-34.5719],[-58.37619,-34.57189],[-58.37748,-34.57115],[-58.37855,-34.57055],[-58.37855,-34.57055],[-58.37858,-34.57053],[-58.3786,-34.57052],[-58.37861,-34.57051],[-58.37861,-34.57051],[-58.37862,-34.57051],[-58.37864,-34.5705],[-58.37868,-34.57048],[-58.37868,-34.57048],[-58.37871,-34.57046],[-58.37871,-34.57046],[-58.37875,-34.57045],[-58.37875,-34.57045],[-58.37875,-34.57045],[-58.37878,-34.57043],[-58.3788,-34.57043],[-58.37884,-34.57042],[-58.37887,-34.57041],[-58.37892,-34.5704],[-58.37892,-34.5704],[-58.37896,-34.57039],[-58.37899,-34.57039],[-58.37902,-34.57038],[-58.37902,-34.57038],[-58.37906,-34.57038],[-58.37907,-34.57038],[-58.37907,-34.57038],[-58.37907,-34.57038],[-58.3791,-34.57038],[-58.37914,-34.57038],[-58.37916,-34.57038],[-58.37917,-34.57038],[-58.37919,-34.57038],[-58.37919,-34.57038],[-58.37923,-34.57038],[-58.37925,-34.57039],[-58.37997,-34.57044],[-58.38036,-34.57047],[-58.38036,-34.57047],[-58.38033,-34.57081],[-58.38051,-34.57104],[-58.38027,-34.57118],[-58.37891,-34.57196],[-58.37842,-34.57224],[-58.37831,-34.5723],[-58.3783,-34.57231],[-58.3783,-34.57231],[-58.3783,-34.57231],[-58.3783,-34.57232],[-58.3783,-34.57232],[-58.3783,-34.57233],[-58.37829,-34.57233],[-58.37829,-34.57234],[-58.37829,-34.57234],[-58.37829,-34.57235],[-58.37825,-34.57266],[-58.37825,-34.57268],[-58.37825,-34.57268],[-58.37825,-34.57268],[-58.37825,-34.57269],[-58.37825,-34.5727],[-58.37826,-34.5727],[-58.37826,-34.5727],[-58.37826,-34.5727],[-58.37826,-34.57271],[-58.37826,-34.57271],[-58.37827,-34.57272],[-58.37827,-34.57272],[-58.37827,-34.57272],[-58.37827,-34.57272],[-58.37827,-34.57273],[-58.37828,-34.57274],[-58.37828,-34.57274],[-58.37828,-34.57274],[-58.37828,-34.57274],[-58.37828,-34.57274],[-58.37829,-34.57274],[-58.37829,-34.57275],[-58.3783,-34.57275],[-58.3783,-34.57275],[-58.3783,-34.57275],[-58.3783,-34.57275],[-58.37831,-34.57276],[-58.37831,-34.57276],[-58.37833,-34.57277],[-58.37833,-34.57277],[-58.37833,-34.57277],[-58.37833,-34.57277],[-58.37833,-34.57277],[-58.37833,-34.57277],[-58.37833,-34.57277],[-58.37834,-34.57277],[-58.37835,-34.57277],[-58.37835,-34.57277],[-58.37836,-34.57277],[-58.37838,-34.57277],[-58.37841,-34.57278],[-58.37846,-34.57278],[-58.38353,-34.57318],[-58.38353,-34.57318],[-58.38354,-34.57318],[-58.38354,-34.57318],[-58.38355,-34.57318],[-58.38355,-34.57318],[-58.38355,-34.57318],[-58.38356,-34.57319],[-58.38357,-34.57319],[-58.38358,-34.57319],[-58.38358,-34.57319],[-58.38358,-34.57319],[-58.38358,-34.57319],[-58.38358,-34.57319],[-58.38359,-34.5732],[-58.38359,-34.5732],[-58.38359,-34.5732],[-58.38359,-34.5732],[-58.3836,-34.57321],[-58.3836,-34.57321],[-58.3836,-34.57322],[-58.38361,-34.57322],[-58.38361,-34.57322],[-58.38361,-34.57323],[-58.3836,-34.57325],[-58.3836,-34.57333],[-58.38359,-34.57338],[-58.38359,-34.57338],[-58.38359,-34.57339],[-58.38359,-34.57339],[-58.38359,-34.57339],[-58.38359,-34.5734],[-58.38359,-34.5734],[-58.38359,-34.5734],[-58.38359,-34.5734],[-58.38359,-34.5734],[-58.38358,-34.57341],[-58.38358,-34.57342],[-58.38357,-34.57342],[-58.38357,-34.57343],[-58.38356,-34.57343],[-58.38356,-34.57343],[-58.38356,-34.57343],[-58.38355,-34.57344],[-58.38253,-34.57402],[-58.38213,-34.57424],[-58.38189,-34.57437],[-58.38189,-34.57437],[-58.38189,-34.57437],[-58.38188,-34.57438],[-58.38188,-34.57438],[-58.38187,-34.57439],[-58.38186,-34.57439],[-58.38186,-34.57439],[-58.38186,-34.57439],[-58.38186,-34.5744],[-58.38186,-34.5744],[-58.38185,-34.5744],[-58.38185,-34.5744],[-58.38184,-34.5744],[-58.38184,-34.57441],[-58.38183,-34.57441],[-58.38183,-34.57441],[-58.38182,-34.57441],[-58.38182,-34.57441],[-58.3818,-34.57441],[-58.38179,-34.57441],[-58.38177,-34.5744],[-58.38016,-34.57428],[-58.37928,-34.57421],[-58.37926,-34.5742],[-58.37925,-34.5742],[-58.37612,-34.57395],[-58.37612,-34.57395],[-58.37552,-34.57391],[-58.37544,-34.57393],[-58.37411,-34.57469],[-58.3733,-34.57516],[-58.37233,-34.57571],[-58.37231,-34.57572],[-58.37177,-34.57603],[-58.37077,-34.5766],[-58.37077,-34.5766],[-58.37077,-34.5766],[-58.37076,-34.5766],[-58.37075,-34.57661],[-58.37075,-34.57661],[-58.37075,-34.57661],[-58.37075,-34.57661],[-58.37075,-34.57661],[-58.37075,-34.57661],[-58.37075,-34.57662],[-58.37075,-34.57662],[-58.37074,-34.57662],[-58.37074,-34.57663],[-58.3707,-34.57702],[-58.3707,-34.57702],[-58.3707,-34.57702],[-58.3707,-34.57702],[-58.3707,-34.57703],[-58.3707,-34.57704],[-58.3707,-34.57704],[-58.37071,-34.57704],[-58.37071,-34.57704],[-58.37071,-34.57705],[-58.37071,-34.57705],[-58.37072,-34.57705],[-58.37072,-34.57706],[-58.37072,-34.57706],[-58.37072,-34.57706],[-58.37073,-34.57706],[-58.37074,-34.57706],[-58.37075,-34.57706],[-58.37076,-34.57706],[-58.37077,-34.57706],[-58.37077,-34.57706],[-58.37601,-34.57748],[-58.37601,-34.57748],[-58.37601,-34.57748],[-58.37601,-34.57748],[-58.37602,-34.57748],[-58.37605,-34.57748]]]}},{"type":"Feature","properties":{"barrio":"Retiro","comuna":1},"geometry":{"type":"Polygon","coordinates":[[[-58.35649,-34.59503],[-58.35711,-34.59508],[-58.35724,-34.59509],[-58.35733,-34.59509],[-58.35733,-34.59509],[-58.35769,-34.59514],[-58.35782,-34.59515],[-58.35853,-34.59518],[-58.35926,-34.59524],[-58.36013,-34.59564],[-58.36055,-34.59584],[-58.36101,-34.59605],[-58.36123,-34.59614],[-58.36212,-34.59655],[-58.36293,-34.59693],[-58.36328,-34.59708],[-58.36345,-34.59712],[-58.36344,-34.59716],[-58.36354,-34.59719],[-58.3635,-34.5973],[-58.3635,-34.59732],[-58.36324,-34.59806],[-58.36374,-34.5981],[-58.36387,-34.59814],[-58.36409,-34.59816],[-58.36507,-34.59823],[-58.36597,-34.59829],[-58.36608,-34.5983],[-58.36636,-34.59831],[-58.36661,-34.59832],[-58.36679,-34.59831],[-58.36736,-34.59826],[-58.36778,-34.59829],[-58.36798,-34.5984],[-58.36799,-34.5984],[-58.36812,-34.59844],[-58.36882,-34.59835],[-58.36887,-34.59834],[-58.36889,-34.59834],[-58.36952,-34.59832],[-58.37095,-34.59838],[-58.37117,-34.59839],[-58.37148,-34.59842],[-58.3728,-34.59852],[-58.3738,-34.59859],[-58.37419,-34.59862],[-58.37537,-34.5987],[-58.37543,-34.59871],[-58.37684,-34.59881],[-58.37828,-34.59891],[-58.37975,-34.59897],[-58.37978,-34.59897],[-58.38029,-34.59899],[-58.38102,-34.59902],[-58.38125,-34.59903],[-58.38167,-34.59905],[-58.38182,-34.59906],[-58.38195,-34.59906],[-58.38209,-34.59907],[-58.38252,-34.59909],[-58.38278,-34.5991],[-58.38388,-34.59915],[-58.38403,-34.59916],[-58.38421,-34.59917],[-58.38548,-34.59923],[-58.38553,-34.59923],[-58.38681,-34.59929],[-58.38687,-34.59929],[-58.38695,-34.5984],[-58.38695,-34.59839],[-58.38696,-34.59828],[-58.38698,-34.59818],[-58.38707,-34.59717],[-58.38707,-34.59705],[-58.38707,-34.59693],[-58.38713,-34.59593],[-58.38713,-34.59593],[-58.38716,-34.59573],[-58.38718,-34.59555],[-58.38727,-34.59475],[-58.38729,-34.59464],[-58.38731,-34.59455],[-58.38731,-34.59454],[-58.38757,-34.59283],[-58.38791,-34.59168],[-58.38795,-34.59165],[-58.38788,-34.59159],[-58.38788,-34.59159],[-58.38692,-34.59077],[-58.38594,-34.58979],[-58.38495,-34.58879],[-58.38385,-34.58768],[-58.38369,-34.5875],[-58.38369,-34.5875],[-58.3837,-34.58749],[-58.38378,-34.58745],[-58.38409,-34.58724],[-58.3845,-34.58696],[-58.3848,-34.58639],[-58.3848,-34.58639],[-58.38489,-34.58621],[-58.385,-34.58601],[-58.38506,-34.58588],[-58.38533,-34.58538],[-58.3856,-34.58501],[-58.38585,-34.58474],[-58.38585,-34.58474],[-58.38598,-34.58459],[-58.38617,-34.58438],[-58.38643,-34.5841],[-58.38665,-34.58386],[-58.38697,-34.58355],[-58.38742,-34.58319],[-58.38784,-34.58286],[-58.38809,-34.58269],[-58.38835,-34.58252],[-58.3884,-34.58248],[-58.38845,-34.58246],[-58.38863,-34.58235],[-58.38879,-34.58227],[-58.38894,-34.58219],[-58.38906,-34.58212],[-58.38917,-34.58206],[-58.38936,-34.58196],[-58.38951,-34.58188],[-58.38961,-34.58183],[-58.38978,-34.58174],[-58.38994,-34.58166],[-58.39003,-34.58161],[-58.39019,-34.58152],[-58.39043,-34.5814],[-58.39055,-34.58134],[-58.39061,-34.58131],[-58.39067,-34.58128],[-58.39072,-34.58125],[-58.3908,-34.58121],[-58.39093,-34.58114],[-58.391,-34.5811],[-58.39105,-34.58107],[-58.3911,-34.58105],[-58.39116,-34.58101],[-58.39117,-34.58101],[-58.39129,-34.58095],[-58.3913,-34.58094],[-58.39134,-34.58092],[-58.3914,-34.5809],[-58.39146,-34.58088],[-58.39154,-34.58086],[-58.39163,-34.58083],[-58.39164,-34.58083],[-58.39165,-34.58083],[-58.39165,-34.58083],[-58.39122,-34.58019],[-58.3912,-34.58016],[-58.39039,-34.57897],[-58.38989,-34.57824],[-58.38987,-34.5782],[-58.38967,-34.5782],[-58.38949,-34.57819],[-58.3884,-34.57816],[-58.38825,-34.57816],[-58.38759,-34.57814],[-58.3869,-34.57812],[-58.38658,-34.57811],[-58.38655,-34.57813],[-58.38654,-34.57813],[-58.38652,-34.57813],[-58.38641,-34.57816],[-58.3863,-34.57818],[-58.38613,-34.57821],[-58.38595,-34.57822],[-58.38573,-34.57821],[-58.38562,-34.57822],[-58.38551,-34.57823],[-58.38529,-34.57825],[-58.38507,-34.57825],[-58.38463,-34.57822],[-58.38446,-34.5782],[-58.38445,-34.5782],[-58.38428,-34.57819],[-58.3841,-34.57818],[-58.38393,-34.57819],[-58.38375,-34.57821],[-58.38358,-34.57824],[-58.3834,-34.57827],[-58.38323,-34.57831],[-58.38307,-34.57837],[-58.38286,-34.57845],[-58.37984,-34.58016],[-58.37694,-34.57999],[-58.37616,-34.57995],[-58.37513,-34.58052],[-58.37398,-34.5791],[-58.37659,-34.57762],[-58.37669,-34.57756],[-58.37669,-34.57756],[-58.37672,-34.57754],[-58.37638,-34.57751],[-58.37605,-34.57748],[-58.37605,-34.57749],[-58.37605,-34.57749],[-58.37605,-34.57749],[-58.37605,-34.57749],[-58.37605,-34.57749],[-58.37607,-34.5775],[-58.37607,-34.57751],[-58.37607,-34.57752],[-58.37607,-34.57752],[-58.37607,-34.57757],[-58.37606,-34.57757],[-58.37606,-34.57763],[-58.37606,-34.57764],[-58.37605,-34.57768],[-58.37605,-34.57769],[-58.37605,-34.57769],[-58.37605,-34.5777],[-58.37605,-34.5777],[-58.37604,-34.57771],[-58.37604,-34.57771],[-58.37604,-34.57772],[-58.37603,-34.57772],[-58.37602,-34.57773],[-58.37602,-34.57773],[-58.37541,-34.57808],[-58.37539,-34.57809],[-58.37529,-34.57814],[-58.37529,-34.57815],[-58.37433,-34.57869],[-58.37433,-34.57869],[-58.37433,-34.57869],[-58.37432,-34.5787],[-58.37432,-34.5787],[-58.37431,-34.5787],[-58.37431,-34.5787],[-58.37431,-34.5787],[-58.37431,-34.5787],[-58.3743,-34.5787],[-58.37429,-34.5787],[-58.37428,-34.5787],[-58.37428,-34.5787],[-58.37427,-34.5787],[-58.37425,-34.5787],[-58.37425,-34.5787],[-58.37423,-34.5787],[-58.36801,-34.57821],[-58.36801,-34.57821],[-58.36798,-34.57821],[-58.36797,-34.57821],[-58.36797,-34.57821],[-58.36796,-34.57821],[-58.36795,-34.57821],[-58.36794,-34.57821],[-58.36793,-34.57821],[-58.36793,-34.57821],[-58.36792,-34.57821],[-58.36792,-34.57822],[-58.36791,-34.57822],[-58.3679,-34.57823],[-58.3679,-34.57823],[-58.36788,-34.57824],[-58.36788,-34.57824],[-58.36543,-34.57964],[-58.36534,-34.57969],[-58.36532,-34.5797],[-58.36531,-34.57971],[-58.3653,-34.57972],[-58.36529,-34.57974],[-58.36525,-34.58014],[-58.36525,-34.58014],[-58.36525,-34.58014],[-58.36525,-34.58014],[-58.36525,-34.58015],[-58.36525,-34.58015],[-58.36526,-34.58016],[-58.36526,-34.58016],[-58.36526,-34.58016],[-58.36526,-34.58016],[-58.36527,-34.58016],[-58.36527,-34.58016],[-58.36527,-34.58017],[-58.36527,-34.58017],[-58.36528,-34.58017],[-58.36528,-34.58017],[-58.36529,-34.58017],[-58.36529,-34.58017],[-58.36531,-34.58017],[-58.36531,-34.58017],[-58.37057,-34.58058],[-58.37058,-34.58058],[-58.37058,-34.58058],[-58.37058,-34.58058],[-58.37059,-34.58058],[-58.3706,-34.58059],[-58.37061,-34.58059],[-58.37061,-34.5806],[-58.37061,-34.5806],[-58.37062,-34.5806],[-58.37062,-34.58061],[-58.37062,-34.58061],[-58.37062,-34.58061],[-58.37062,-34.58062],[-58.37062,-34.58062],[-58.37062,-34.58062],[-58.37062,-34.58063],[-58.37062,-34.58063],[-58.3706,-34.58079],[-58.3706,-34.58079],[-58.37056,-34.58083],[-58.37056,-34.58083],[-58.36975,-34.58129],[-58.36971,-34.58132],[-58.36963,-34.58136],[-58.36944,-34.58147],[-58.36913,-34.58165],[-58.36911,-34.58166],[-58.36903,-34.5817],[-58.36903,-34.5817],[-58.36902,-34.58171],[-58.36901,-34.58171],[-58.369,-34.58172],[-58.36899,-34.58172],[-58.36899,-34.58172],[-58.36899,-34.58172],[-58.36899,-34.58172],[-58.36898,-34.58173],[-58.36898,-34.58173],[-58.36897,-34.58173],[-58.36896,-34.58173],[-58.36896,-34.58173],[-58.36896,-34.58173],[-58.36895,-34.58173],[-58.36895,-34.58173],[-58.36893,-34.58173],[-58.3689,-34.58172],[-58.36889,-34.58172],[-58.36888,-34.58172],[-58.36521,-34.58143],[-58.36339,-34.58128],[-58.36267,-34.58123],[-58.36267,-34.58123],[-58.36266,-34.58123],[-58.36265,-34.58123],[-58.36265,-34.58123],[-58.36264,-34.58123],[-58.36264,-34.58123],[-58.36264,-34.58123],[-58.36264,-34.58123],[-58.36264,-34.58123],[-58.36162,-34.58115],[-58.36154,-34.58185],[-58.36142,-34.58296],[-58.36142,-34.58296],[-58.36254,-34.58305],[-58.36257,-34.58305],[-58.36455,-34.58321],[-58.36521,-34.58326],[-58.36521,-34.58326],[-58.36546,-34.58328],[-58.36561,-34.58329],[-58.3661,-34.58333],[-58.3661,-34.58333],[-58.3661,-34.58333],[-58.3661,-34.58333],[-58.36611,-34.58333],[-58.36611,-34.58334],[-58.36612,-34.58334],[-58.36613,-34.58334],[-58.36613,-34.58334],[-58.36614,-34.58335],[-58.36614,-34.58336],[-58.36614,-34.58336],[-58.36615,-34.58336],[-58.36615,-34.58337],[-58.36615,-34.58337],[-58.36615,-34.58338],[-58.36615,-34.58338],[-58.36615,-34.58347],[-58.36615,-34.58354],[-58.36615,-34.58355],[-58.36615,-34.58355],[-58.36615,-34.58356],[-58.36614,-34.58357],[-58.36614,-34.58358],[-58.36612,-34.58359],[-58.36612,-34.58359],[-58.3661,-34.58361],[-58.36609,-34.58361],[-58.36608,-34.58362],[-58.36555,-34.58404],[-58.36549,-34.58409],[-58.36521,-34.58431],[-58.3652,-34.58432],[-58.36519,-34.58432],[-58.365,-34.58447],[-58.36499,-34.58448],[-58.36498,-34.58449],[-58.36497,-34.58449],[-58.36497,-34.58449],[-58.36496,-34.5845],[-58.36496,-34.5845],[-58.36496,-34.5845],[-58.36496,-34.5845],[-58.36496,-34.5845],[-58.36495,-34.5845],[-58.36495,-34.5845],[-58.36494,-34.5845],[-58.36494,-34.5845],[-58.36494,-34.5845],[-58.36494,-34.5845],[-58.36493,-34.5845],[-58.36493,-34.5845],[-58.36492,-34.5845],[-58.36492,-34.5845],[-58.36491,-34.5845],[-58.36053,-34.58416],[-58.36053,-34.58416],[-58.36043,-34.58415],[-58.36024,-34.58414],[-58.35995,-34.58411],[-58.35995,-34.58411],[-58.35994,-34.58411],[-58.35993,-34.58411],[-58.35993,-34.58411],[-58.35993,-34.58411],[-58.35993,-34.58411],[-58.35993,-34.58411],[-58.35993,-34.58411],[-58.35993,-34.58411],[-58.35992,-34.58412],[-58.35992,-34.58412],[-58.35991,-34.58412],[-58.35991,-34.58412],[-58.35991,-34.58413],[-58.3599,-34.58414],[-58.3599,-34.58414],[-58.3599,-34.58415],[-58.3599,-34.58416],[-58.35971,-34.58587],[-58.35971,-34.58587],[-58.35971,-34.58588],[-58.35971,-34.58588],[-58.35971,-34.58588],[-58.35971,-34.58589],[-58.35971,-34.58589],[-58.35972,-34.5859],[-58.35972,-34.58591],[-58.35972,-34.58591],[-58.35973,-34.58592],[-58.35973,-34.58592],[-58.35974,-34.58593],[-58.35975,-34.58593],[-58.35975,-34.58593],[-58.35976,-34.58593],[-58.35977,-34.58594],[-58.35978,-34.58594],[-58.35978,-34.58594],[-58.3598,-34.58594],[-58.3598,-34.58594],[-58.35981,-34.58594],[-58.35981,-34.58594],[-58.35982,-34.58594],[-58.35983,-34.58594],[-58.35984,-34.58594],[-58.36027,-34.58597],[-58.36362,-34.58623],[-58.36363,-34.58624],[-58.36364,-34.58624],[-58.36365,-34.58624],[-58.36365,-34.58624],[-58.36365,-34.58624],[-58.36365,-34.58624],[-58.36365,-34.58625],[-58.36366,-34.58625],[-58.36366,-34.58625],[-58.36366,-34.58625],[-58.36366,-34.58625],[-58.36366,-34.58626],[-58.36366,-34.58626],[-58.36366,-34.58627],[-58.36366,-34.58628],[-58.36366,-34.58628],[-58.3636,-34.58684],[-58.36353,-34.58746],[-58.36353,-34.58746],[-58.36353,-34.58746],[-58.36353,-34.58746],[-58.36353,-34.58746],[-58.36352,-34.58747],[-58.36352,-34.58747],[-58.36352,-34.58747],[-58.36352,-34.58748],[-58.36352,-34.58748],[-58.36351,-34.58749],[-58.3635,-34.58749],[-58.3635,-34.58749],[-58.3635,-34.58749],[-58.3635,-34.58749],[-58.3635,-34.58749],[-58.3635,-34.58749],[-58.3635,-34.58749],[-58.36349,-34.58749],[-58.36349,-34.58749],[-58.36348,-34.58749],[-58.36348,-34.58749],[-58.36346,-34.58749],[-58.36346,-34.58749],[-58.36345,-34.58749],[-58.36334,-34.58748],[-58.35966,-34.58718],[-58.35966,-34.58718],[-58.35965,-34.58718],[-58.35964,-34.58718],[-58.35963,-34.58718],[-58.35962,-34.58718],[-58.35962,-34.58718],[-58.35962,-34.58718],[-58.35962,-34.58718],[-58.35962,-34.58718],[-58.35962,-34.58718],[-58.35961,-34.58718],[-58.3596,-34.58719],[-58.3596,-34.58719],[-58.3596,-34.58719],[-58.3596,-34.58719],[-58.35959,-34.58719],[-58.35958,-34.5872],[-58.35958,-34.5872],[-58.35957,-34.5872],[-58.35957,-34.5872],[-58.35957,-34.58721],[-58.35957,-34.58721],[-58.35957,-34.58721],[-58.35956,-34.58722],[-58.35956,-34.58722],[-58.35956,-34.58723],[-58.35956,-34.58724],[-58.35956,-34.58724],[-58.35956,-34.58724],[-58.35946,-34.58808],[-58.35946,-34.58808],[-58.35946,-34.58808],[-58.35946,-34.58808],[-58.35946,-34.58808],[-58.35946,-34.58808],[-58.35947,-34.58808],[-58.35947,-34.58808],[-58.35947,-34.58808],[-58.35947,-34.58808],[-58.35947,-34.58808],[-58.35948,-34.58808],[-58.35948,-34.58808],[-58.35948,-34.58808],[-58.35949,-34.58808],[-58.35949,-34.58808],[-58.35949,-34.58808],[-58.35949,-34.58808],[-58.35949,-34.58809],[-58.3595,-34.58809],[-58.3595,-34.58809],[-58.3595,-34.58809],[-58.3595,-34.58809],[-58.35951,-34.58809],[-58.35951,-34.58809],[-58.35951,-34.58809],[-58.35951,-34.58809],[-58.35952,-34.58809],[-58.35952,-34.58809],[-58.35952,-34.58809],[-58.35953,-34.58809],[-58.35953,-34.58809],[-58.35953,-34.58809],[-58.35953,-34.58809],[-58.35953,-34.58809],[-58.35954,-34.58809],[-58.35954,-34.58809],[-58.35954,-34.58809],[-58.35955,-34.58809],[-58.35955,-34.58809],[-58.35955,-34.58809],[-58.35955,-34.58809],[-58.35955,-34.58809],[-58.35955,-34.58809],[-58.35955,-34.5881],[-58.35955,-34.5881],[-58.35956,-34.5881],[-58.35956,-34.5881],[-58.35956,-34.5881],[-58.35956,-34.5881],[-58.35956,-34.5881],[-58.35957,-34.5881],[-58.35957,-34.5881],[-58.35957,-34.5881],[-58.35957,-34.5881],[-58.35958,-34.5881],[-58.35958,-34.5881],[-58.35958,-34.5881],[-58.35958,-34.5881],[-58.35958,-34.5881],[-58.35958,-34.5881],[-58.35959,-34.5881],[-58.35959,-34.5881],[-58.35959,-34.5881],[-58.3596,-34.5881],[-58.3596,-34.5881],[-58.3596,-34.5881],[-58.35961,-34.58811],[-58.35961,-34.58811],[-58.35961,-34.58811],[-58.35961,-34.58811],[-58.35961,-34.58811],[-58.35961,-34.58811],[-58.35962,-34.58811],[-58.35962,-34.58811],[-58.35962,-34.58811],[-58.35962,-34.58811],[-58.35962,-34.58811],[-58.35962,-34.58811],[-58.35963,-34.58811],[-58.35963,-34.58811],[-58.35963,-34.58811],[-58.35964,-34.58811],[-58.35964,-34.58811],[-58.35964,-34.58811],[-58.35964,-34.58811],[-58.35964,-34.58811],[-58.35964,-34.58811],[-58.35964,-34.58811],[-58.35964,-34.58812],[-58.35964,-34.58812],[-58.35964,-34.58812],[-58.35964,-34.58812],[-58.35964,-34.58812],[-58.35964,-34.58813],[-58.35964,-34.58813],[-58.35964,-34.58813],[-58.35964,-34.58813],[-58.35964,-34.58813],[-58.35964,-34.58813],[-58.35964,-34.58813],[-58.35964,-34.58813],[-58.35964,-34.58813],[-58.35964,-34.58814],[-58.35964,-34.58814],[-58.35964,-34.58814],[-58.35964,-34.58814],[-58.35964,-34.58814],[-58.35964,-34.58814],[-58.35964,-34.58814],[-58.35964,-34.58815],[-58.35964,-34.58815],[-58.35964,-34.58815],[-58.35964,-34.58815],[-58.35964,-34.58815],[-58.35964,-34.58815],[-58.35964,-34.58815],[-58.35964,-34.58815],[-58.35964,-34.58816],[-58.35964,-34.58816],[-58.35964,-34.58816],[-58.35964,-34.58816],[-58.35964,-34.58816],[-58.35964,-34.58817],[-58.35965,-34.58817],[-58.35965,-34.58817],[-58.35965,-34.58817],[-58.35965,-34.58817],[-58.35965,-34.58817],[-58.35965,-34.58817],[-58.35965,-34.58818],[-58.35965,-34.58818],[-58.35965,-34.58818],[-58.35965,-34.58818],[-58.35965,-34.58818],[-58.35965,-34.58818],[-58.35965,-34.58819],[-58.35965,-34.58819],[-58.35965,-34.58819],[-58.35965,-34.58819],[-58.35965,-34.58819],[-58.35965,-34.5882],[-58.35965,-34.5882],[-58.35965,-34.5882],[-58.35965,-34.5882],[-58.35966,-34.5882],[-58.35966,-34.58821],[-58.35966,-34.58821],[-58.35966,-34.58821],[-58.35966,-34.58821],[-58.35966,-34.58822],[-58.35966,-34.58822],[-58.35966,-34.58822],[-58.35966,-34.58822],[-58.35966,-34.58822],[-58.35966,-34.58822],[-58.35966,-34.58823],[-58.35967,-34.58823],[-58.35967,-34.58823],[-58.35967,-34.58823],[-58.35967,-34.58823],[-58.35967,-34.58823],[-58.35967,-34.58824],[-58.35967,-34.58824],[-58.35967,-34.58824],[-58.35967,-34.58824],[-58.35968,-34.58824],[-58.35968,-34.58824],[-58.35968,-34.58824],[-58.35968,-34.58825],[-58.35968,-34.58825],[-58.35968,-34.58825],[-58.35968,-34.58825],[-58.35968,-34.58825],[-58.35968,-34.58825],[-58.35968,-34.58826],[-58.35968,-34.58826],[-58.35969,-34.58826],[-58.35969,-34.58826],[-58.35969,-34.58826],[-58.35969,-34.58827],[-58.35969,-34.58827],[-58.35969,-34.58827],[-58.3597,-34.58827],[-58.3597,-34.58827],[-58.3597,-34.58827],[-58.3597,-34.58828],[-58.3597,-34.58828],[-58.3597,-34.58828],[-58.35971,-34.58828],[-58.35971,-34.58828],[-58.35971,-34.58828],[-58.35971,-34.58829],[-58.35971,-34.58829],[-58.35971,-34.58829],[-58.35971,-34.58829],[-58.35972,-34.58829],[-58.35972,-34.58829],[-58.35972,-34.58829],[-58.35972,-34.58829],[-58.35972,-34.58829],[-58.35972,-34.5883],[-58.35973,-34.5883],[-58.35973,-34.5883],[-58.35973,-34.5883],[-58.35973,-34.5883],[-58.35973,-34.5883],[-58.35974,-34.5883],[-58.35974,-34.58831],[-58.35974,-34.58831],[-58.35974,-34.58831],[-58.35974,-34.58831],[-58.35974,-34.58831],[-58.35975,-34.58831],[-58.35975,-34.58831],[-58.35975,-34.58831],[-58.35975,-34.58832],[-58.35976,-34.58832],[-58.35976,-34.58832],[-58.35976,-34.58832],[-58.35976,-34.58832],[-58.35977,-34.58832],[-58.35977,-34.58832],[-58.35977,-34.58832],[-58.35977,-34.58832],[-58.35977,-34.58832],[-58.35978,-34.58833],[-58.35978,-34.58833],[-58.35978,-34.58833],[-58.35978,-34.58833],[-58.35979,-34.58833],[-58.35979,-34.58833],[-58.35979,-34.58833],[-58.35979,-34.58833],[-58.35979,-34.58833],[-58.35979,-34.58833],[-58.3598,-34.58833],[-58.3598,-34.58833],[-58.3598,-34.58833],[-58.3598,-34.58834],[-58.35981,-34.58834],[-58.35981,-34.58834],[-58.35981,-34.58834],[-58.35981,-34.58834],[-58.35981,-34.58834],[-58.35981,-34.58834],[-58.35982,-34.58834],[-58.35982,-34.58834],[-58.35982,-34.58834],[-58.35982,-34.58834],[-58.35983,-34.58834],[-58.35983,-34.58834],[-58.35983,-34.58834],[-58.35983,-34.58834],[-58.35984,-34.58834],[-58.35984,-34.58834],[-58.3602,-34.58842],[-58.3604,-34.58846],[-58.36076,-34.58853],[-58.36076,-34.58854],[-58.36082,-34.58855],[-58.36084,-34.58855],[-58.36084,-34.58855],[-58.36084,-34.58855],[-58.36084,-34.58855],[-58.36084,-34.58856],[-58.36084,-34.58856],[-58.36084,-34.58856],[-58.36084,-34.58856],[-58.36085,-34.58856],[-58.36085,-34.58856],[-58.36084,-34.5886],[-58.36082,-34.58867],[-58.36082,-34.58867],[-58.36081,-34.5887],[-58.36081,-34.5887],[-58.36079,-34.5887],[-58.36079,-34.5887],[-58.36079,-34.58871],[-58.36079,-34.58871],[-58.3608,-34.58872],[-58.3608,-34.58872],[-58.36074,-34.58894],[-58.36075,-34.58894],[-58.36076,-34.58894],[-58.36078,-34.58894],[-58.36078,-34.58894],[-58.36085,-34.58867],[-58.36085,-34.58867],[-58.36088,-34.58857],[-58.36088,-34.58857],[-58.36088,-34.58857],[-58.36088,-34.58857],[-58.36089,-34.58857],[-58.36089,-34.58857],[-58.36089,-34.58856],[-58.36113,-34.58861],[-58.36141,-34.58867],[-58.36141,-34.58867],[-58.36322,-34.58904],[-58.36347,-34.58909],[-58.3652,-34.58944],[-58.36522,-34.58945],[-58.36572,-34.58955],[-58.36715,-34.58984],[-58.368,-34.59001],[-58.368,-34.59001],[-58.368,-34.59001],[-58.36796,-34.59024],[-58.36796,-34.59025],[-58.36791,-34.59043],[-58.36772,-34.5905],[-58.36753,-34.59062],[-58.36749,-34.59065],[-58.36749,-34.59065],[-58.36749,-34.59065],[-58.36748,-34.59065],[-58.36747,-34.59065],[-58.36747,-34.59065],[-58.36747,-34.59065],[-58.36746,-34.59065],[-58.36745,-34.59065],[-58.36743,-34.59064],[-58.36742,-34.59064],[-58.36742,-34.59064],[-58.3674,-34.59064],[-58.3674,-34.59064],[-58.36738,-34.59064],[-58.36737,-34.59064],[-58.36735,-34.59064],[-58.36733,-34.59064],[-58.36733,-34.59064],[-58.36733,-34.59064],[-58.36732,-34.59064],[-58.3673,-34.59064],[-58.3673,-34.59064],[-58.3673,-34.59064],[-58.3673,-34.59064],[-58.3673,-34.59064],[-58.36728,-34.59064],[-58.36727,-34.59064],[-58.36727,-34.59064],[-58.36725,-34.59064],[-58.36723,-34.59064],[-58.36723,-34.59064],[-58.36721,-34.59064],[-58.3672,-34.59064],[-58.36718,-34.59064],[-58.36717,-34.59064],[-58.36716,-34.59065],[-58.36716,-34.59065],[-58.36716,-34.59065],[-58.36716,-34.59065],[-58.36716,-34.59065],[-58.36715,-34.59065],[-58.36713,-34.59065],[-58.36713,-34.59065],[-58.36712,-34.59065],[-58.3671,-34.59066],[-58.36708,-34.59066],[-58.36708,-34.59066],[-58.36707,-34.59066],[-58.36705,-34.59067],[-58.36703,-34.59067],[-58.36702,-34.59067],[-58.367,-34.59068],[-58.367,-34.59068],[-58.36699,-34.59068],[-58.36697,-34.59069],[-58.36697,-34.59069],[-58.36697,-34.59069],[-58.36696,-34.59069],[-58.36695,-34.59069],[-58.36694,-34.5907],[-58.36694,-34.5907],[-58.36694,-34.5907],[-58.36693,-34.5907],[-58.36692,-34.5907],[-58.36691,-34.59071],[-58.36689,-34.59071],[-58.36688,-34.59072],[-58.36686,-34.59073],[-58.36685,-34.59073],[-58.36685,-34.59073],[-58.36685,-34.59073],[-58.36683,-34.59074],[-58.36682,-34.59075],[-58.3668,-34.59075],[-58.36679,-34.59076],[-58.36679,-34.59076],[-58.36679,-34.59076],[-58.36679,-34.59076],[-58.36678,-34.59077],[-58.36677,-34.59077],[-58.36676,-34.59078],[-58.36676,-34.59078],[-58.36676,-34.59078],[-58.36675,-34.59078],[-58.36673,-34.59079],[-58.36672,-34.5908],[-58.36671,-34.59081],[-58.36669,-34.59082],[-58.36669,-34.59082],[-58.36668,-34.59083],[-58.36667,-34.59084],[-58.36666,-34.59085],[-58.36666,-34.59085],[-58.36666,-34.59085],[-58.36664,-34.59086],[-58.36664,-34.59086],[-58.36663,-34.59086],[-58.36663,-34.59087],[-58.36662,-34.59087],[-58.36661,-34.59088],[-58.36661,-34.59088],[-58.36661,-34.59089],[-58.36661,-34.59089],[-58.3666,-34.5909],[-58.36659,-34.5909],[-58.36659,-34.59091],[-58.36658,-34.59091],[-58.36658,-34.59091],[-58.36658,-34.59091],[-58.36658,-34.59092],[-58.36656,-34.59093],[-58.36656,-34.59093],[-58.36655,-34.59094],[-58.36655,-34.59095],[-58.36654,-34.59095],[-58.36654,-34.59095],[-58.36654,-34.59095],[-58.36653,-34.59096],[-58.36652,-34.59097],[-58.36652,-34.59097],[-58.36651,-34.59098],[-58.36651,-34.59098],[-58.3665,-34.59099],[-58.3665,-34.59099],[-58.3665,-34.59099],[-58.3665,-34.59099],[-58.3665,-34.59099],[-58.3665,-34.59101],[-58.36649,-34.59102],[-58.36649,-34.59102],[-58.36637,-34.5912],[-58.36632,-34.59127],[-58.3659,-34.59191],[-58.36585,-34.59198],[-58.36572,-34.59219],[-58.3652,-34.59298],[-58.36515,-34.59304],[-58.36505,-34.59318],[-58.3644,-34.59417],[-58.36439,-34.59418],[-58.36438,-34.59421],[-58.36437,-34.59424],[-58.36437,-34.59426],[-58.36437,-34.59429],[-58.36438,-34.59432],[-58.36439,-34.59433],[-58.3644,-34.59434],[-58.36442,-34.59437],[-58.36444,-34.59439],[-58.36464,-34.59449],[-58.36467,-34.5945],[-58.3647,-34.5945],[-58.36473,-34.5945],[-58.36476,-34.59449],[-58.36478,-34.59448],[-58.36481,-34.59447],[-58.36483,-34.59446],[-58.36492,-34.59433],[-58.36504,-34.59415],[-58.3652,-34.59392],[-58.3655,-34.59345],[-58.3659,-34.59284],[-58.3659,-34.59283],[-58.36591,-34.59282],[-58.36591,-34.59282],[-58.36592,-34.59281],[-58.36593,-34.59281],[-58.36594,-34.59281],[-58.36595,-34.59281],[-58.36596,-34.59281],[-58.36597,-34.59281],[-58.36597,-34.59281],[-58.36598,-34.59282],[-58.3661,-34.59287],[-58.36611,-34.59287],[-58.36612,-34.59287],[-58.36612,-34.59287],[-58.36613,-34.59287],[-58.36614,-34.59287],[-58.36614,-34.59287],[-58.36615,-34.59286],[-58.36615,-34.59286],[-58.36616,-34.59285],[-58.36623,-34.59274],[-58.3662,-34.59273],[-58.3662,-34.59273],[-58.36632,-34.59254],[-58.36699,-34.5915],[-58.36709,-34.5914],[-58.36713,-34.59137],[-58.36717,-34.59137],[-58.36721,-34.59138],[-58.36724,-34.59139],[-58.36725,-34.59141],[-58.36727,-34.59142],[-58.36727,-34.59147],[-58.36726,-34.5915],[-58.36728,-34.59155],[-58.36683,-34.59229],[-58.3665,-34.59279],[-58.3665,-34.59279],[-58.36649,-34.59279],[-58.36638,-34.59294],[-58.36639,-34.59294],[-58.36638,-34.59295],[-58.36638,-34.59296],[-58.36638,-34.59296],[-58.36638,-34.59296],[-58.36638,-34.59296],[-58.36638,-34.59296],[-58.36638,-34.59297],[-58.36638,-34.59297],[-58.36638,-34.59297],[-58.36638,-34.59298],[-58.36638,-34.59298],[-58.36639,-34.59298],[-58.36639,-34.59299],[-58.36639,-34.59299],[-58.36689,-34.5932],[-58.36689,-34.5932],[-58.3669,-34.5932],[-58.36691,-34.5932],[-58.36691,-34.5932],[-58.36692,-34.5932],[-58.36692,-34.5932],[-58.36693,-34.5932],[-58.36694,-34.59319],[-58.36695,-34.59318],[-58.36697,-34.59315],[-58.36701,-34.59309],[-58.36701,-34.59309],[-58.36701,-34.59308],[-58.36701,-34.59308],[-58.36701,-34.59308],[-58.36701,-34.59308],[-58.36701,-34.59308],[-58.36701,-34.59307],[-58.36701,-34.59307],[-58.36701,-34.59307],[-58.36701,-34.59307],[-58.36698,-34.59306],[-58.36698,-34.59306],[-58.3673,-34.59253],[-58.36766,-34.59198],[-58.3677,-34.59198],[-58.36771,-34.59197],[-58.36772,-34.59195],[-58.36773,-34.59194],[-58.36775,-34.59194],[-58.36777,-34.59193],[-58.36779,-34.59193],[-58.36781,-34.59193],[-58.36782,-34.59193],[-58.36784,-34.59194],[-58.36786,-34.59194],[-58.36787,-34.59195],[-58.36789,-34.59196],[-58.3679,-34.59198],[-58.3679,-34.59199],[-58.36791,-34.59201],[-58.36791,-34.59202],[-58.36791,-34.59204],[-58.3679,-34.59205],[-58.36789,-34.59207],[-58.36793,-34.59209],[-58.36793,-34.59209],[-58.36791,-34.59211],[-58.3679,-34.59211],[-58.36728,-34.59312],[-58.36727,-34.59312],[-58.36726,-34.59311],[-58.36723,-34.59316],[-58.36723,-34.59316],[-58.36722,-34.59316],[-58.36721,-34.59316],[-58.36718,-34.59321],[-58.36716,-34.59325],[-58.36715,-34.59326],[-58.36715,-34.59326],[-58.36716,-34.59326],[-58.36716,-34.59327],[-58.36715,-34.59327],[-58.36715,-34.59328],[-58.36715,-34.59329],[-58.36715,-34.59329],[-58.36715,-34.5933],[-58.36716,-34.59331],[-58.36716,-34.59331],[-58.36717,-34.59332],[-58.36717,-34.59332],[-58.36717,-34.59332],[-58.36839,-34.59384],[-58.36859,-34.59393],[-58.3686,-34.59393],[-58.36891,-34.59406],[-58.36897,-34.59409],[-58.36906,-34.59413],[-58.36907,-34.59413],[-58.36907,-34.59413],[-58.36907,-34.59414],[-58.36908,-34.59414],[-58.36908,-34.59414],[-58.36908,-34.59415],[-58.36908,-34.59415],[-58.36908,-34.59416],[-58.36908,-34.59416],[-58.36908,-34.59416],[-58.36908,-34.59418],[-58.36905,-34.59424],[-58.36897,-34.59448],[-58.36879,-34.59497],[-58.36875,-34.59509],[-58.3687,-34.59524],[-58.36857,-34.5956],[-58.36804,-34.5971],[-58.36791,-34.59747],[-58.36789,-34.59749],[-58.36787,-34.5975],[-58.36785,-34.5975],[-58.36782,-34.59751],[-58.3678,-34.59751],[-58.36777,-34.5975],[-58.36748,-34.59748],[-58.3666,-34.59741],[-58.36653,-34.59741],[-58.36652,-34.59741],[-58.36651,-34.59741],[-58.3665,-34.59741],[-58.3665,-34.59741],[-58.36649,-34.59742],[-58.36648,-34.59742],[-58.36648,-34.59742],[-58.36648,-34.59743],[-58.36647,-34.59743],[-58.36647,-34.59744],[-58.36647,-34.59744],[-58.36647,-34.59744],[-58.36647,-34.59745],[-58.36647,-34.59746],[-58.36647,-34.59748],[-58.36646,-34.59748],[-58.36646,-34.59748],[-58.36645,-34.59754],[-58.36645,-34.59755],[-58.36645,-34.59755],[-58.36646,-34.59755],[-58.36646,-34.59755],[-58.36647,-34.59756],[-58.36647,-34.59757],[-58.36647,-34.5976],[-58.36647,-34.59762],[-58.36647,-34.59764],[-58.36646,-34.59766],[-58.36644,-34.59768],[-58.36644,-34.59768],[-58.36638,-34.59822],[-58.36609,-34.5982],[-58.36609,-34.5982],[-58.36611,-34.59804],[-58.36616,-34.59769],[-58.36616,-34.59766],[-58.36616,-34.59766],[-58.36616,-34.59766],[-58.36616,-34.59766],[-58.36615,-34.59763],[-58.36615,-34.59761],[-58.36615,-34.5976],[-58.36615,-34.59758],[-58.36616,-34.59755],[-58.36617,-34.59753],[-58.36618,-34.59753],[-58.36618,-34.59745],[-58.36618,-34.59742],[-58.36618,-34.59741],[-58.36618,-34.59741],[-58.36618,-34.5974],[-58.36617,-34.59739],[-58.36617,-34.59739],[-58.36617,-34.59739],[-58.36617,-34.59739],[-58.36616,-34.59738],[-58.36615,-34.59738],[-58.36614,-34.59738],[-58.36606,-34.59737],[-58.36606,-34.59737],[-58.36606,-34.59736],[-58.36606,-34.59735],[-58.36579,-34.59734],[-58.36578,-34.59735],[-58.36551,-34.59733],[-58.36484,-34.59728],[-58.36433,-34.59724],[-58.36383,-34.5972],[-58.36383,-34.59719],[-58.36383,-34.59719],[-58.36383,-34.59719],[-58.36382,-34.59719],[-58.36382,-34.59718],[-58.36382,-34.59718],[-58.36382,-34.59717],[-58.36382,-34.59717],[-58.36382,-34.59717],[-58.36382,-34.59716],[-58.36382,-34.59716],[-58.36382,-34.59716],[-58.36382,-34.59716],[-58.36389,-34.59696],[-58.3644,-34.59552],[-58.3644,-34.59552],[-58.36441,-34.59552],[-58.36441,-34.59552],[-58.36441,-34.59552],[-58.36441,-34.59552],[-58.36441,-34.59552],[-58.36441,-34.59552],[-58.36441,-34.59552],[-58.36441,-34.59552],[-58.36441,-34.59552],[-58.36441,-34.59551],[-58.36441,-34.59551],[-58.36441,-34.59551],[-58.36441,-34.59551],[-58.36441,-34.59551],[-58.36441,-34.59551],[-58.36441,-34.59551],[-58.36441,-34.59551],[-58.36441,-34.59551],[-58.36441,-34.59551],[-58.36441,-34.59551],[-58.36441,-34.5955],[-58.36441,-34.5955],[-58.36441,-34.5955],[-58.36441,-34.5955],[-58.36441,-34.5955],[-58.36441,-34.5955],[-58.36441,-34.5955],[-58.36441,-34.5955],[-58.36441,-34.5955],[-58.36441,-34.5955],[-58.36441,-34.5955],[-58.36441,-34.59549],[-58.36441,-34.59549],[-58.36441,-34.59549],[-58.36441,-34.59549],[-58.36441,-34.59549],[-58.36441,-34.59549],[-58.36441,-34.59549],[-58.36441,-34.59549],[-58.36441,-34.59549],[-58.36441,-34.59549],[-58.36441,-34.59549],[-58.36441,-34.59548],[-58.36441,-34.59548],[-58.36441,-34.59548],[-58.36441,-34.59548],[-58.36441,-34.59548],[-58.36441,-34.59548],[-58.36441,-34.59548],[-58.36441,-34.59548],[-58.36441,-34.59548],[-58.36441,-34.59548],[-58.36441,-34.59548],[-58.36441,-34.59548],[-58.36441,-34.59547],[-58.36441,-34.59547],[-58.36441,-34.59547],[-58.36441,-34.59547],[-58.36441,-34.59547],[-58.36441,-34.59547],[-58.36441,-34.59547],[-58.36441,-34.59547],[-58.36441,-34.59547],[-58.36441,-34.59547],[-58.36441,-34.59547],[-58.36441,-34.59546],[-58.36441,-34.59546],[-58.36441,-34.59546],[-58.36441,-34.59546],[-58.36441,-34.59546],[-58.36441,-34.59546],[-58.36441,-34.59546],[-58.36441,-34.59546],[-58.36441,-34.59546],[-58.36441,-34.59546],[-58.36441,-34.59546],[-58.36441,-34.59545],[-58.36441,-34.59545],[-58.36441,-34.59545],[-58.3644,-34.59545],[-58.3644,-34.59545],[-58.3644,-34.59545],[-58.3644,-34.59545],[-58.3644,-34.59545],[-58.3644,-34.59545],[-58.3644,-34.59545],[-58.3644,-34.59545],[-58.3644,-34.59545],[-58.3644,-34.59544],[-58.3644,-34.59544],[-58.3644,-34.59544],[-58.3644,-34.59544],[-58.3644,-34.59544],[-58.3644,-34.59544],[-58.3644,-34.59544],[-58.3644,-34.59544],[-58.3644,-34.59544],[-58.3644,-34.59544],[-58.3644,-34.59544],[-58.3644,-34.59543],[-58.3644,-34.59543],[-58.3644,-34.59543],[-58.3644,-34.59543],[-58.3644,-34.59543],[-58.3644,-34.59543],[-58.3644,-34.59543],[-58.36439,-34.59543],[-58.36439,-34.59543],[-58.36439,-34.59543],[-58.36439,-34.59543],[-58.36439,-34.59543],[-58.36439,-34.59543],[-58.36439,-34.59542],[-58.36439,-34.59542],[-58.36439,-34.59542],[-58.36439,-34.59542],[-58.36439,-34.59542],[-58.36439,-34.59542],[-58.36439,-34.59542],[-58.36439,-34.59542],[-58.36439,-34.59542],[-58.36439,-34.59542],[-58.36439,-34.59542],[-58.36439,-34.59542],[-58.36439,-34.59541],[-58.36439,-34.59541],[-58.36438,-34.59541],[-58.36438,-34.59541],[-58.36438,-34.59541],[-58.36438,-34.59541],[-58.36438,-34.59541],[-58.36438,-34.59541],[-58.36438,-34.59541],[-58.36438,-34.59541],[-58.36438,-34.59541],[-58.36438,-34.59541],[-58.36438,-34.59541],[-58.36438,-34.59541],[-58.36438,-34.5954],[-58.36438,-34.5954],[-58.36438,-34.5954],[-58.36438,-34.5954],[-58.36437,-34.5954],[-58.36437,-34.5954],[-58.36437,-34.5954],[-58.36437,-34.5954],[-58.36437,-34.5954],[-58.36437,-34.5954],[-58.36437,-34.5954],[-58.36437,-34.5954],[-58.36437,-34.5954],[-58.36437,-34.5954],[-58.36437,-34.59539],[-58.36437,-34.59539],[-58.36437,-34.59539],[-58.36437,-34.59539],[-58.36436,-34.59539],[-58.36436,-34.59539],[-58.36436,-34.59539],[-58.36436,-34.59539],[-58.36436,-34.59539],[-58.36436,-34.59539],[-58.36436,-34.59539],[-58.36436,-34.59539],[-58.36436,-34.59539],[-58.36436,-34.59539],[-58.36436,-34.59539],[-58.36436,-34.59539],[-58.36436,-34.59539],[-58.36436,-34.59539],[-58.36436,-34.59538],[-58.36435,-34.59538],[-58.36435,-34.59538],[-58.36435,-34.59538],[-58.36435,-34.59538],[-58.36435,-34.59538],[-58.36435,-34.59538],[-58.36435,-34.59538],[-58.36435,-34.59538],[-58.36435,-34.59538],[-58.36435,-34.59538],[-58.36435,-34.59538],[-58.36434,-34.59538],[-58.36434,-34.59538],[-58.36434,-34.59538],[-58.36434,-34.59538],[-58.36434,-34.59538],[-58.36434,-34.59537],[-58.36434,-34.59537],[-58.36434,-34.59537],[-58.36434,-34.59537],[-58.36434,-34.59537],[-58.36434,-34.59537],[-58.36434,-34.59537],[-58.36433,-34.59537],[-58.36433,-34.59537],[-58.36433,-34.59537],[-58.36433,-34.59537],[-58.36433,-34.59537],[-58.36433,-34.59537],[-58.36433,-34.59537],[-58.36433,-34.59537],[-58.36433,-34.59537],[-58.36433,-34.59537],[-58.36432,-34.59537],[-58.36432,-34.59537],[-58.36432,-34.59537],[-58.36432,-34.59537],[-58.36432,-34.59536],[-58.36432,-34.59536],[-58.36432,-34.59536],[-58.36432,-34.59536],[-58.36432,-34.59536],[-58.36432,-34.59536],[-58.36432,-34.59536],[-58.36431,-34.59536],[-58.36431,-34.59536],[-58.36431,-34.59536],[-58.36431,-34.59536],[-58.36431,-34.59536],[-58.36431,-34.59536],[-58.36431,-34.59536],[-58.36431,-34.59536],[-58.36431,-34.59536],[-58.36431,-34.59536],[-58.3643,-34.59536],[-58.3643,-34.59536],[-58.3643,-34.59536],[-58.36414,-34.59532],[-58.36414,-34.59532],[-58.36414,-34.59532],[-58.36414,-34.59532],[-58.36414,-34.59532],[-58.36414,-34.59532],[-58.36414,-34.59532],[-58.36413,-34.59532],[-58.36413,-34.59532],[-58.36413,-34.59532],[-58.36413,-34.59532],[-58.36413,-34.59532],[-58.36413,-34.59532],[-58.36413,-34.59531],[-58.36413,-34.59531],[-58.36413,-34.59531],[-58.36412,-34.59531],[-58.36412,-34.59531],[-58.36412,-34.59531],[-58.36412,-34.59531],[-58.36412,-34.59531],[-58.36412,-34.59531],[-58.36412,-34.59531],[-58.36412,-34.59531],[-58.36412,-34.59531],[-58.36412,-34.59531],[-58.36411,-34.59531],[-58.36411,-34.59531],[-58.36411,-34.59531],[-58.36411,-34.59531],[-58.36411,-34.59531],[-58.36411,-34.59531],[-58.36411,-34.59531],[-58.36411,-34.59531],[-58.36411,-34.59531],[-58.3641,-34.59531],[-58.3641,-34.59531],[-58.3641,-34.59531],[-58.3641,-34.59531],[-58.3641,-34.59531],[-58.3641,-34.59531],[-58.3641,-34.59531],[-58.3641,-34.59531],[-58.3641,-34.59531],[-58.36409,-34.59531],[-58.36409,-34.59531],[-58.36409,-34.59531],[-58.36409,-34.59531],[-58.36409,-34.59531],[-58.36409,-34.59531],[-58.36409,-34.59531],[-58.36409,-34.59531],[-58.36409,-34.59531],[-58.36409,-34.59531],[-58.36408,-34.59531],[-58.36408,-34.59531],[-58.36408,-34.59531],[-58.36408,-34.59531],[-58.36408,-34.59531],[-58.36408,-34.59531],[-58.36408,-34.59531],[-58.36408,-34.59531],[-58.36408,-34.59531],[-58.36407,-34.59531],[-58.36407,-34.59531],[-58.36407,-34.59531],[-58.36407,-34.59531],[-58.36407,-34.59531],[-58.36407,-34.59531],[-58.36407,-34.59531],[-58.36407,-34.59531],[-58.36407,-34.59531],[-58.36406,-34.59531],[-58.36406,-34.59531],[-58.36406,-34.59531],[-58.36406,-34.59531],[-58.36406,-34.59531],[-58.36406,-34.59531],[-58.36406,-34.59531],[-58.36406,-34.59531],[-58.36406,-34.59531],[-58.36405,-34.59531],[-58.36405,-34.59531],[-58.36405,-34.59531],[-58.36405,-34.59531],[-58.36405,-34.59531],[-58.36405,-34.59531],[-58.36405,-34.59531],[-58.36405,-34.59531],[-58.36405,-34.59531],[-58.36404,-34.59531],[-58.36404,-34.59531],[-58.36404,-34.59531],[-58.36404,-34.59531],[-58.36404,-34.59531],[-58.36404,-34.59531],[-58.36404,-34.59531],[-58.36404,-34.59531],[-58.36404,-34.59531],[-58.36404,-34.59531],[-58.36403,-34.59531],[-58.36403,-34.59531],[-58.36403,-34.59531],[-58.36403,-34.59531],[-58.36403,-34.59531],[-58.36403,-34.59531],[-58.36403,-34.59531],[-58.36403,-34.59531],[-58.36403,-34.59531],[-58.36402,-34.59531],[-58.36402,-34.59531],[-58.36402,-34.59531],[-58.36402,-34.59531],[-58.36402,-34.59531],[-58.36402,-34.59531],[-58.36402,-34.59531],[-58.36402,-34.59531],[-58.36402,-34.59531],[-58.36401,-34.59531],[-58.36401,-34.59531],[-58.36401,-34.59531],[-58.36401,-34.59531],[-58.36401,-34.59532],[-58.36401,-34.59532],[-58.36401,-34.59532],[-58.36401,-34.59532],[-58.36401,-34.59532],[-58.36401,-34.59532],[-58.364,-34.59532],[-58.364,-34.59532],[-58.364,-34.59532],[-58.364,-34.59532],[-58.364,-34.59532],[-58.364,-34.59532],[-58.364,-34.59532],[-58.364,-34.59532],[-58.364,-34.59532],[-58.364,-34.59532],[-58.36399,-34.59532],[-58.36399,-34.59532],[-58.36399,-34.59532],[-58.36399,-34.59532],[-58.36399,-34.59532],[-58.36399,-34.59532],[-58.36399,-34.59532],[-58.36399,-34.59532],[-58.36399,-34.59532],[-58.36398,-34.59532],[-58.36398,-34.59532],[-58.36398,-34.59532],[-58.36398,-34.59532],[-58.36398,-34.59532],[-58.36398,-34.59532],[-58.36398,-34.59532],[-58.36398,-34.59533],[-58.36398,-34.59533],[-58.36398,-34.59533],[-58.36397,-34.59533],[-58.36397,-34.59533],[-58.36397,-34.59533],[-58.36397,-34.59533],[-58.36397,-34.59533],[-58.36397,-34.59533],[-58.36397,-34.59533],[-58.36397,-34.59533],[-58.36397,-34.59533],[-58.36397,-34.59533],[-58.36397,-34.59533],[-58.36396,-34.59533],[-58.36396,-34.59533],[-58.36396,-34.59533],[-58.36396,-34.59533],[-58.36396,-34.59533],[-58.36396,-34.59533],[-58.36396,-34.59533],[-58.36396,-34.59533],[-58.36396,-34.59533],[-58.36396,-34.59533],[-58.36395,-34.59534],[-58.36395,-34.59534],[-58.36395,-34.59534],[-58.36395,-34.59534],[-58.36395,-34.59534],[-58.36395,-34.59534],[-58.36395,-34.59534],[-58.36395,-34.59534],[-58.36395,-34.59534],[-58.36395,-34.59534],[-58.36395,-34.59534],[-58.36394,-34.59534],[-58.36394,-34.59534],[-58.36394,-34.59534],[-58.36394,-34.59534],[-58.36394,-34.59534],[-58.36394,-34.59534],[-58.36394,-34.59534],[-58.36394,-34.59534],[-58.36394,-34.59534],[-58.36394,-34.59535],[-58.36394,-34.59535],[-58.36394,-34.59535],[-58.36393,-34.59535],[-58.36393,-34.59535],[-58.36393,-34.59535],[-58.36393,-34.59535],[-58.36393,-34.59535],[-58.36393,-34.59535],[-58.36393,-34.59535],[-58.36393,-34.59535],[-58.36393,-34.59535],[-58.36393,-34.59535],[-58.36393,-34.59535],[-58.36393,-34.59535],[-58.36392,-34.59535],[-58.36392,-34.59535],[-58.36392,-34.59536],[-58.36392,-34.59536],[-58.36392,-34.59536],[-58.36392,-34.59536],[-58.36392,-34.59536],[-58.36392,-34.59536],[-58.36392,-34.59536],[-58.36392,-34.59536],[-58.36392,-34.59536],[-58.36392,-34.59536],[-58.36391,-34.59536],[-58.36391,-34.59536],[-58.36391,-34.59536],[-58.36391,-34.59536],[-58.36391,-34.59536],[-58.36391,-34.59536],[-58.36391,-34.59537],[-58.36391,-34.59537],[-58.36391,-34.59537],[-58.36391,-34.59537],[-58.36391,-34.59537],[-58.36391,-34.59537],[-58.36391,-34.59537],[-58.36391,-34.59537],[-58.3639,-34.59537],[-58.3639,-34.59537],[-58.3639,-34.59537],[-58.3639,-34.59537],[-58.3639,-34.59537],[-58.3639,-34.59537],[-58.3639,-34.59537],[-58.3639,-34.59538],[-58.3639,-34.59538],[-58.3639,-34.59538],[-58.3639,-34.59538],[-58.3639,-34.59538],[-58.3639,-34.59538],[-58.3639,-34.59538],[-58.36389,-34.59538],[-58.36389,-34.59538],[-58.36389,-34.59538],[-58.36389,-34.59538],[-58.36389,-34.59538],[-58.36389,-34.59538],[-58.36389,-34.59538],[-58.36389,-34.59539],[-58.36389,-34.59539],[-58.36389,-34.59539],[-58.36389,-34.59539],[-58.36389,-34.59539],[-58.36389,-34.59539],[-58.36389,-34.59539],[-58.36389,-34.59539],[-58.36389,-34.59539],[-58.36389,-34.59539],[-58.36388,-34.59539],[-58.36388,-34.59539],[-58.36388,-34.59539],[-58.36388,-34.5954],[-58.36388,-34.5954],[-58.36388,-34.5954],[-58.36388,-34.5954],[-58.36388,-34.5954],[-58.36388,-34.5954],[-58.36388,-34.5954],[-58.36388,-34.5954],[-58.36388,-34.5954],[-58.36388,-34.5954],[-58.36388,-34.5954],[-58.36388,-34.5954],[-58.36388,-34.5954],[-58.36388,-34.59541],[-58.36388,-34.59541],[-58.36387,-34.59541],[-58.36387,-34.59541],[-58.36387,-34.59541],[-58.36387,-34.59541],[-58.36387,-34.59541],[-58.36387,-34.59541],[-58.36387,-34.59541],[-58.36387,-34.59541],[-58.36387,-34.59541],[-58.36387,-34.59542],[-58.36387,-34.59543],[-58.36344,-34.5966],[-58.36342,-34.59666],[-58.36342,-34.59666],[-58.36321,-34.59664],[-58.36301,-34.59662],[-58.36279,-34.59657],[-58.36249,-34.5965],[-58.36194,-34.59625],[-58.36111,-34.59586],[-58.36111,-34.59586],[-58.3611,-34.59586],[-58.3611,-34.59586],[-58.36112,-34.59582],[-58.36112,-34.59582],[-58.3611,-34.59582],[-58.36093,-34.59574],[-58.36092,-34.59577],[-58.36091,-34.59577],[-58.36091,-34.59577],[-58.36047,-34.59555],[-58.36043,-34.59553],[-58.36038,-34.59552],[-58.36034,-34.59547],[-58.36033,-34.59547],[-58.36033,-34.59546],[-58.36032,-34.59545],[-58.36033,-34.59534],[-58.36037,-34.59522],[-58.36036,-34.59515],[-58.36032,-34.59509],[-58.36032,-34.59509],[-58.36032,-34.59508],[-58.36023,-34.59502],[-58.36023,-34.59502],[-58.36023,-34.59502],[-58.36018,-34.59502],[-58.36013,-34.59501],[-58.36006,-34.59499],[-58.35986,-34.59499],[-58.35952,-34.59496],[-58.35931,-34.59494],[-58.3592,-34.59494],[-58.35886,-34.59491],[-58.35876,-34.59493],[-58.35872,-34.59495],[-58.35869,-34.59496],[-58.35866,-34.59496],[-58.35863,-34.59497],[-58.35859,-34.59496],[-58.35857,-34.59496],[-58.35855,-34.59495],[-58.35848,-34.59492],[-58.35826,-34.59491],[-58.35779,-34.59488],[-58.35764,-34.59487],[-58.35707,-34.59484],[-58.35655,-34.59481],[-58.35583,-34.59476],[-58.35494,-34.59471],[-58.35415,-34.59466],[-58.35381,-34.59471],[-58.35374,-34.59473],[-58.35096,-34.59514],[-58.35094,-34.59519],[-58.35095,-34.5952],[-58.35096,-34.59519],[-58.35096,-34.59519],[-58.35412,-34.5947],[-58.35412,-34.5947],[-58.35416,-34.5947],[-58.35465,-34.59473],[-58.35659,-34.59485],[-58.35667,-34.59486],[-58.35668,-34.59486],[-58.35669,-34.59486],[-58.35671,-34.59486],[-58.35672,-34.59487],[-58.35673,-34.59487],[-58.35674,-34.59488],[-58.35674,-34.59488],[-58.35674,-34.59488],[-58.3568,-34.59491],[-58.35685,-34.59494],[-58.35682,-34.59493],[-58.3568,-34.59493],[-58.35677,-34.59493],[-58.35676,-34.59495],[-58.35673,-34.59496],[-58.35671,-34.59497],[-58.35658,-34.59501],[-58.35649,-34.59503]]]}},{"type":"Feature","properties":{"barrio":"Saavedra","comuna":12},"geometry":{"type":"Polygon","coordinates":[[[-58.47359,-34.55353],[-58.47393,-34.55373],[-58.47425,-34.55391],[-58.47518,-34.55442],[-58.47608,-34.55493],[-58.47699,-34.55544],[-58.47791,-34.55596],[-58.47882,-34.55646],[-58.47935,-34.55676],[-58.47972,-34.55697],[-58.48053,-34.55742],[-58.48063,-34.55748],[-58.48081,-34.55758],[-58.48154,-34.55799],[-58.48245,-34.5585],[-58.48341,-34.55903],[-58.48356,-34.5591],[-58.4837,-34.55917],[-58.48435,-34.55948],[-58.48499,-34.55979],[-58.48502,-34.55981],[-58.48517,-34.55988],[-58.4853,-34.55994],[-58.48625,-34.56039],[-58.48639,-34.56046],[-58.48717,-34.56083],[-58.48732,-34.5609],[-58.48813,-34.56129],[-58.48827,-34.56136],[-58.48829,-34.56137],[-58.48831,-34.56137],[-58.48909,-34.56174],[-58.48928,-34.56183],[-58.49004,-34.5622],[-58.4904,-34.56237],[-58.49052,-34.56242],[-58.49099,-34.56265],[-58.49183,-34.56144],[-58.49193,-34.5613],[-58.49288,-34.56176],[-58.49413,-34.56235],[-58.49429,-34.56243],[-58.49542,-34.56297],[-58.49659,-34.56354],[-58.49682,-34.56365],[-58.49786,-34.56415],[-58.49799,-34.56421],[-58.49905,-34.56472],[-58.49914,-34.56476],[-58.49971,-34.56504],[-58.50023,-34.56529],[-58.50086,-34.56559],[-58.50144,-34.56587],[-58.50188,-34.56608],[-58.502,-34.56614],[-58.50256,-34.56642],[-58.50271,-34.56649],[-58.50333,-34.56679],[-58.50396,-34.5671],[-58.50409,-34.56717],[-58.5041,-34.56718],[-58.50424,-34.56725],[-58.50466,-34.56745],[-58.50507,-34.56766],[-58.50521,-34.56772],[-58.50626,-34.56824],[-58.50732,-34.56876],[-58.50842,-34.5693],[-58.5086,-34.56939],[-58.50882,-34.56951],[-58.50904,-34.57],[-58.50923,-34.56991],[-58.50925,-34.5699],[-58.50931,-34.56985],[-58.50939,-34.56978],[-58.50948,-34.5697],[-58.50952,-34.56967],[-58.50957,-34.56962],[-58.50968,-34.56951],[-58.50968,-34.5695],[-58.5098,-34.56937],[-58.50984,-34.56931],[-58.50985,-34.5693],[-58.50987,-34.56927],[-58.50987,-34.56927],[-58.50981,-34.56913],[-58.5094,-34.56825],[-58.50636,-34.56182],[-58.50579,-34.5606],[-58.50494,-34.55881],[-58.5049,-34.55873],[-58.50445,-34.55777],[-58.50395,-34.55671],[-58.50358,-34.55591],[-58.50292,-34.55452],[-58.50213,-34.55284],[-58.502,-34.55257],[-58.50188,-34.55231],[-58.50173,-34.55198],[-58.5015,-34.5515],[-58.50139,-34.55128],[-58.50131,-34.5511],[-58.501,-34.55043],[-58.50084,-34.55011],[-58.50074,-34.54988],[-58.50067,-34.54975],[-58.50067,-34.54975],[-58.50055,-34.54949],[-58.50055,-34.54949],[-58.50055,-34.54949],[-58.50052,-34.54948],[-58.49828,-34.54849],[-58.49751,-34.54815],[-58.49751,-34.54815],[-58.49746,-34.54813],[-58.49645,-34.54768],[-58.49645,-34.54768],[-58.49593,-34.54745],[-58.49593,-34.54745],[-58.49542,-34.54723],[-58.49509,-34.54708],[-58.49509,-34.54708],[-58.49501,-34.54705],[-58.49501,-34.54705],[-58.49501,-34.54705],[-58.49501,-34.54704],[-58.495,-34.54704],[-58.495,-34.54704],[-58.49498,-34.54703],[-58.49497,-34.54703],[-58.49491,-34.547],[-58.49491,-34.547],[-58.49485,-34.54697],[-58.49481,-34.54696],[-58.49481,-34.54695],[-58.4947,-34.54691],[-58.4943,-34.54673],[-58.49429,-34.54673],[-58.49411,-34.54665],[-58.49348,-34.54637],[-58.49342,-34.54634],[-58.4934,-34.54633],[-58.49305,-34.54618],[-58.493,-34.54616],[-58.49298,-34.54615],[-58.49287,-34.5461],[-58.4925,-34.54594],[-58.49249,-34.54593],[-58.49249,-34.54593],[-58.49247,-34.54592],[-58.49246,-34.54592],[-58.49199,-34.54571],[-58.49197,-34.5457],[-58.49148,-34.54549],[-58.49146,-34.54548],[-58.49088,-34.54522],[-58.49085,-34.54521],[-58.49047,-34.54504],[-58.49028,-34.54496],[-58.49026,-34.54495],[-58.48929,-34.54452],[-58.48926,-34.54451],[-58.48803,-34.54396],[-58.48801,-34.54395],[-58.4877,-34.54382],[-58.48715,-34.54358],[-58.48714,-34.54357],[-58.48711,-34.54356],[-58.4866,-34.54333],[-58.48658,-34.54332],[-58.48658,-34.54332],[-58.48656,-34.54331],[-58.48606,-34.54309],[-58.48589,-34.54302],[-58.48587,-34.54301],[-58.48516,-34.5427],[-58.48513,-34.54269],[-58.48438,-34.54235],[-58.48436,-34.54234],[-58.48365,-34.54203],[-58.48358,-34.542],[-58.48356,-34.54199],[-58.48258,-34.54156],[-58.48256,-34.54155],[-58.48196,-34.54128],[-58.48194,-34.54127],[-58.48145,-34.54106],[-58.48142,-34.54105],[-58.48124,-34.54097],[-58.48086,-34.5408],[-58.48078,-34.54076],[-58.48076,-34.54075],[-58.48074,-34.54075],[-58.47975,-34.54031],[-58.47975,-34.54031],[-58.47968,-34.54028],[-58.47951,-34.5402],[-58.47927,-34.54009],[-58.47913,-34.54003],[-58.47905,-34.54],[-58.4786,-34.5398],[-58.47813,-34.53959],[-58.47812,-34.53959],[-58.47806,-34.53956],[-58.47785,-34.53947],[-58.47747,-34.5393],[-58.47741,-34.53928],[-58.47734,-34.53924],[-58.47609,-34.53869],[-58.47605,-34.53868],[-58.47603,-34.53866],[-58.47602,-34.53866],[-58.47598,-34.53864],[-58.47595,-34.53863],[-58.47591,-34.53869],[-58.47585,-34.53877],[-58.47576,-34.53889],[-58.47568,-34.53899],[-58.47554,-34.53917],[-58.47549,-34.53925],[-58.47545,-34.53929],[-58.47542,-34.53934],[-58.47493,-34.53999],[-58.47436,-34.54076],[-58.47379,-34.54153],[-58.47324,-34.54227],[-58.47269,-34.54301],[-58.47209,-34.54382],[-58.47154,-34.54457],[-58.47101,-34.54528],[-58.47043,-34.54607],[-58.46994,-34.54672],[-58.4694,-34.54741],[-58.46913,-34.54776],[-58.46898,-34.54795],[-58.46885,-34.54811],[-58.46867,-34.54835],[-58.46855,-34.54848],[-58.46851,-34.54854],[-58.46823,-34.5489],[-58.46819,-34.54894],[-58.46837,-34.54908],[-58.4693,-34.54958],[-58.47016,-34.55006],[-58.47101,-34.55053],[-58.47186,-34.551],[-58.4727,-34.55146],[-58.47357,-34.55194],[-58.47444,-34.55242],[-58.47359,-34.55353]]]}},{"type":"Feature","properties":{"barrio":"San Cristobal","comuna":3},"geometry":{"type":"Polygon","coordinates":[[[-58.39117,-34.62725],[-58.39117,-34.62725],[-58.39162,-34.62726],[-58.39216,-34.62726],[-58.39216,-34.62726],[-58.3923,-34.62729],[-58.39321,-34.62745],[-58.3943,-34.62764],[-58.39447,-34.62767],[-58.39505,-34.62778],[-58.39535,-34.62783],[-58.39541,-34.62784],[-58.39549,-34.62785],[-58.39674,-34.62807],[-58.39681,-34.62809],[-58.39687,-34.6281],[-58.39844,-34.62838],[-58.39852,-34.62839],[-58.3986,-34.6284],[-58.39973,-34.62854],[-58.39991,-34.62856],[-58.40085,-34.62866],[-58.4011,-34.62869],[-58.40124,-34.62871],[-58.40167,-34.62876],[-58.40192,-34.62878],[-58.40239,-34.62884],[-58.40355,-34.62897],[-58.40546,-34.62918],[-58.40565,-34.6292],[-58.40651,-34.6293],[-58.40652,-34.6293],[-58.40673,-34.62933],[-58.40675,-34.62933],[-58.40837,-34.62951],[-58.40943,-34.62977],[-58.40958,-34.62981],[-58.4097,-34.62984],[-58.40987,-34.62989],[-58.41004,-34.62993],[-58.41005,-34.62993],[-58.41021,-34.62997],[-58.41052,-34.63005],[-58.41083,-34.63012],[-58.41098,-34.63016],[-58.41106,-34.63018],[-58.41158,-34.63031],[-58.41178,-34.63035],[-58.41179,-34.63024],[-58.41184,-34.6292],[-58.41188,-34.62862],[-58.41193,-34.62759],[-58.41196,-34.62701],[-58.41197,-34.62684],[-58.41199,-34.6265],[-58.41207,-34.62514],[-58.4121,-34.62497],[-58.41213,-34.62478],[-58.41222,-34.62399],[-58.41234,-34.62303],[-58.41204,-34.62297],[-58.41236,-34.62187],[-58.41244,-34.62188],[-58.41255,-34.62064],[-58.41081,-34.62034],[-58.41052,-34.62028],[-58.41008,-34.62019],[-58.40925,-34.62002],[-58.40778,-34.61972],[-58.40639,-34.61943],[-58.40504,-34.61915],[-58.40352,-34.61884],[-58.40225,-34.61875],[-58.40098,-34.61867],[-58.4003,-34.61862],[-58.40004,-34.6186],[-58.39925,-34.61855],[-58.39897,-34.61854],[-58.39752,-34.61846],[-58.39599,-34.61838],[-58.3945,-34.6183],[-58.3932,-34.61823],[-58.39301,-34.61822],[-58.3923,-34.61819],[-58.39203,-34.61817],[-58.3917,-34.61816],[-58.39167,-34.61911],[-58.39163,-34.62022],[-58.39161,-34.62054],[-58.39161,-34.62054],[-58.39156,-34.62156],[-58.39149,-34.62273],[-58.39146,-34.62342],[-58.39145,-34.62355],[-58.39145,-34.62371],[-58.39143,-34.62399],[-58.39141,-34.62428],[-58.39133,-34.62523],[-58.39125,-34.62633],[-58.39122,-34.62663],[-58.39119,-34.62704],[-58.39117,-34.62725]]]}},{"type":"Feature","properties":{"barrio":"San Nicolas","comuna":1},"geometry":{"type":"Polygon","coordinates":[[[-58.36773,-34.6069],[-58.36815,-34.60696],[-58.3688,-34.60683],[-58.36922,-34.60674],[-58.36926,-34.60659],[-58.36937,-34.60652],[-58.36944,-34.6065],[-58.36985,-34.60655],[-58.37019,-34.60657],[-58.37019,-34.60677],[-58.37031,-34.60719],[-58.37063,-34.60739],[-58.37076,-34.60751],[-58.37084,-34.60757],[-58.37109,-34.60778],[-58.37126,-34.60785],[-58.37147,-34.60787],[-58.37148,-34.60788],[-58.37155,-34.60788],[-58.37218,-34.60793],[-58.37317,-34.608],[-58.37352,-34.60802],[-58.37352,-34.60794],[-58.37352,-34.60794],[-58.37354,-34.60794],[-58.37357,-34.60794],[-58.37411,-34.60798],[-58.37486,-34.60802],[-58.37492,-34.60803],[-58.37498,-34.60803],[-58.37499,-34.60803],[-58.375,-34.60803],[-58.37619,-34.60811],[-58.37621,-34.60811],[-58.37629,-34.60812],[-58.3764,-34.60813],[-58.37696,-34.60816],[-58.37781,-34.60821],[-58.37922,-34.6083],[-58.37936,-34.60831],[-58.37976,-34.60833],[-58.37981,-34.60833],[-58.37996,-34.60834],[-58.3805,-34.60837],[-58.38072,-34.60838],[-58.38072,-34.60838],[-58.38089,-34.60839],[-58.38131,-34.60841],[-58.38135,-34.60841],[-58.3818,-34.60844],[-58.38197,-34.60846],[-58.38217,-34.60847],[-58.38225,-34.60848],[-58.38269,-34.60852],[-58.38331,-34.60856],[-58.38347,-34.60858],[-58.38361,-34.60859],[-58.3838,-34.6086],[-58.3841,-34.60863],[-58.38471,-34.60867],[-58.38487,-34.60869],[-58.38507,-34.6087],[-58.38599,-34.60877],[-58.38615,-34.60878],[-58.38628,-34.60878],[-58.38723,-34.60886],[-58.38723,-34.60886],[-58.38732,-34.60887],[-58.38748,-34.6089],[-58.38766,-34.60892],[-58.38774,-34.60893],[-58.38775,-34.60893],[-58.3878,-34.60894],[-58.38797,-34.60896],[-58.38818,-34.60898],[-58.38851,-34.60901],[-58.38906,-34.60907],[-58.38918,-34.60908],[-58.38976,-34.60914],[-58.3898,-34.60914],[-58.39056,-34.60919],[-58.39141,-34.60925],[-58.39195,-34.60929],[-58.39196,-34.60929],[-58.39196,-34.60917],[-58.39204,-34.60799],[-58.39205,-34.60785],[-58.39212,-34.60679],[-58.39213,-34.60664],[-58.3922,-34.60565],[-58.39221,-34.60549],[-58.39229,-34.60444],[-58.39239,-34.60315],[-58.39258,-34.60212],[-58.3926,-34.60199],[-58.39275,-34.60093],[-58.39277,-34.60081],[-58.39293,-34.59964],[-58.39156,-34.59956],[-58.39148,-34.59956],[-58.39138,-34.59955],[-58.39014,-34.59947],[-58.38967,-34.59944],[-58.38961,-34.59944],[-58.38948,-34.59943],[-58.38939,-34.59942],[-58.38815,-34.59935],[-58.38812,-34.59935],[-58.38797,-34.59934],[-58.38796,-34.59934],[-58.38687,-34.59929],[-58.38681,-34.59929],[-58.38553,-34.59923],[-58.38548,-34.59923],[-58.38421,-34.59917],[-58.38403,-34.59916],[-58.38388,-34.59915],[-58.38278,-34.5991],[-58.38252,-34.59909],[-58.38209,-34.59907],[-58.38195,-34.59906],[-58.38182,-34.59906],[-58.38167,-34.59905],[-58.38125,-34.59903],[-58.38102,-34.59902],[-58.38029,-34.59899],[-58.37978,-34.59897],[-58.37975,-34.59897],[-58.37828,-34.59891],[-58.37684,-34.59881],[-58.37543,-34.59871],[-58.37537,-34.5987],[-58.37419,-34.59862],[-58.3738,-34.59859],[-58.3728,-34.59852],[-58.37148,-34.59842],[-58.37117,-34.59839],[-58.37095,-34.59838],[-58.36952,-34.59832],[-58.36908,-34.59935],[-58.36864,-34.60044],[-58.36839,-34.60103],[-58.36832,-34.6017],[-58.36819,-34.60283],[-58.36812,-34.60349],[-58.36805,-34.60406],[-58.36793,-34.60517],[-58.36773,-34.6069]]]}},{"type":"Feature","properties":{"barrio":"San Telmo","comuna":1},"geometry":{"type":"Polygon","coordinates":[[[-58.36346,-34.62512],[-58.36649,-34.62519],[-58.36649,-34.62519],[-58.36798,-34.62519],[-58.36797,-34.62547],[-58.36798,-34.627],[-58.36798,-34.62708],[-58.36798,-34.6271],[-58.36795,-34.62714],[-58.3681,-34.62719],[-58.36945,-34.62832],[-58.36958,-34.62845],[-58.36963,-34.6285],[-58.37046,-34.62929],[-58.37066,-34.62949],[-58.37066,-34.62949],[-58.37066,-34.62949],[-58.37066,-34.62949],[-58.3707,-34.62919],[-58.37072,-34.62902],[-58.37072,-34.62899],[-58.37071,-34.62882],[-58.3708,-34.62811],[-58.37092,-34.62708],[-58.37095,-34.62682],[-58.37097,-34.62665],[-58.37097,-34.62665],[-58.37097,-34.62665],[-58.37097,-34.62665],[-58.37097,-34.62665],[-58.37097,-34.62665],[-58.37097,-34.62665],[-58.37097,-34.62665],[-58.37113,-34.62666],[-58.37113,-34.62666],[-58.37128,-34.62666],[-58.37156,-34.62668],[-58.37172,-34.62669],[-58.37173,-34.62669],[-58.37255,-34.62674],[-58.37255,-34.62674],[-58.37279,-34.62675],[-58.37279,-34.62675],[-58.37364,-34.62677],[-58.37364,-34.62677],[-58.37366,-34.62677],[-58.37366,-34.62677],[-58.37387,-34.62678],[-58.37387,-34.62678],[-58.37456,-34.6268],[-58.37456,-34.6268],[-58.37558,-34.6273],[-58.3757,-34.62714],[-58.3757,-34.62714],[-58.37595,-34.62674],[-58.37618,-34.62636],[-58.37618,-34.62636],[-58.37623,-34.62627],[-58.37675,-34.62511],[-58.377,-34.62395],[-58.37707,-34.6236],[-58.37709,-34.62349],[-58.37711,-34.62336],[-58.37714,-34.62297],[-58.37715,-34.6228],[-58.3772,-34.62207],[-58.37722,-34.62189],[-58.37724,-34.62101],[-58.37724,-34.62101],[-58.37723,-34.62088],[-58.37723,-34.62081],[-58.37727,-34.61981],[-58.37727,-34.61972],[-58.37731,-34.61855],[-58.37731,-34.61845],[-58.37735,-34.61762],[-58.37736,-34.61745],[-58.37743,-34.61629],[-58.37727,-34.61628],[-58.37616,-34.61623],[-58.37603,-34.61622],[-58.37598,-34.61622],[-58.37586,-34.61621],[-58.37586,-34.61621],[-58.37526,-34.61613],[-58.37471,-34.6161],[-58.37454,-34.61609],[-58.37434,-34.61608],[-58.37327,-34.61603],[-58.37313,-34.61603],[-58.37299,-34.61602],[-58.37172,-34.61602],[-58.37172,-34.61598],[-58.37069,-34.61591],[-58.37057,-34.61589],[-58.37035,-34.61586],[-58.37025,-34.61586],[-58.3695,-34.61582],[-58.36915,-34.61579],[-58.36882,-34.61578],[-58.36858,-34.61576],[-58.36757,-34.61568],[-58.36674,-34.61562],[-58.3666,-34.61688],[-58.36646,-34.61812],[-58.36633,-34.61924],[-58.36619,-34.62042],[-58.36607,-34.62151],[-58.36597,-34.62239],[-58.36594,-34.62266],[-58.36593,-34.62273],[-58.36589,-34.6233],[-58.36584,-34.62379],[-58.36579,-34.62399],[-58.3655,-34.62392],[-58.36481,-34.62432],[-58.36416,-34.62469],[-58.36353,-34.62499],[-58.36346,-34.62512]]]}},{"type":"Feature","properties":{"barrio":"Velez Sarsfield","comuna":10},"geometry":{"type":"Polygon","coordinates":[[[-58.47855,-34.63699],[-58.48005,-34.63768],[-58.4804,-34.63784],[-58.48082,-34.63803],[-58.48146,-34.63833],[-58.48174,-34.63846],[-58.48288,-34.63898],[-58.4839,-34.63946],[-58.48461,-34.63979],[-58.48488,-34.63992],[-58.48532,-34.64013],[-58.48552,-34.64022],[-58.48606,-34.64048],[-58.48697,-34.6409],[-58.4878,-34.6413],[-58.48823,-34.64096],[-58.48874,-34.64056],[-58.48957,-34.6399],[-58.49006,-34.63951],[-58.49036,-34.63927],[-58.49039,-34.63925],[-58.49091,-34.63884],[-58.49182,-34.63813],[-58.49227,-34.63778],[-58.49332,-34.63696],[-58.49312,-34.63651],[-58.49316,-34.63652],[-58.49366,-34.63662],[-58.4938,-34.63665],[-58.49456,-34.63602],[-58.49476,-34.63587],[-58.4954,-34.63537],[-58.49544,-34.63534],[-58.49631,-34.63466],[-58.49716,-34.63399],[-58.49764,-34.63361],[-58.49831,-34.63308],[-58.49893,-34.63259],[-58.49898,-34.63256],[-58.49898,-34.63256],[-58.4997,-34.63195],[-58.49998,-34.63178],[-58.50055,-34.632],[-58.50055,-34.632],[-58.50104,-34.63221],[-58.50154,-34.63183],[-58.50164,-34.63176],[-58.50205,-34.63145],[-58.50217,-34.63137],[-58.50251,-34.63112],[-58.50269,-34.63098],[-58.50318,-34.63062],[-58.50431,-34.62979],[-58.50536,-34.62902],[-58.5063,-34.62832],[-58.50716,-34.62769],[-58.50729,-34.62759],[-58.50718,-34.6275],[-58.50596,-34.62636],[-58.50587,-34.62627],[-58.50476,-34.62523],[-58.50467,-34.62514],[-58.50349,-34.62403],[-58.5027,-34.62364],[-58.50175,-34.62317],[-58.50158,-34.62308],[-58.50027,-34.62243],[-58.49934,-34.62196],[-58.49917,-34.62188],[-58.4982,-34.62137],[-58.49786,-34.62164],[-58.49766,-34.6218],[-58.49712,-34.62223],[-58.49604,-34.62308],[-58.49551,-34.6235],[-58.49497,-34.62393],[-58.49493,-34.62396],[-58.4942,-34.62454],[-58.49406,-34.62465],[-58.49389,-34.62478],[-58.49335,-34.62521],[-58.49282,-34.62564],[-58.49276,-34.62569],[-58.49174,-34.62649],[-58.4917,-34.62652],[-58.49136,-34.6268],[-58.49109,-34.62701],[-58.4904,-34.62756],[-58.49022,-34.6277],[-58.48929,-34.62845],[-58.48823,-34.62928],[-58.48808,-34.6294],[-58.48772,-34.62969],[-58.48695,-34.63031],[-58.48686,-34.63038],[-58.48672,-34.63048],[-58.48603,-34.63104],[-58.48557,-34.6314],[-58.48473,-34.63207],[-58.48372,-34.63288],[-58.48357,-34.63299],[-58.48338,-34.63315],[-58.48311,-34.63338],[-58.48238,-34.63394],[-58.48101,-34.63504],[-58.47993,-34.63591],[-58.47969,-34.6361],[-58.4792,-34.63649],[-58.4789,-34.63673],[-58.47879,-34.63682],[-58.47855,-34.63699]]]}},{"type":"Feature","properties":{"barrio":"Versalles","comuna":10},"geometry":{"type":"Polygon","coordinates":[[[-58.52163,-34.6244],[-58.52062,-34.62519],[-58.52009,-34.62559],[-58.51953,-34.62602],[-58.51897,-34.62645],[-58.51847,-34.62684],[-58.51795,-34.62724],[-58.51741,-34.62766],[-58.51696,-34.628],[-58.51638,-34.62845],[-58.51591,-34.62881],[-58.51565,-34.62902],[-58.51556,-34.62908],[-58.51525,-34.62933],[-58.51512,-34.62942],[-58.51491,-34.62959],[-58.51404,-34.63026],[-58.51345,-34.63071],[-58.51302,-34.63104],[-58.51291,-34.63113],[-58.51204,-34.63179],[-58.51104,-34.63256],[-58.5101,-34.63328],[-58.5092,-34.63397],[-58.50908,-34.63406],[-58.50868,-34.63438],[-58.50839,-34.6346],[-58.50876,-34.63465],[-58.50922,-34.63468],[-58.5094,-34.6347],[-58.5096,-34.63472],[-58.51018,-34.63477],[-58.51067,-34.63482],[-58.51133,-34.63453],[-58.51144,-34.63448],[-58.51148,-34.63446],[-58.51186,-34.63429],[-58.51226,-34.63412],[-58.51253,-34.634],[-58.51262,-34.63396],[-58.51332,-34.63367],[-58.51332,-34.63367],[-58.51332,-34.63366],[-58.51334,-34.63366],[-58.51391,-34.63346],[-58.51407,-34.6334],[-58.51486,-34.6332],[-58.51537,-34.63316],[-58.51593,-34.6331],[-58.51594,-34.6331],[-58.51661,-34.63308],[-58.51709,-34.63301],[-58.51735,-34.63301],[-58.51852,-34.633],[-58.51872,-34.633],[-58.5188,-34.633],[-58.51889,-34.633],[-58.51908,-34.63301],[-58.51908,-34.63301],[-58.51925,-34.63301],[-58.51926,-34.63301],[-58.51933,-34.63301],[-58.51942,-34.633],[-58.51968,-34.63299],[-58.51972,-34.63298],[-58.51974,-34.63298],[-58.51974,-34.63298],[-58.51989,-34.63297],[-58.51989,-34.63297],[-58.51989,-34.63297],[-58.52007,-34.63295],[-58.52017,-34.63291],[-58.52024,-34.6328],[-58.52034,-34.63291],[-58.52039,-34.63297],[-58.52052,-34.633],[-58.52075,-34.63322],[-58.52081,-34.6334],[-58.52078,-34.6335],[-58.52069,-34.63382],[-58.52103,-34.63382],[-58.52108,-34.63382],[-58.52233,-34.63401],[-58.52304,-34.63416],[-58.52327,-34.63422],[-58.52423,-34.63445],[-58.5243,-34.63447],[-58.5256,-34.63458],[-58.52692,-34.63468],[-58.52707,-34.63475],[-58.52739,-34.63477],[-58.52774,-34.6348],[-58.52795,-34.63482],[-58.5282,-34.63484],[-58.52854,-34.63486],[-58.52871,-34.63486],[-58.5289,-34.63485],[-58.52909,-34.63484],[-58.52932,-34.63483],[-58.52939,-34.63482],[-58.52962,-34.63482],[-58.52979,-34.63481],[-58.52984,-34.63481],[-58.53002,-34.6348],[-58.53003,-34.6348],[-58.53036,-34.63479],[-58.53037,-34.63454],[-58.53038,-34.63436],[-58.53039,-34.63418],[-58.53039,-34.63417],[-58.53041,-34.63393],[-58.53043,-34.63363],[-58.53045,-34.63332],[-58.53079,-34.62773],[-58.5308,-34.62754],[-58.5308,-34.62753],[-58.5308,-34.62752],[-58.53074,-34.62749],[-58.53036,-34.62731],[-58.53021,-34.62723],[-58.53007,-34.62716],[-58.52981,-34.62704],[-58.52937,-34.62681],[-58.52916,-34.6267],[-58.52886,-34.62655],[-58.52836,-34.62629],[-58.52823,-34.62623],[-58.52785,-34.62604],[-58.52694,-34.62558],[-58.52684,-34.62552],[-58.52634,-34.62527],[-58.52584,-34.62502],[-58.52528,-34.62473],[-58.52417,-34.62416],[-58.5241,-34.62413],[-58.52396,-34.62406],[-58.52361,-34.62388],[-58.52333,-34.62374],[-58.52283,-34.62349],[-58.52163,-34.6244]]]}},{"type":"Feature","properties":{"barrio":"Villa Crespo","comuna":15},"geometry":{"type":"Polygon","coordinates":[[[-58.42337,-34.59775],[-58.42376,-34.59783],[-58.42496,-34.59785],[-58.4263,-34.59788],[-58.42644,-34.5979],[-58.42657,-34.59792],[-58.42679,-34.59794],[-58.42778,-34.59833],[-58.42785,-34.59836],[-58.42799,-34.59842],[-58.42854,-34.59867],[-58.42855,-34.59867],[-58.42916,-34.59896],[-58.42922,-34.599],[-58.42943,-34.59913],[-58.42965,-34.59932],[-58.43015,-34.59977],[-58.43019,-34.5998],[-58.43028,-34.59988],[-58.43104,-34.60075],[-58.43116,-34.60088],[-58.43187,-34.6017],[-58.4322,-34.60207],[-58.43224,-34.60213],[-58.43314,-34.60258],[-58.43334,-34.60267],[-58.43387,-34.60294],[-58.43392,-34.60296],[-58.43497,-34.60348],[-58.43515,-34.60357],[-58.43534,-34.60367],[-58.43662,-34.60428],[-58.43685,-34.6044],[-58.43703,-34.60448],[-58.43705,-34.60449],[-58.43705,-34.60449],[-58.43706,-34.60449],[-58.43718,-34.60455],[-58.43719,-34.60456],[-58.43798,-34.60496],[-58.43851,-34.60523],[-58.4392,-34.60558],[-58.43929,-34.60561],[-58.44014,-34.60584],[-58.44034,-34.60589],[-58.44147,-34.6062],[-58.4416,-34.60624],[-58.44283,-34.60657],[-58.44298,-34.60661],[-58.44417,-34.60692],[-58.44513,-34.60717],[-58.44568,-34.60736],[-58.44625,-34.60762],[-58.44704,-34.60742],[-58.44906,-34.60691],[-58.44929,-34.60686],[-58.45024,-34.60662],[-58.45066,-34.60651],[-58.45074,-34.60649],[-58.45099,-34.60643],[-58.45101,-34.60642],[-58.45105,-34.60641],[-58.45151,-34.6063],[-58.45202,-34.60617],[-58.45243,-34.60606],[-58.45296,-34.60592],[-58.45307,-34.60589],[-58.454,-34.60565],[-58.45498,-34.6054],[-58.45553,-34.60526],[-58.4558,-34.60518],[-58.45656,-34.60499],[-58.45808,-34.60459],[-58.45847,-34.60449],[-58.45848,-34.60449],[-58.45894,-34.60437],[-58.45828,-34.60391],[-58.45816,-34.60383],[-58.45792,-34.60304],[-58.45753,-34.60179],[-58.45725,-34.60089],[-58.45721,-34.60076],[-58.45699,-34.60002],[-58.4569,-34.59973],[-58.45658,-34.59871],[-58.45657,-34.59866],[-58.45624,-34.59759],[-58.45606,-34.59765],[-58.45601,-34.59767],[-58.45592,-34.5977],[-58.45548,-34.59783],[-58.4548,-34.59735],[-58.45382,-34.59667],[-58.45377,-34.59663],[-58.45366,-34.59656],[-58.45282,-34.59599],[-58.45261,-34.59584],[-58.45208,-34.59548],[-58.45189,-34.59534],[-58.45171,-34.59521],[-58.45096,-34.59466],[-58.45063,-34.59442],[-58.4506,-34.5944],[-58.43864,-34.58872],[-58.43858,-34.58869],[-58.43854,-34.58867],[-58.43854,-34.58867],[-58.43854,-34.58867],[-58.4385,-34.58869],[-58.43825,-34.58886],[-58.43822,-34.58888],[-58.43805,-34.58899],[-58.43713,-34.58961],[-58.43618,-34.59025],[-58.43604,-34.59034],[-58.43531,-34.59082],[-58.43436,-34.59145],[-58.43413,-34.5916],[-58.43354,-34.592],[-58.43345,-34.59206],[-58.43343,-34.59207],[-58.43236,-34.59278],[-58.43122,-34.59354],[-58.43074,-34.59386],[-58.43028,-34.59416],[-58.43021,-34.59421],[-58.43006,-34.5943],[-58.42935,-34.59475],[-58.42933,-34.59476],[-58.42917,-34.59485],[-58.42809,-34.59551],[-58.42703,-34.59617],[-58.42699,-34.59619],[-58.42695,-34.59621],[-58.42695,-34.59621],[-58.42624,-34.59651],[-58.42603,-34.59661],[-58.42484,-34.59706],[-58.42454,-34.5972],[-58.42354,-34.59763],[-58.42353,-34.59764],[-58.42337,-34.59775]]]}},{"type":"Feature","properties":{"barrio":"Villa Del Parque","comuna":11},"geometry":{"type":"Polygon","coordinates":[[[-58.47883,-34.59967],[-58.47854,-34.59973],[-58.47779,-34.5999],[-58.47773,-34.59991],[-58.47639,-34.6002],[-58.47655,-34.60029],[-58.47667,-34.60036],[-58.4775,-34.60082],[-58.47697,-34.60158],[-58.47638,-34.60237],[-58.47574,-34.60317],[-58.47571,-34.60321],[-58.47493,-34.60417],[-58.47402,-34.60531],[-58.47416,-34.6054],[-58.47434,-34.60551],[-58.47464,-34.6057],[-58.47495,-34.6059],[-58.47502,-34.60594],[-58.47511,-34.60599],[-58.47526,-34.60608],[-58.4762,-34.60665],[-58.47625,-34.60668],[-58.47636,-34.60675],[-58.4769,-34.60703],[-58.47733,-34.60725],[-58.47746,-34.6073],[-58.47762,-34.60736],[-58.47872,-34.6077],[-58.47894,-34.60776],[-58.4792,-34.60783],[-58.47921,-34.60783],[-58.47967,-34.60794],[-58.47981,-34.60798],[-58.48021,-34.60808],[-58.48041,-34.60813],[-58.48132,-34.60835],[-58.48197,-34.60851],[-58.48221,-34.60857],[-58.48343,-34.60887],[-58.48367,-34.60893],[-58.48406,-34.60902],[-58.48435,-34.60909],[-58.48465,-34.60917],[-58.48499,-34.60925],[-58.48516,-34.60929],[-58.48538,-34.60935],[-58.48574,-34.60943],[-58.48606,-34.60951],[-58.48609,-34.60952],[-58.48628,-34.60957],[-58.48647,-34.60961],[-58.48782,-34.60994],[-58.48798,-34.60997],[-58.48813,-34.61],[-58.48816,-34.61001],[-58.4882,-34.61002],[-58.48865,-34.61013],[-58.48865,-34.61014],[-58.48866,-34.61014],[-58.4889,-34.61031],[-58.48893,-34.61033],[-58.48914,-34.61048],[-58.48927,-34.61059],[-58.4901,-34.61122],[-58.49025,-34.61134],[-58.49068,-34.61166],[-58.49073,-34.6117],[-58.49123,-34.61208],[-58.4917,-34.61243],[-58.49226,-34.61286],[-58.49304,-34.61351],[-58.49331,-34.61375],[-58.49344,-34.61386],[-58.49406,-34.61439],[-58.49461,-34.61486],[-58.49478,-34.61502],[-58.49557,-34.61439],[-58.49644,-34.6134],[-58.49656,-34.61326],[-58.4974,-34.6123],[-58.49753,-34.61215],[-58.49816,-34.61144],[-58.4982,-34.61139],[-58.4983,-34.61128],[-58.49844,-34.61111],[-58.49935,-34.61008],[-58.50019,-34.60913],[-58.50096,-34.60825],[-58.5016,-34.60753],[-58.50173,-34.60737],[-58.50213,-34.60692],[-58.50226,-34.60677],[-58.50282,-34.60614],[-58.50295,-34.60598],[-58.50308,-34.60584],[-58.50341,-34.60546],[-58.50347,-34.6054],[-58.50361,-34.60524],[-58.50373,-34.6051],[-58.50462,-34.60411],[-58.50537,-34.60326],[-58.50598,-34.60259],[-58.50617,-34.60238],[-58.50554,-34.60199],[-58.50486,-34.60157],[-58.50365,-34.60082],[-58.50356,-34.60077],[-58.5034,-34.60067],[-58.50309,-34.60048],[-58.50221,-34.59993],[-58.50088,-34.59911],[-58.50064,-34.59896],[-58.49954,-34.59828],[-58.49822,-34.59746],[-58.498,-34.59733],[-58.49717,-34.59682],[-58.49713,-34.59679],[-58.49678,-34.59681],[-58.49471,-34.59695],[-58.49342,-34.59703],[-58.49291,-34.59707],[-58.49282,-34.59707],[-58.49249,-34.5971],[-58.49122,-34.59718],[-58.49019,-34.59725],[-58.48953,-34.5973],[-58.48854,-34.59736],[-58.48782,-34.59741],[-58.4878,-34.59742],[-58.48735,-34.59745],[-58.48714,-34.59746],[-58.48668,-34.5975],[-58.48649,-34.59751],[-58.48613,-34.59754],[-58.48518,-34.59761],[-58.48485,-34.59763],[-58.48346,-34.59776],[-58.48346,-34.59776],[-58.48329,-34.5978],[-58.483,-34.59788],[-58.48298,-34.59789],[-58.48284,-34.59794],[-58.48213,-34.59825],[-58.48078,-34.59883],[-58.47975,-34.59928],[-58.47883,-34.59967]]]}},{"type":"Feature","properties":{"barrio":"Villa Devoto","comuna":11},"geometry":{"type":"Polygon","coordinates":[[[-58.50347,-34.59395],[-58.50308,-34.59438],[-58.50354,-34.59445],[-58.50318,-34.59458],[-58.50288,-34.5947],[-58.50276,-34.59474],[-58.50179,-34.5951],[-58.50071,-34.5955],[-58.50013,-34.59572],[-58.49979,-34.59585],[-58.49963,-34.5959],[-58.49955,-34.59593],[-58.49838,-34.59637],[-58.49717,-34.59682],[-58.498,-34.59733],[-58.49822,-34.59746],[-58.49954,-34.59828],[-58.50064,-34.59896],[-58.50088,-34.59911],[-58.50221,-34.59993],[-58.50309,-34.60048],[-58.5034,-34.60067],[-58.50356,-34.60077],[-58.50365,-34.60082],[-58.50486,-34.60157],[-58.50554,-34.60199],[-58.50617,-34.60238],[-58.50598,-34.60259],[-58.50537,-34.60326],[-58.50462,-34.60411],[-58.50373,-34.6051],[-58.50361,-34.60524],[-58.50347,-34.6054],[-58.50341,-34.60546],[-58.50308,-34.60584],[-58.50295,-34.60598],[-58.50282,-34.60614],[-58.50226,-34.60677],[-58.50213,-34.60692],[-58.50173,-34.60737],[-58.5016,-34.60753],[-58.50096,-34.60825],[-58.50019,-34.60913],[-58.50133,-34.6098],[-58.50146,-34.60988],[-58.50211,-34.61027],[-58.50221,-34.61032],[-58.50237,-34.61042],[-58.50243,-34.61046],[-58.5031,-34.61085],[-58.50325,-34.61094],[-58.50341,-34.61104],[-58.50353,-34.61111],[-58.50372,-34.61122],[-58.50386,-34.61131],[-58.50394,-34.61135],[-58.50399,-34.61138],[-58.50414,-34.61147],[-58.50428,-34.61155],[-58.50453,-34.6117],[-58.50466,-34.61179],[-58.5049,-34.61193],[-58.50525,-34.61214],[-58.50533,-34.61218],[-58.50541,-34.61223],[-58.50556,-34.61231],[-58.5056,-34.61233],[-58.50705,-34.61319],[-58.50752,-34.61346],[-58.50762,-34.61352],[-58.50776,-34.6136],[-58.50787,-34.61366],[-58.50801,-34.61375],[-58.5081,-34.6138],[-58.50831,-34.61392],[-58.50847,-34.61401],[-58.50872,-34.61416],[-58.50875,-34.61418],[-58.50885,-34.61423],[-58.50905,-34.61435],[-58.5092,-34.61444],[-58.50958,-34.61466],[-58.50974,-34.61475],[-58.51002,-34.61492],[-58.51012,-34.61498],[-58.51014,-34.61499],[-58.51015,-34.615],[-58.51034,-34.61512],[-58.51034,-34.61512],[-58.51036,-34.61513],[-58.51043,-34.61517],[-58.51057,-34.61526],[-58.5107,-34.61534],[-58.51084,-34.61542],[-58.511,-34.61552],[-58.51125,-34.61567],[-58.51168,-34.61592],[-58.51214,-34.61619],[-58.51257,-34.61645],[-58.51304,-34.61673],[-58.51365,-34.61727],[-58.51433,-34.61788],[-58.51494,-34.61842],[-58.51498,-34.61846],[-58.51501,-34.61849],[-58.51515,-34.61861],[-58.51569,-34.6191],[-58.51603,-34.6194],[-58.51641,-34.61973],[-58.51653,-34.61984],[-58.51663,-34.61993],[-58.51695,-34.62021],[-58.51774,-34.61961],[-58.51821,-34.61926],[-58.51854,-34.61901],[-58.51867,-34.61891],[-58.5189,-34.61873],[-58.51934,-34.6184],[-58.51948,-34.61829],[-58.52012,-34.6178],[-58.52033,-34.61763],[-58.52089,-34.6172],[-58.52101,-34.61711],[-58.52196,-34.61639],[-58.52312,-34.61551],[-58.52412,-34.61472],[-58.52427,-34.6146],[-58.52506,-34.61396],[-58.52508,-34.61398],[-58.52511,-34.614],[-58.52511,-34.614],[-58.52542,-34.61379],[-58.52543,-34.61378],[-58.52561,-34.61366],[-58.52571,-34.61359],[-58.52585,-34.61349],[-58.52653,-34.61299],[-58.52694,-34.61269],[-58.52735,-34.61239],[-58.52775,-34.61209],[-58.52816,-34.6118],[-58.52855,-34.61151],[-58.52889,-34.61131],[-58.52894,-34.61128],[-58.52901,-34.61123],[-58.52934,-34.61098],[-58.5294,-34.61094],[-58.52947,-34.6109],[-58.52783,-34.60742],[-58.52783,-34.60741],[-58.52782,-34.60739],[-58.52778,-34.60731],[-58.52733,-34.60636],[-58.52678,-34.60517],[-58.52623,-34.60402],[-58.52623,-34.60402],[-58.52623,-34.604],[-58.52577,-34.60303],[-58.52487,-34.60112],[-58.52368,-34.59858],[-58.52351,-34.59822],[-58.52337,-34.59794],[-58.52328,-34.59775],[-58.52263,-34.59635],[-58.52177,-34.59452],[-58.52095,-34.59279],[-58.52005,-34.59087],[-58.51951,-34.58973],[-58.51889,-34.58841],[-58.51865,-34.5879],[-58.51812,-34.58677],[-58.51698,-34.58434],[-58.51566,-34.58152],[-58.51558,-34.58136],[-58.51553,-34.58127],[-58.51546,-34.58128],[-58.5153,-34.58129],[-58.51516,-34.5813],[-58.515,-34.58131],[-58.51497,-34.58132],[-58.5149,-34.58136],[-58.51485,-34.58141],[-58.51485,-34.58141],[-58.51474,-34.58152],[-58.51465,-34.58161],[-58.51458,-34.58168],[-58.51458,-34.58168],[-58.51457,-34.58169],[-58.51452,-34.58174],[-58.51392,-34.5824],[-58.51381,-34.58252],[-58.5134,-34.58298],[-58.51327,-34.58312],[-58.51247,-34.58401],[-58.51236,-34.58413],[-58.51181,-34.58474],[-58.51115,-34.58546],[-58.51104,-34.58559],[-58.51049,-34.58619],[-58.50979,-34.58697],[-58.50902,-34.58782],[-58.50824,-34.58868],[-58.5075,-34.5895],[-58.50672,-34.59036],[-58.50607,-34.59108],[-58.50542,-34.5918],[-58.50528,-34.59195],[-58.50477,-34.59252],[-58.50412,-34.59324],[-58.50347,-34.59395]]]}},{"type":"Feature","properties":{"barrio":"Villa Gral. Mitre","comuna":11},"geometry":{"type":"Polygon","coordinates":[[[-58.45894,-34.60437],[-58.45848,-34.60449],[-58.45847,-34.60449],[-58.45878,-34.60471],[-58.45951,-34.60521],[-58.45965,-34.6053],[-58.46051,-34.60589],[-58.46154,-34.60658],[-58.46162,-34.60664],[-58.46215,-34.607],[-58.46251,-34.60724],[-58.4627,-34.60737],[-58.46219,-34.60841],[-58.46164,-34.60952],[-58.46108,-34.61067],[-58.46055,-34.61172],[-58.46049,-34.61186],[-58.46004,-34.61276],[-58.45954,-34.61374],[-58.45945,-34.61388],[-58.46013,-34.61414],[-58.46039,-34.61424],[-58.46067,-34.61435],[-58.46187,-34.6148],[-58.46303,-34.61523],[-58.4632,-34.6153],[-58.46414,-34.61564],[-58.46437,-34.61573],[-58.46447,-34.61576],[-58.46454,-34.61579],[-58.46454,-34.61579],[-58.46461,-34.61582],[-58.46554,-34.61622],[-58.46568,-34.61628],[-58.46665,-34.6167],[-58.46676,-34.61675],[-58.46796,-34.61727],[-58.46864,-34.61756],[-58.4688,-34.61764],[-58.46909,-34.6178],[-58.46934,-34.61792],[-58.46934,-34.61793],[-58.46937,-34.61794],[-58.46963,-34.61808],[-58.47039,-34.61849],[-58.4714,-34.61904],[-58.47162,-34.61915],[-58.47246,-34.6181],[-58.47326,-34.6171],[-58.47406,-34.61609],[-58.47486,-34.61509],[-58.47566,-34.61408],[-58.47646,-34.61308],[-58.47716,-34.61219],[-58.47726,-34.61207],[-58.47806,-34.61107],[-58.47886,-34.61007],[-58.47926,-34.60956],[-58.47966,-34.60906],[-58.48004,-34.60859],[-58.48041,-34.60813],[-58.48021,-34.60808],[-58.47981,-34.60798],[-58.47967,-34.60794],[-58.47921,-34.60783],[-58.4792,-34.60783],[-58.47894,-34.60776],[-58.47872,-34.6077],[-58.47762,-34.60736],[-58.47746,-34.6073],[-58.47733,-34.60725],[-58.4769,-34.60703],[-58.47636,-34.60675],[-58.47625,-34.60668],[-58.4762,-34.60665],[-58.47526,-34.60608],[-58.47511,-34.60599],[-58.47502,-34.60594],[-58.47495,-34.6059],[-58.47464,-34.6057],[-58.47434,-34.60551],[-58.47416,-34.6054],[-58.47402,-34.60531],[-58.47304,-34.60471],[-58.47298,-34.60467],[-58.47265,-34.60447],[-58.4718,-34.60394],[-58.47171,-34.60388],[-58.47161,-34.60382],[-58.47043,-34.60294],[-58.4702,-34.60281],[-58.47019,-34.60281],[-58.46929,-34.60216],[-58.46891,-34.60186],[-58.46877,-34.60189],[-58.46756,-34.60219],[-58.46749,-34.60221],[-58.46733,-34.60225],[-58.46608,-34.60256],[-58.4658,-34.60263],[-58.46528,-34.60276],[-58.46495,-34.60284],[-58.46436,-34.60299],[-58.46307,-34.60332],[-58.46291,-34.60336],[-58.46211,-34.60356],[-58.46159,-34.60369],[-58.46147,-34.60372],[-58.46054,-34.60396],[-58.46012,-34.60407],[-58.46002,-34.60409],[-58.45894,-34.60437]]]}},{"type":"Feature","properties":{"barrio":"Villa Lugano","comuna":8},"geometry":{"type":"Polygon","coordinates":[[[-58.46443,-34.66005],[-58.4646,-34.66021],[-58.46494,-34.66053],[-58.46543,-34.66105],[-58.46546,-34.66108],[-58.46546,-34.66108],[-58.46556,-34.66116],[-58.46588,-34.66144],[-58.46592,-34.66148],[-58.46603,-34.66157],[-58.46641,-34.6619],[-58.46648,-34.66196],[-58.46683,-34.66227],[-58.46683,-34.66227],[-58.46732,-34.66269],[-58.46732,-34.6627],[-58.46767,-34.66298],[-58.46778,-34.66307],[-58.46785,-34.66313],[-58.46845,-34.66365],[-58.4687,-34.66378],[-58.46889,-34.66382],[-58.46913,-34.66384],[-58.46924,-34.66387],[-58.46937,-34.66382],[-58.46964,-34.66365],[-58.46993,-34.66359],[-58.47019,-34.66361],[-58.47039,-34.66377],[-58.47046,-34.66411],[-58.47046,-34.66412],[-58.47046,-34.66421],[-58.47044,-34.66428],[-58.47041,-34.66437],[-58.47037,-34.66444],[-58.47016,-34.66467],[-58.46973,-34.665],[-58.46913,-34.66547],[-58.46856,-34.66589],[-58.46794,-34.66638],[-58.46524,-34.66848],[-58.46523,-34.66849],[-58.46477,-34.66888],[-58.46415,-34.66903],[-58.46365,-34.66915],[-58.46323,-34.66939],[-58.46289,-34.66977],[-58.46281,-34.66988],[-58.46265,-34.67009],[-58.46256,-34.67022],[-58.46247,-34.67035],[-58.46229,-34.67058],[-58.46226,-34.67062],[-58.46208,-34.67078],[-58.46185,-34.671],[-58.46183,-34.67102],[-58.46143,-34.67136],[-58.46126,-34.67151],[-58.46123,-34.67154],[-58.46003,-34.67256],[-58.45993,-34.67267],[-58.45987,-34.67275],[-58.45982,-34.67282],[-58.45981,-34.67285],[-58.45981,-34.67285],[-58.45977,-34.67294],[-58.45967,-34.67323],[-58.45964,-34.67338],[-58.45955,-34.67353],[-58.45955,-34.67353],[-58.45946,-34.67361],[-58.45941,-34.67365],[-58.4594,-34.67365],[-58.45923,-34.67373],[-58.459,-34.67375],[-58.45852,-34.67385],[-58.45773,-34.67438],[-58.45505,-34.67648],[-58.45447,-34.67694],[-58.45309,-34.67801],[-58.45293,-34.67813],[-58.45148,-34.67927],[-58.45094,-34.6797],[-58.45094,-34.6797],[-58.45078,-34.67984],[-58.45071,-34.67994],[-58.45064,-34.68004],[-58.45079,-34.6802],[-58.45082,-34.68024],[-58.45111,-34.6805],[-58.45113,-34.68052],[-58.45114,-34.68054],[-58.45137,-34.68075],[-58.45169,-34.68104],[-58.45173,-34.68108],[-58.45179,-34.68113],[-58.45217,-34.68148],[-58.45266,-34.68193],[-58.45281,-34.68207],[-58.4533,-34.68252],[-58.45402,-34.68319],[-58.45466,-34.68377],[-58.45542,-34.68447],[-58.45623,-34.68518],[-58.45631,-34.68524],[-58.45647,-34.68534],[-58.45674,-34.68554],[-58.45691,-34.68567],[-58.457,-34.68574],[-58.45751,-34.68621],[-58.45777,-34.68645],[-58.45829,-34.68693],[-58.45838,-34.68704],[-58.45849,-34.68717],[-58.4585,-34.68717],[-58.45861,-34.68732],[-58.45862,-34.68734],[-58.45878,-34.68754],[-58.45901,-34.68776],[-58.45946,-34.68818],[-58.46008,-34.68874],[-58.46064,-34.68926],[-58.461,-34.68959],[-58.46204,-34.69054],[-58.46269,-34.69114],[-58.4634,-34.69179],[-58.4641,-34.69124],[-58.46526,-34.69033],[-58.4654,-34.69022],[-58.46588,-34.68985],[-58.46642,-34.68942],[-58.46649,-34.68937],[-58.4666,-34.68928],[-58.4671,-34.68889],[-58.46758,-34.68851],[-58.46806,-34.68814],[-58.46867,-34.68766],[-58.46876,-34.68759],[-58.46881,-34.68755],[-58.46919,-34.68726],[-58.46956,-34.68697],[-58.46981,-34.68677],[-58.46993,-34.68668],[-58.47004,-34.68659],[-58.47052,-34.68622],[-58.4711,-34.68577],[-58.47121,-34.68568],[-58.47146,-34.68548],[-58.47174,-34.68526],[-58.47213,-34.68496],[-58.47215,-34.68494],[-58.4723,-34.68483],[-58.47238,-34.68477],[-58.47251,-34.68467],[-58.47326,-34.68409],[-58.47345,-34.68395],[-58.47462,-34.68304],[-58.47554,-34.68234],[-58.4758,-34.68214],[-58.47658,-34.68284],[-58.47685,-34.68308],[-58.47734,-34.68353],[-58.47762,-34.68379],[-58.4781,-34.68421],[-58.47816,-34.68427],[-58.47886,-34.6849],[-58.47962,-34.68559],[-58.47968,-34.68564],[-58.48038,-34.68628],[-58.48115,-34.68697],[-58.48191,-34.68765],[-58.48244,-34.68813],[-58.48273,-34.68839],[-58.4828,-34.68845],[-58.48294,-34.68858],[-58.48304,-34.68867],[-58.48317,-34.68879],[-58.48321,-34.68882],[-58.48335,-34.68895],[-58.48336,-34.68895],[-58.48337,-34.68894],[-58.484,-34.68846],[-58.48426,-34.68827],[-58.48476,-34.68789],[-58.48555,-34.68729],[-58.48567,-34.68721],[-58.48655,-34.68654],[-58.4871,-34.68613],[-58.48739,-34.68591],[-58.4888,-34.68485],[-58.49006,-34.6839],[-58.49145,-34.68285],[-58.49153,-34.68279],[-58.49326,-34.68149],[-58.49424,-34.68075],[-58.49502,-34.68016],[-58.49874,-34.67736],[-58.49902,-34.67715],[-58.50248,-34.67454],[-58.50252,-34.67451],[-58.50252,-34.6745],[-58.50252,-34.6745],[-58.50252,-34.6745],[-58.5025,-34.67449],[-58.50211,-34.67426],[-58.50197,-34.67418],[-58.50177,-34.67406],[-58.50164,-34.67398],[-58.50068,-34.67347],[-58.50052,-34.67338],[-58.5002,-34.67321],[-58.50012,-34.67317],[-58.49974,-34.67296],[-58.49913,-34.67263],[-58.49893,-34.67251],[-58.49872,-34.67239],[-58.49872,-34.67238],[-58.49857,-34.67228],[-58.49825,-34.67205],[-58.49791,-34.67181],[-58.49741,-34.67144],[-58.49704,-34.67118],[-58.49587,-34.67019],[-58.49574,-34.67006],[-58.49435,-34.66869],[-58.49361,-34.66796],[-58.49346,-34.6678],[-58.4926,-34.66687],[-58.49235,-34.66661],[-58.49214,-34.6664],[-58.49193,-34.66618],[-58.49176,-34.66601],[-58.49158,-34.66583],[-58.49158,-34.66583],[-58.49113,-34.66539],[-58.491,-34.66526],[-58.49008,-34.6644],[-58.48897,-34.66336],[-58.48895,-34.66335],[-58.48895,-34.66335],[-58.48895,-34.66335],[-58.48889,-34.66333],[-58.48886,-34.66332],[-58.48787,-34.66302],[-58.48713,-34.6628],[-58.48595,-34.66245],[-58.48594,-34.66245],[-58.48581,-34.66236],[-58.48536,-34.66208],[-58.48523,-34.66199],[-58.48504,-34.66187],[-58.48413,-34.66129],[-58.48323,-34.66072],[-58.48233,-34.66014],[-58.48143,-34.65956],[-58.48084,-34.65918],[-58.48053,-34.65898],[-58.4803,-34.65883],[-58.48017,-34.65874],[-58.47982,-34.65852],[-58.47972,-34.65845],[-58.47963,-34.6584],[-58.47955,-34.65834],[-58.47947,-34.65829],[-58.47946,-34.65829],[-58.47936,-34.65821],[-58.47885,-34.65787],[-58.47882,-34.65784],[-58.4784,-34.65818],[-58.47828,-34.65827],[-58.4779,-34.65858],[-58.4777,-34.65874],[-58.47704,-34.65925],[-58.47587,-34.66017],[-58.47571,-34.66029],[-58.47513,-34.66074],[-58.47509,-34.66078],[-58.47481,-34.66099],[-58.47444,-34.66128],[-58.47444,-34.66128],[-58.47432,-34.6614],[-58.47422,-34.6615],[-58.47363,-34.66196],[-58.47298,-34.66245],[-58.47259,-34.66272],[-58.47251,-34.66277],[-58.47201,-34.66164],[-58.47129,-34.66002],[-58.47073,-34.65878],[-58.47057,-34.65843],[-58.47057,-34.65843],[-58.47046,-34.6585],[-58.47045,-34.65851],[-58.47011,-34.65872],[-58.46987,-34.65888],[-58.46968,-34.65902],[-58.46967,-34.65902],[-58.46956,-34.6591],[-58.46955,-34.6591],[-58.46766,-34.65751],[-58.46719,-34.6579],[-58.46684,-34.65816],[-58.46671,-34.65826],[-58.46635,-34.65854],[-58.46627,-34.65859],[-58.46614,-34.6587],[-58.46578,-34.65897],[-58.46571,-34.65902],[-58.46519,-34.65942],[-58.46498,-34.65959],[-58.46486,-34.65969],[-58.4648,-34.65974],[-58.46446,-34.66003],[-58.46443,-34.66005]]]}},{"type":"Feature","properties":{"barrio":"Villa Luro","comuna":10},"geometry":{"type":"Polygon","coordinates":[[[-58.50729,-34.62759],[-58.50716,-34.62769],[-58.5063,-34.62832],[-58.50536,-34.62902],[-58.50431,-34.62979],[-58.50318,-34.63062],[-58.50269,-34.63098],[-58.50251,-34.63112],[-58.50217,-34.63137],[-58.50205,-34.63145],[-58.50164,-34.63176],[-58.50154,-34.63183],[-58.50104,-34.63221],[-58.50055,-34.632],[-58.50055,-34.632],[-58.49998,-34.63178],[-58.4997,-34.63195],[-58.49898,-34.63256],[-58.49898,-34.63256],[-58.49893,-34.63259],[-58.49831,-34.63308],[-58.49764,-34.63361],[-58.49716,-34.63399],[-58.49631,-34.63466],[-58.49544,-34.63534],[-58.4954,-34.63537],[-58.49476,-34.63587],[-58.49456,-34.63602],[-58.4938,-34.63665],[-58.49366,-34.63662],[-58.49316,-34.63652],[-58.49312,-34.63651],[-58.49332,-34.63696],[-58.49227,-34.63778],[-58.49182,-34.63813],[-58.49091,-34.63884],[-58.49039,-34.63925],[-58.49036,-34.63927],[-58.49006,-34.63951],[-58.48957,-34.6399],[-58.48874,-34.64056],[-58.48823,-34.64096],[-58.4878,-34.6413],[-58.48804,-34.64141],[-58.48871,-34.64173],[-58.48954,-34.64212],[-58.48962,-34.64216],[-58.49023,-34.64245],[-58.49032,-34.64249],[-58.49048,-34.64257],[-58.49059,-34.64262],[-58.49088,-34.64276],[-58.49163,-34.64312],[-58.49233,-34.64345],[-58.49366,-34.64409],[-58.49484,-34.64466],[-58.49496,-34.64469],[-58.49508,-34.64474],[-58.4953,-34.64485],[-58.49531,-34.64484],[-58.4954,-34.64477],[-58.49642,-34.64397],[-58.49668,-34.64377],[-58.49714,-34.64341],[-58.49818,-34.6439],[-58.49922,-34.64439],[-58.50025,-34.64487],[-58.50127,-34.64535],[-58.5023,-34.64582],[-58.50283,-34.64538],[-58.50333,-34.64498],[-58.50384,-34.64459],[-58.50435,-34.64421],[-58.50447,-34.64411],[-58.50566,-34.64321],[-58.50685,-34.64232],[-58.50696,-34.64223],[-58.50803,-34.64141],[-58.50921,-34.64052],[-58.50979,-34.64008],[-58.50982,-34.64001],[-58.51005,-34.63912],[-58.51031,-34.63812],[-58.51048,-34.63748],[-58.51051,-34.63737],[-58.50935,-34.63721],[-58.50567,-34.63672],[-58.50567,-34.63672],[-58.50574,-34.63666],[-58.50614,-34.63635],[-58.50633,-34.63619],[-58.50682,-34.63581],[-58.50696,-34.63589],[-58.50709,-34.63589],[-58.50765,-34.63589],[-58.50827,-34.63573],[-58.50883,-34.63555],[-58.50938,-34.63535],[-58.50954,-34.63529],[-58.50966,-34.63524],[-58.50966,-34.63524],[-58.50998,-34.6351],[-58.51,-34.63509],[-58.51067,-34.63482],[-58.51018,-34.63477],[-58.5096,-34.63472],[-58.5094,-34.6347],[-58.50922,-34.63468],[-58.50876,-34.63465],[-58.50839,-34.6346],[-58.50868,-34.63438],[-58.50908,-34.63406],[-58.5092,-34.63397],[-58.5101,-34.63328],[-58.51104,-34.63256],[-58.51204,-34.63179],[-58.51291,-34.63113],[-58.51302,-34.63104],[-58.51345,-34.63071],[-58.51404,-34.63026],[-58.51491,-34.62959],[-58.51512,-34.62942],[-58.51525,-34.62933],[-58.51556,-34.62908],[-58.51565,-34.62902],[-58.51591,-34.62881],[-58.51638,-34.62845],[-58.51555,-34.62771],[-58.51542,-34.62761],[-58.51468,-34.62695],[-58.51456,-34.62685],[-58.51444,-34.62674],[-58.51411,-34.62645],[-58.51367,-34.62606],[-58.51356,-34.62597],[-58.51294,-34.62541],[-58.51271,-34.62521],[-58.51265,-34.62516],[-58.51262,-34.62513],[-58.51249,-34.62502],[-58.51181,-34.62442],[-58.51177,-34.62439],[-58.51165,-34.62428],[-58.51121,-34.62461],[-58.51087,-34.62487],[-58.51073,-34.62498],[-58.51056,-34.62511],[-58.51018,-34.62541],[-58.51008,-34.6255],[-58.50936,-34.62605],[-58.50925,-34.62613],[-58.50831,-34.62683],[-58.50818,-34.62693],[-58.50729,-34.62759]]]}},{"type":"Feature","properties":{"barrio":"Villa Ortuzar","comuna":15},"geometry":{"type":"Polygon","coordinates":[[[-58.46336,-34.57501],[-58.46319,-34.57511],[-58.46238,-34.57603],[-58.46225,-34.57617],[-58.46161,-34.57684],[-58.46063,-34.57785],[-58.46055,-34.57794],[-58.46023,-34.5783],[-58.46052,-34.57829],[-58.46053,-34.57829],[-58.46053,-34.57967],[-58.46053,-34.58077],[-58.46053,-34.58185],[-58.46053,-34.58295],[-58.46054,-34.58405],[-58.46054,-34.58494],[-58.46047,-34.58504],[-58.46043,-34.5852],[-58.46045,-34.58529],[-58.46041,-34.5854],[-58.46038,-34.58553],[-58.46146,-34.58583],[-58.46187,-34.58604],[-58.46195,-34.58611],[-58.46298,-34.58698],[-58.46307,-34.58706],[-58.46453,-34.58842],[-58.46578,-34.5896],[-58.46683,-34.59059],[-58.46696,-34.59051],[-58.46696,-34.59051],[-58.46712,-34.59039],[-58.46766,-34.58996],[-58.46789,-34.58978],[-58.46808,-34.58963],[-58.46819,-34.58954],[-58.4689,-34.58899],[-58.46921,-34.58874],[-58.47023,-34.58793],[-58.4708,-34.58746],[-58.47082,-34.58745],[-58.47083,-34.58742],[-58.47084,-34.58742],[-58.47111,-34.58689],[-58.47213,-34.58496],[-58.47246,-34.58433],[-58.47298,-34.58334],[-58.47354,-34.58228],[-58.47365,-34.58206],[-58.47363,-34.582],[-58.47366,-34.58192],[-58.47363,-34.58185],[-58.47357,-34.58177],[-58.47386,-34.58167],[-58.47399,-34.58163],[-58.47431,-34.58127],[-58.47446,-34.5811],[-58.47468,-34.58084],[-58.47492,-34.58057],[-58.475,-34.58047],[-58.47542,-34.57996],[-58.4755,-34.57994],[-58.47667,-34.57966],[-58.47722,-34.57953],[-58.47899,-34.57913],[-58.47866,-34.57893],[-58.4782,-34.57867],[-58.47777,-34.57843],[-58.47733,-34.57818],[-58.47715,-34.57807],[-58.47559,-34.57719],[-58.47501,-34.57686],[-58.47498,-34.57684],[-58.47485,-34.57677],[-58.47462,-34.57664],[-58.47383,-34.57619],[-58.47373,-34.57614],[-58.47368,-34.57611],[-58.47355,-34.57603],[-58.47289,-34.57566],[-58.47274,-34.57557],[-58.47196,-34.57512],[-58.47181,-34.57503],[-58.47087,-34.5745],[-58.46993,-34.57396],[-58.46913,-34.57351],[-58.46829,-34.57303],[-58.46808,-34.57291],[-58.46736,-34.5725],[-58.46604,-34.57334],[-58.46499,-34.574],[-58.46336,-34.57501]]]}},{"type":"Feature","properties":{"barrio":"Villa Pueyrredon","comuna":12},"geometry":{"type":"Polygon","coordinates":[[[-58.50904,-34.57],[-58.50798,-34.57065],[-58.50788,-34.57071],[-58.50763,-34.57085],[-58.50712,-34.57114],[-58.50687,-34.57129],[-58.50679,-34.57134],[-58.50667,-34.57141],[-58.50648,-34.57151],[-58.50586,-34.57186],[-58.50554,-34.57203],[-58.50534,-34.57215],[-58.50513,-34.57227],[-58.50419,-34.57281],[-58.50395,-34.57295],[-58.50299,-34.57352],[-58.50295,-34.57355],[-58.50228,-34.57406],[-58.50173,-34.57448],[-58.50147,-34.57468],[-58.50133,-34.5748],[-58.50069,-34.57529],[-58.50015,-34.57571],[-58.49983,-34.57596],[-58.49966,-34.5761],[-58.49884,-34.57673],[-58.49803,-34.57736],[-58.49786,-34.5775],[-58.49722,-34.578],[-58.49702,-34.57815],[-58.49636,-34.57867],[-58.49591,-34.57903],[-58.49581,-34.5791],[-58.49556,-34.57929],[-58.49555,-34.5793],[-58.49542,-34.57941],[-58.49529,-34.5795],[-58.49446,-34.58013],[-58.49433,-34.58023],[-58.49362,-34.58077],[-58.49345,-34.58089],[-58.49324,-34.58102],[-58.49254,-34.58159],[-58.4924,-34.58171],[-58.49194,-34.58211],[-58.49175,-34.58227],[-58.49104,-34.58288],[-58.49052,-34.58333],[-58.49044,-34.5834],[-58.49026,-34.58355],[-58.48983,-34.58392],[-58.48951,-34.58421],[-58.48879,-34.58482],[-58.48897,-34.58493],[-58.48956,-34.5853],[-58.49029,-34.58576],[-58.49085,-34.58612],[-58.49141,-34.58647],[-58.49197,-34.58682],[-58.49254,-34.58718],[-58.49366,-34.58789],[-58.49389,-34.58803],[-58.49422,-34.58824],[-58.49479,-34.58859],[-58.49536,-34.58895],[-58.49559,-34.58909],[-58.49593,-34.5893],[-58.49707,-34.59],[-58.4982,-34.5907],[-58.49949,-34.59149],[-58.50082,-34.59232],[-58.50193,-34.593],[-58.50214,-34.59313],[-58.50331,-34.59386],[-58.50347,-34.59395],[-58.50412,-34.59324],[-58.50477,-34.59252],[-58.50528,-34.59195],[-58.50542,-34.5918],[-58.50607,-34.59108],[-58.50672,-34.59036],[-58.5075,-34.5895],[-58.50824,-34.58868],[-58.50902,-34.58782],[-58.50979,-34.58697],[-58.51049,-34.58619],[-58.51104,-34.58559],[-58.51115,-34.58546],[-58.51181,-34.58474],[-58.51236,-34.58413],[-58.51247,-34.58401],[-58.51327,-34.58312],[-58.5134,-34.58298],[-58.51381,-34.58252],[-58.51392,-34.5824],[-58.51452,-34.58174],[-58.51457,-34.58169],[-58.51458,-34.58168],[-58.51458,-34.58168],[-58.51465,-34.58161],[-58.51474,-34.58152],[-58.51485,-34.58141],[-58.51485,-34.58141],[-58.5149,-34.58136],[-58.51497,-34.58132],[-58.515,-34.58131],[-58.51516,-34.5813],[-58.5153,-34.58129],[-58.51546,-34.58128],[-58.51553,-34.58127],[-58.5154,-34.58098],[-58.51382,-34.57768],[-58.51271,-34.57534],[-58.51105,-34.57186],[-58.51033,-34.57035],[-58.51032,-34.57032],[-58.51032,-34.57032],[-58.51029,-34.57027],[-58.50992,-34.56938],[-58.50988,-34.56927],[-58.50987,-34.56927],[-58.50987,-34.56927],[-58.50985,-34.5693],[-58.50984,-34.56931],[-58.5098,-34.56937],[-58.50968,-34.5695],[-58.50968,-34.56951],[-58.50957,-34.56962],[-58.50952,-34.56967],[-58.50948,-34.5697],[-58.50939,-34.56978],[-58.50931,-34.56985],[-58.50925,-34.5699],[-58.50923,-34.56991],[-58.50904,-34.57]]]}},{"type":"Feature","properties":{"barrio":"Villa Real","comuna":10},"geometry":{"type":"Polygon","coordinates":[[[-58.51695,-34.62021],[-58.5174,-34.62062],[-58.51743,-34.62065],[-58.51755,-34.62076],[-58.51791,-34.62107],[-58.51829,-34.62142],[-58.51839,-34.62151],[-58.51889,-34.62195],[-58.51938,-34.62239],[-58.51958,-34.62257],[-58.51989,-34.62285],[-58.51989,-34.62285],[-58.52029,-34.6232],[-58.52069,-34.62356],[-58.52117,-34.62399],[-58.52163,-34.6244],[-58.52283,-34.62349],[-58.52333,-34.62374],[-58.52361,-34.62388],[-58.52396,-34.62406],[-58.5241,-34.62413],[-58.52417,-34.62416],[-58.52528,-34.62473],[-58.52584,-34.62502],[-58.52634,-34.62527],[-58.52684,-34.62552],[-58.52694,-34.62558],[-58.52785,-34.62604],[-58.52823,-34.62623],[-58.52836,-34.62629],[-58.52886,-34.62655],[-58.52916,-34.6267],[-58.52937,-34.62681],[-58.52981,-34.62704],[-58.53007,-34.62716],[-58.53021,-34.62723],[-58.53036,-34.62731],[-58.53074,-34.62749],[-58.5308,-34.62752],[-58.5308,-34.62752],[-58.53152,-34.61549],[-58.53107,-34.6145],[-58.52947,-34.6109],[-58.5294,-34.61094],[-58.52934,-34.61098],[-58.52901,-34.61123],[-58.52894,-34.61128],[-58.52889,-34.61131],[-58.52855,-34.61151],[-58.52816,-34.6118],[-58.52775,-34.61209],[-58.52735,-34.61239],[-58.52694,-34.61269],[-58.52653,-34.61299],[-58.52585,-34.61349],[-58.52571,-34.61359],[-58.52561,-34.61366],[-58.52543,-34.61378],[-58.52542,-34.61379],[-58.52511,-34.614],[-58.52511,-34.614],[-58.52508,-34.61398],[-58.52506,-34.61396],[-58.52427,-34.6146],[-58.52412,-34.61472],[-58.52312,-34.61551],[-58.52196,-34.61639],[-58.52101,-34.61711],[-58.52089,-34.6172],[-58.52033,-34.61763],[-58.52012,-34.6178],[-58.51948,-34.61829],[-58.51934,-34.6184],[-58.5189,-34.61873],[-58.51867,-34.61891],[-58.51854,-34.61901],[-58.51821,-34.61926],[-58.51774,-34.61961],[-58.51695,-34.62021]]]}},{"type":"Feature","properties":{"barrio":"Villa Riachuelo","comuna":8},"geometry":{"type":"Polygon","coordinates":[[[-58.4443,-34.68493],[-58.4443,-34.68493],[-58.4443,-34.68493],[-58.44432,-34.68496],[-58.44432,-34.68496],[-58.44435,-34.68499],[-58.44444,-34.6851],[-58.44444,-34.68511],[-58.44448,-34.68515],[-58.45124,-34.69318],[-58.45798,-34.70109],[-58.45892,-34.7022],[-58.46031,-34.70381],[-58.46034,-34.70384],[-58.46043,-34.70391],[-58.46051,-34.70399],[-58.46051,-34.70399],[-58.46052,-34.704],[-58.46059,-34.70407],[-58.46066,-34.70415],[-58.46078,-34.70428],[-58.4609,-34.70441],[-58.46101,-34.70455],[-58.46104,-34.70458],[-58.46105,-34.70459],[-58.46111,-34.70465],[-58.46172,-34.70529],[-58.46172,-34.70529],[-58.46174,-34.70527],[-58.46175,-34.70526],[-58.46175,-34.70526],[-58.46184,-34.7052],[-58.46187,-34.70517],[-58.4621,-34.705],[-58.4622,-34.70493],[-58.46238,-34.70479],[-58.46238,-34.70479],[-58.46413,-34.70347],[-58.46658,-34.70162],[-58.47199,-34.69753],[-58.47253,-34.69712],[-58.47406,-34.69597],[-58.48216,-34.68985],[-58.48216,-34.68985],[-58.48249,-34.6896],[-58.48249,-34.6896],[-58.48279,-34.68938],[-58.48328,-34.68901],[-58.48328,-34.68901],[-58.48335,-34.68896],[-58.48335,-34.68895],[-58.48335,-34.68895],[-58.48321,-34.68882],[-58.48317,-34.68879],[-58.48304,-34.68867],[-58.48294,-34.68858],[-58.4828,-34.68845],[-58.48273,-34.68839],[-58.48244,-34.68813],[-58.48191,-34.68765],[-58.48115,-34.68697],[-58.48038,-34.68628],[-58.47968,-34.68564],[-58.47962,-34.68559],[-58.47886,-34.6849],[-58.47816,-34.68427],[-58.4781,-34.68421],[-58.47762,-34.68379],[-58.47734,-34.68353],[-58.47685,-34.68308],[-58.47658,-34.68284],[-58.4758,-34.68214],[-58.47554,-34.68234],[-58.47462,-34.68304],[-58.47345,-34.68395],[-58.47326,-34.68409],[-58.47251,-34.68467],[-58.47238,-34.68477],[-58.4723,-34.68483],[-58.47215,-34.68494],[-58.47213,-34.68496],[-58.47174,-34.68526],[-58.47146,-34.68548],[-58.47121,-34.68568],[-58.4711,-34.68577],[-58.47052,-34.68622],[-58.47004,-34.68659],[-58.46993,-34.68668],[-58.46981,-34.68677],[-58.46956,-34.68697],[-58.46919,-34.68726],[-58.46881,-34.68755],[-58.46876,-34.68759],[-58.46867,-34.68766],[-58.46806,-34.68814],[-58.46758,-34.68851],[-58.4671,-34.68889],[-58.4666,-34.68928],[-58.46649,-34.68937],[-58.46642,-34.68942],[-58.46588,-34.68985],[-58.4654,-34.69022],[-58.46526,-34.69033],[-58.4641,-34.69124],[-58.4634,-34.69179],[-58.46269,-34.69114],[-58.46204,-34.69054],[-58.461,-34.68959],[-58.46064,-34.68926],[-58.46008,-34.68874],[-58.45946,-34.68818],[-58.45901,-34.68776],[-58.45878,-34.68754],[-58.45862,-34.68734],[-58.45861,-34.68732],[-58.4585,-34.68717],[-58.45849,-34.68717],[-58.45838,-34.68704],[-58.45829,-34.68693],[-58.45777,-34.68645],[-58.45751,-34.68621],[-58.457,-34.68574],[-58.45691,-34.68567],[-58.45674,-34.68554],[-58.45647,-34.68534],[-58.45631,-34.68524],[-58.45623,-34.68518],[-58.45542,-34.68447],[-58.45466,-34.68377],[-58.45402,-34.68319],[-58.4533,-34.68252],[-58.45281,-34.68207],[-58.45266,-34.68193],[-58.45217,-34.68148],[-58.45179,-34.68113],[-58.45173,-34.68108],[-58.45169,-34.68104],[-58.45137,-34.68075],[-58.45114,-34.68054],[-58.45116,-34.68059],[-58.45118,-34.68063],[-58.45119,-34.68065],[-58.45118,-34.68067],[-58.45117,-34.68073],[-58.45117,-34.68075],[-58.45115,-34.68076],[-58.4511,-34.68082],[-58.45105,-34.68084],[-58.45097,-34.68086],[-58.45088,-34.68086],[-58.45079,-34.68083],[-58.45066,-34.68075],[-58.45032,-34.68043],[-58.45013,-34.68043],[-58.44994,-34.6805],[-58.44978,-34.68061],[-58.44863,-34.68152],[-58.44451,-34.68476],[-58.44439,-34.68485],[-58.4443,-34.68493]]]}},{"type":"Feature","properties":{"barrio":"Villa Santa Rita","comuna":11},"geometry":{"type":"Polygon","coordinates":[[[-58.47162,-34.61915],[-58.47264,-34.6197],[-58.47279,-34.61977],[-58.47293,-34.61985],[-58.47419,-34.6205],[-58.47451,-34.62066],[-58.4755,-34.62118],[-58.47575,-34.62131],[-58.47603,-34.62146],[-58.47674,-34.62183],[-58.47781,-34.62238],[-58.47801,-34.62249],[-58.47812,-34.62254],[-58.47829,-34.62264],[-58.4788,-34.62291],[-58.47938,-34.62319],[-58.47976,-34.62335],[-58.48074,-34.62378],[-58.48173,-34.62421],[-58.48179,-34.62423],[-58.48182,-34.62424],[-58.48189,-34.62427],[-58.48189,-34.62427],[-58.48192,-34.62429],[-58.48274,-34.62463],[-58.48339,-34.62411],[-58.48404,-34.62359],[-58.48497,-34.62284],[-58.48511,-34.62273],[-58.48618,-34.62188],[-58.48726,-34.62102],[-58.4882,-34.62027],[-58.48834,-34.62016],[-58.48941,-34.6193],[-58.49049,-34.61845],[-58.49062,-34.61835],[-58.49156,-34.61759],[-58.49264,-34.61673],[-58.49371,-34.61587],[-58.49383,-34.61577],[-58.49478,-34.61502],[-58.49461,-34.61486],[-58.49406,-34.61439],[-58.49344,-34.61386],[-58.49331,-34.61375],[-58.49304,-34.61351],[-58.49226,-34.61286],[-58.4917,-34.61243],[-58.49123,-34.61208],[-58.49073,-34.6117],[-58.49068,-34.61166],[-58.49025,-34.61134],[-58.4901,-34.61122],[-58.48927,-34.61059],[-58.48914,-34.61048],[-58.48893,-34.61033],[-58.4889,-34.61031],[-58.48866,-34.61014],[-58.48865,-34.61014],[-58.48865,-34.61013],[-58.4882,-34.61002],[-58.48816,-34.61001],[-58.48813,-34.61],[-58.48798,-34.60997],[-58.48782,-34.60994],[-58.48647,-34.60961],[-58.48628,-34.60957],[-58.48609,-34.60952],[-58.48606,-34.60951],[-58.48574,-34.60943],[-58.48538,-34.60935],[-58.48516,-34.60929],[-58.48499,-34.60925],[-58.48465,-34.60917],[-58.48435,-34.60909],[-58.48406,-34.60902],[-58.48367,-34.60893],[-58.48343,-34.60887],[-58.48221,-34.60857],[-58.48197,-34.60851],[-58.48132,-34.60835],[-58.48041,-34.60813],[-58.48004,-34.60859],[-58.47966,-34.60906],[-58.47926,-34.60956],[-58.47886,-34.61007],[-58.47806,-34.61107],[-58.47726,-34.61207],[-58.47716,-34.61219],[-58.47646,-34.61308],[-58.47566,-34.61408],[-58.47486,-34.61509],[-58.47406,-34.61609],[-58.47326,-34.6171],[-58.47246,-34.6181],[-58.47162,-34.61915]]]}},{"type":"Feature","properties":{"barrio":"Villa Soldati","comuna":8},"geometry":{"type":"Polygon","coordinates":[[[-58.43443,-34.65311],[-58.43308,-34.6541],[-58.43212,-34.6548],[-58.43199,-34.65489],[-58.43139,-34.65533],[-58.43129,-34.65543],[-58.43094,-34.65562],[-58.43081,-34.65569],[-58.4307,-34.65579],[-58.42984,-34.65644],[-58.42963,-34.65659],[-58.42949,-34.6567],[-58.42916,-34.65694],[-58.42891,-34.65712],[-58.4288,-34.6572],[-58.42867,-34.65729],[-58.42797,-34.65779],[-58.42783,-34.65789],[-58.42777,-34.65794],[-58.42728,-34.65828],[-58.42714,-34.65839],[-58.42688,-34.65858],[-58.42675,-34.65867],[-58.42644,-34.65907],[-58.42635,-34.65918],[-58.42572,-34.65996],[-58.42531,-34.66047],[-58.42509,-34.66073],[-58.42503,-34.66081],[-58.42494,-34.66092],[-58.42469,-34.66122],[-58.42422,-34.66183],[-58.4242,-34.66185],[-58.42419,-34.66185],[-58.42415,-34.6619],[-58.42413,-34.66194],[-58.42412,-34.66194],[-58.42404,-34.66205],[-58.42409,-34.66207],[-58.42413,-34.6621],[-58.42417,-34.66212],[-58.42417,-34.66212],[-58.4242,-34.66214],[-58.42421,-34.66215],[-58.42422,-34.66217],[-58.42424,-34.6622],[-58.42426,-34.66223],[-58.42429,-34.66226],[-58.4243,-34.66227],[-58.42434,-34.66231],[-58.42439,-34.66235],[-58.42439,-34.66235],[-58.42443,-34.66239],[-58.42451,-34.66244],[-58.42454,-34.66246],[-58.42461,-34.6625],[-58.4248,-34.66262],[-58.42483,-34.66264],[-58.42486,-34.66266],[-58.42495,-34.6627],[-58.425,-34.66273],[-58.42504,-34.66274],[-58.42509,-34.66277],[-58.4251,-34.66277],[-58.42515,-34.66281],[-58.42521,-34.66285],[-58.42541,-34.663],[-58.42577,-34.66328],[-58.42577,-34.66328],[-58.42582,-34.66337],[-58.42607,-34.66361],[-58.42621,-34.66373],[-58.42621,-34.66373],[-58.42634,-34.6638],[-58.42634,-34.66381],[-58.42661,-34.6641],[-58.42661,-34.6641],[-58.42673,-34.66415],[-58.42673,-34.66415],[-58.42685,-34.66431],[-58.42695,-34.66439],[-58.4274,-34.66488],[-58.42787,-34.66546],[-58.42818,-34.66589],[-58.42818,-34.66589],[-58.42827,-34.66588],[-58.42827,-34.66588],[-58.42838,-34.66602],[-58.42841,-34.66606],[-58.42844,-34.66609],[-58.42852,-34.66618],[-58.42853,-34.66618],[-58.42859,-34.66626],[-58.42861,-34.66628],[-58.42861,-34.66628],[-58.42861,-34.66628],[-58.42865,-34.66633],[-58.42876,-34.66646],[-58.42878,-34.66653],[-58.42898,-34.66684],[-58.42913,-34.66703],[-58.42913,-34.66703],[-58.42925,-34.66713],[-58.43009,-34.66804],[-58.4301,-34.66805],[-58.43012,-34.66808],[-58.43067,-34.66874],[-58.43074,-34.66884],[-58.43148,-34.6697],[-58.43233,-34.67067],[-58.43246,-34.67084],[-58.43263,-34.67104],[-58.43263,-34.67105],[-58.43267,-34.67109],[-58.43268,-34.6711],[-58.4329,-34.67138],[-58.43309,-34.6716],[-58.43312,-34.67165],[-58.43322,-34.67176],[-58.43336,-34.67191],[-58.43344,-34.672],[-58.43345,-34.67201],[-58.43351,-34.67207],[-58.43351,-34.67208],[-58.43362,-34.67221],[-58.43367,-34.67226],[-58.43368,-34.67228],[-58.43372,-34.67232],[-58.43372,-34.67232],[-58.43391,-34.67254],[-58.43408,-34.67274],[-58.43409,-34.67276],[-58.43454,-34.6733],[-58.43457,-34.67332],[-58.43465,-34.67342],[-58.43465,-34.67343],[-58.43516,-34.67405],[-58.4352,-34.67408],[-58.43524,-34.67414],[-58.43567,-34.67465],[-58.43569,-34.67468],[-58.4359,-34.67494],[-58.43623,-34.67533],[-58.4363,-34.67541],[-58.43682,-34.67604],[-58.43682,-34.67604],[-58.43728,-34.67659],[-58.43734,-34.67666],[-58.43847,-34.67801],[-58.43863,-34.6782],[-58.4393,-34.679],[-58.43953,-34.67928],[-58.43962,-34.67938],[-58.43969,-34.67947],[-58.43975,-34.67953],[-58.43978,-34.67957],[-58.43978,-34.67958],[-58.44049,-34.68035],[-58.44095,-34.68098],[-58.44095,-34.68099],[-58.44194,-34.68218],[-58.44195,-34.68219],[-58.44205,-34.68232],[-58.44206,-34.68232],[-58.44384,-34.68439],[-58.44411,-34.6847],[-58.44417,-34.68478],[-58.44424,-34.68487],[-58.4443,-34.68493],[-58.44439,-34.68485],[-58.44451,-34.68476],[-58.44863,-34.68152],[-58.44978,-34.68061],[-58.44994,-34.6805],[-58.45013,-34.68043],[-58.45032,-34.68043],[-58.45066,-34.68075],[-58.45079,-34.68083],[-58.45088,-34.68086],[-58.45097,-34.68086],[-58.45105,-34.68084],[-58.4511,-34.68082],[-58.45115,-34.68076],[-58.45117,-34.68075],[-58.45117,-34.68073],[-58.45118,-34.68067],[-58.45119,-34.68065],[-58.45118,-34.68063],[-58.45116,-34.68059],[-58.45114,-34.68054],[-58.45113,-34.68052],[-58.45111,-34.6805],[-58.45082,-34.68024],[-58.45079,-34.6802],[-58.45064,-34.68004],[-58.45071,-34.67994],[-58.45078,-34.67984],[-58.45094,-34.6797],[-58.45094,-34.6797],[-58.45148,-34.67927],[-58.45293,-34.67813],[-58.45309,-34.67801],[-58.45447,-34.67694],[-58.45505,-34.67648],[-58.45773,-34.67438],[-58.45852,-34.67385],[-58.459,-34.67375],[-58.45923,-34.67373],[-58.4594,-34.67365],[-58.45941,-34.67365],[-58.45946,-34.67361],[-58.45955,-34.67353],[-58.45955,-34.67353],[-58.45964,-34.67338],[-58.45967,-34.67323],[-58.45977,-34.67294],[-58.45981,-34.67285],[-58.45981,-34.67285],[-58.45982,-34.67282],[-58.45987,-34.67275],[-58.45993,-34.67267],[-58.46003,-34.67256],[-58.46123,-34.67154],[-58.46126,-34.67151],[-58.46143,-34.67136],[-58.46183,-34.67102],[-58.46185,-34.671],[-58.46208,-34.67078],[-58.46226,-34.67062],[-58.46229,-34.67058],[-58.46247,-34.67035],[-58.46256,-34.67022],[-58.46265,-34.67009],[-58.46281,-34.66988],[-58.46289,-34.66977],[-58.46323,-34.66939],[-58.46365,-34.66915],[-58.46415,-34.66903],[-58.46477,-34.66888],[-58.46523,-34.66849],[-58.46524,-34.66848],[-58.46794,-34.66638],[-58.46856,-34.66589],[-58.46913,-34.66547],[-58.46973,-34.665],[-58.47016,-34.66467],[-58.47037,-34.66444],[-58.47041,-34.66437],[-58.47044,-34.66428],[-58.47046,-34.66421],[-58.47046,-34.66412],[-58.47046,-34.66411],[-58.47039,-34.66377],[-58.47019,-34.66361],[-58.46993,-34.66359],[-58.46964,-34.66365],[-58.46937,-34.66382],[-58.46924,-34.66387],[-58.46913,-34.66384],[-58.46889,-34.66382],[-58.4687,-34.66378],[-58.46845,-34.66365],[-58.46785,-34.66313],[-58.46778,-34.66307],[-58.46767,-34.66298],[-58.46732,-34.6627],[-58.46732,-34.66269],[-58.46683,-34.66227],[-58.46683,-34.66227],[-58.46648,-34.66196],[-58.46641,-34.6619],[-58.46603,-34.66157],[-58.46592,-34.66148],[-58.46588,-34.66144],[-58.46556,-34.66116],[-58.46546,-34.66108],[-58.46546,-34.66108],[-58.46543,-34.66105],[-58.46494,-34.66053],[-58.4646,-34.66021],[-58.46443,-34.66005],[-58.46443,-34.66005],[-58.46406,-34.65976],[-58.46204,-34.65823],[-58.46193,-34.65815],[-58.46169,-34.65796],[-58.46164,-34.65793],[-58.46164,-34.65793],[-58.46158,-34.65788],[-58.46128,-34.65762],[-58.46071,-34.65712],[-58.4604,-34.6568],[-58.4604,-34.6568],[-58.4604,-34.6568],[-58.46037,-34.65677],[-58.46035,-34.65675],[-58.4603,-34.65671],[-58.45967,-34.65618],[-58.45925,-34.65581],[-58.4592,-34.65577],[-58.45893,-34.65558],[-58.45858,-34.6553],[-58.45834,-34.65511],[-58.45834,-34.6551],[-58.45802,-34.65483],[-58.45761,-34.65448],[-58.45711,-34.65405],[-58.457,-34.65393],[-58.45555,-34.65272],[-58.45548,-34.65266],[-58.45533,-34.65254],[-58.45532,-34.65253],[-58.45532,-34.65253],[-58.4553,-34.65251],[-58.45525,-34.65247],[-58.45525,-34.65246],[-58.45506,-34.6523],[-58.45501,-34.65223],[-58.45494,-34.65216],[-58.45492,-34.65212],[-58.45486,-34.65199],[-58.45482,-34.65184],[-58.4548,-34.65177],[-58.45477,-34.65149],[-58.45475,-34.65143],[-58.45473,-34.65133],[-58.4547,-34.65115],[-58.45464,-34.65082],[-58.45382,-34.6509],[-58.45334,-34.65095],[-58.45286,-34.65099],[-58.45198,-34.65108],[-58.45197,-34.65108],[-58.45154,-34.65109],[-58.45103,-34.65111],[-58.45103,-34.65111],[-58.44913,-34.65116],[-58.44883,-34.65117],[-58.44767,-34.65112],[-58.44495,-34.65101],[-58.44462,-34.65095],[-58.44441,-34.65106],[-58.44352,-34.65117],[-58.44332,-34.65119],[-58.4433,-34.65134],[-58.44327,-34.65143],[-58.44325,-34.65147],[-58.44324,-34.65149],[-58.44321,-34.65157],[-58.44316,-34.65166],[-58.44311,-34.65172],[-58.44306,-34.65179],[-58.44301,-34.65185],[-58.44295,-34.6519],[-58.44291,-34.65193],[-58.4429,-34.65194],[-58.4429,-34.65194],[-58.44282,-34.652],[-58.44279,-34.65203],[-58.44278,-34.65203],[-58.44275,-34.65206],[-58.44265,-34.65214],[-58.44163,-34.65293],[-58.44153,-34.65301],[-58.44055,-34.65377],[-58.4404,-34.65389],[-58.43949,-34.6546],[-58.43885,-34.6551],[-58.43842,-34.65549],[-58.43809,-34.65574],[-58.43801,-34.6558],[-58.43773,-34.65559],[-58.43759,-34.65548],[-58.43731,-34.65526],[-58.4371,-34.6551],[-58.43602,-34.65437],[-58.43506,-34.65361],[-58.43443,-34.65311]]]}},{"type":"Feature","properties":{"barrio":"Villa Urquiza","comuna":12},"geometry":{"type":"Polygon","coordinates":[[[-58.47299,-34.56644],[-58.47337,-34.56666],[-58.47278,-34.56735],[-58.47196,-34.56832],[-58.47118,-34.56925],[-58.47042,-34.57015],[-58.46959,-34.57113],[-58.46884,-34.57201],[-58.46808,-34.57291],[-58.46829,-34.57303],[-58.46913,-34.57351],[-58.46993,-34.57396],[-58.47087,-34.5745],[-58.47181,-34.57503],[-58.47196,-34.57512],[-58.47274,-34.57557],[-58.47289,-34.57566],[-58.47355,-34.57603],[-58.47368,-34.57611],[-58.47373,-34.57614],[-58.47383,-34.57619],[-58.47462,-34.57664],[-58.47485,-34.57677],[-58.47498,-34.57684],[-58.47501,-34.57686],[-58.47559,-34.57719],[-58.47715,-34.57807],[-58.47733,-34.57818],[-58.47777,-34.57843],[-58.4782,-34.57867],[-58.47866,-34.57893],[-58.47899,-34.57913],[-58.47923,-34.57927],[-58.48018,-34.57982],[-58.48031,-34.57989],[-58.48048,-34.57999],[-58.48099,-34.58029],[-58.48113,-34.58037],[-58.48215,-34.58096],[-58.48301,-34.58147],[-58.48313,-34.58154],[-58.48412,-34.58211],[-58.48475,-34.58247],[-58.48509,-34.58268],[-58.48582,-34.5831],[-58.48596,-34.58318],[-58.48703,-34.5838],[-58.4881,-34.58442],[-58.48879,-34.58482],[-58.48951,-34.58421],[-58.48983,-34.58392],[-58.49026,-34.58355],[-58.49044,-34.5834],[-58.49052,-34.58333],[-58.49104,-34.58288],[-58.49175,-34.58227],[-58.49194,-34.58211],[-58.4924,-34.58171],[-58.49254,-34.58159],[-58.49324,-34.58102],[-58.49345,-34.58089],[-58.49362,-34.58077],[-58.49433,-34.58023],[-58.49446,-34.58013],[-58.49529,-34.5795],[-58.49542,-34.57941],[-58.49555,-34.5793],[-58.49556,-34.57929],[-58.49581,-34.5791],[-58.49591,-34.57903],[-58.49636,-34.57867],[-58.49702,-34.57815],[-58.49722,-34.578],[-58.49786,-34.5775],[-58.49803,-34.57736],[-58.49884,-34.57673],[-58.49966,-34.5761],[-58.49983,-34.57596],[-58.50015,-34.57571],[-58.50069,-34.57529],[-58.50133,-34.5748],[-58.50147,-34.57468],[-58.50173,-34.57448],[-58.50228,-34.57406],[-58.50295,-34.57355],[-58.50299,-34.57352],[-58.50395,-34.57295],[-58.50419,-34.57281],[-58.50513,-34.57227],[-58.50534,-34.57215],[-58.50554,-34.57203],[-58.50586,-34.57186],[-58.50648,-34.57151],[-58.50667,-34.57141],[-58.50679,-34.57134],[-58.50687,-34.57129],[-58.50712,-34.57114],[-58.50763,-34.57085],[-58.50788,-34.57071],[-58.50798,-34.57065],[-58.50904,-34.57],[-58.50882,-34.56951],[-58.5086,-34.56939],[-58.50842,-34.5693],[-58.50732,-34.56876],[-58.50626,-34.56824],[-58.50521,-34.56772],[-58.50507,-34.56766],[-58.50466,-34.56745],[-58.50424,-34.56725],[-58.5041,-34.56718],[-58.50409,-34.56717],[-58.50396,-34.5671],[-58.50333,-34.56679],[-58.50271,-34.56649],[-58.50256,-34.56642],[-58.502,-34.56614],[-58.50188,-34.56608],[-58.50144,-34.56587],[-58.50086,-34.56559],[-58.50023,-34.56529],[-58.49971,-34.56504],[-58.49914,-34.56476],[-58.49905,-34.56472],[-58.49799,-34.56421],[-58.49786,-34.56415],[-58.49682,-34.56365],[-58.49659,-34.56354],[-58.49542,-34.56297],[-58.49429,-34.56243],[-58.49413,-34.56235],[-58.49288,-34.56176],[-58.49193,-34.5613],[-58.49183,-34.56144],[-58.49099,-34.56265],[-58.49052,-34.56242],[-58.4904,-34.56237],[-58.49004,-34.5622],[-58.48928,-34.56183],[-58.48909,-34.56174],[-58.48831,-34.56137],[-58.48829,-34.56137],[-58.48827,-34.56136],[-58.48813,-34.56129],[-58.48732,-34.5609],[-58.48717,-34.56083],[-58.48639,-34.56046],[-58.48625,-34.56039],[-58.4853,-34.55994],[-58.48517,-34.55988],[-58.48502,-34.55981],[-58.48499,-34.55979],[-58.48435,-34.55948],[-58.4837,-34.55917],[-58.48356,-34.5591],[-58.48116,-34.5625],[-58.48098,-34.56264],[-58.48023,-34.56324],[-58.48037,-34.56332],[-58.48007,-34.56351],[-58.47991,-34.56361],[-58.47972,-34.5637],[-58.47954,-34.56377],[-58.47905,-34.56393],[-58.47931,-34.56407],[-58.47912,-34.56424],[-58.47815,-34.5651],[-58.47718,-34.56597],[-58.47636,-34.5667],[-58.47619,-34.56685],[-58.47512,-34.56622],[-58.47467,-34.56674],[-58.47466,-34.56674],[-58.47459,-34.56681],[-58.47361,-34.56657],[-58.47353,-34.56655],[-58.47299,-34.56644]]]}}]}