{"type":"FeatureCollection","features":[{"type":"Feature","properties":{"nombre":"PERON, JUAN DOMINGO, TTE. GENERAL","tipo":"Ciclovías mano única","barrio":"San Nicolas"},"geometry":{"type":"LineString","coordinates":[[-58.380263,-34.606056],[-58.380695,-34.606077],[-58.380839,-34.606084]]}},{"type":"Feature","properties":{"nombre":"RINCON","tipo":"Ciclovías","barrio":"San Cristobal"},"geometry":{"type":"LineString","coordinates":[[-58.395928,-34.619562],[-58.395918,-34.61966],[-58.395808,-34.620627]]}},{"type":"Feature","properties":{"nombre":"NUEVA YORK","tipo":"Ciclovías","barrio":"Agronomia"},"geometry":{"type":"LineString","coordinates":[[-58.496419,-34.590714],[-58.497399,-34.59132],[-58.497554,-34.591416]]}},{"type":"Feature","properties":{"nombre":"ESTADOS UNIDOS","tipo":"Ciclovías","barrio":"Boedo"},"geometry":{"type":"LineString","coordinates":[[-58.422709,-34.623068],[-58.423478,-34.623146]]}},{"type":"Feature","properties":{"nombre":"ESTRADA","tipo":"Ciclovías","barrio":"Parque Chacabuco"},"geometry":{"type":"LineString","coordinates":[[-58.425981,-34.630451],[-58.427404,-34.630652]]}},{"type":"Feature","properties":{"nombre":"FIGUEROA ALCORTA, PRES. AV.","tipo":"Ciclovías","barrio":"Palermo"},"geometry":{"type":"LineString","coordinates":[[-58.423371,-34.562679],[-58.423576,-34.562408],[-58.423725,-34.562234],[-58.423905,-34.562017]]}},{"type":"Feature","properties":{"nombre":"DEL LIBERTADOR AV.","tipo":"Ciclovías","barrio":"Palermo"},"geometry":{"type":"LineString","coordinates":[[-58.413161,-34.575797],[-58.413709,-34.575356],[-58.414396,-34.575017],[-58.414631,-34.574822]]}},{"type":"Feature","properties":{"nombre":"CHACO","tipo":"Ciclovías","barrio":"Caballito"},"geometry":{"type":"LineString","coordinates":[[-58.431495,-34.617569],[-58.431768,-34.617632]]}},{"type":"Feature","properties":{"nombre":"CEVALLOS, VIRREY","tipo":"Ciclovías","barrio":"Constitucion"},"geometry":{"type":"LineString","coordinates":[[-58.388841,-34.620052],[-58.388829,-34.620236],[-58.388745,-34.621386]]}},{"type":"Feature","properties":{"nombre":"FRAY CAYETANO RODRIGUEZ","tipo":"Ciclovías","barrio":"Flores"},"geometry":{"type":"LineString","coordinates":[[-58.467808,-34.619281],[-58.468426,-34.618258]]}},{"type":"Feature","properties":{"nombre":"GONZALEZ, ELPIDIO","tipo":"Ciclovías","barrio":"Monte Castro"},"geometry":{"type":"LineString","coordinates":[[-58.496526,-34.618241],[-58.497396,-34.618965]]}},{"type":"Feature","properties":{"nombre":"BOLIVAR","tipo":"Ciclovías","barrio":"Barracas"},"geometry":{"type":"LineString","coordinates":[[-58.372031,-34.629268],[-58.371986,-34.629433]]}},{"type":"Feature","properties":{"nombre":"FRENCH","tipo":"Ciclovías","barrio":"Recoleta"},"geometry":{"type":"LineString","coordinates":[[-58.400888,-34.58988],[-58.401896,-34.589292]]}},{"type":"Feature","properties":{"nombre":"BLANES, JUAN MANUEL","tipo":"Ciclovías","barrio":"La Boca"},"geometry":{"type":"LineString","coordinates":[[-58.359943,-34.628548],[-58.36065,-34.629281]]}},{"type":"Feature","properties":{"nombre":"ARENALES","tipo":"Ciclovías","barrio":"Recoleta"},"geometry":{"type":"LineString","coordinates":[[-58.387294,-34.594644],[-58.38744,-34.594656],[-58.388463,-34.594672],[-58.388569,-34.594676]]}},{"type":"Feature","properties":{"nombre":"GODOY CRUZ","tipo":"Ciclovías","barrio":"Palermo"},"geometry":{"type":"LineString","coordinates":[[-58.428891,-34.582807],[-58.427998,-34.581787]]}},{"type":"Feature","properties":{"nombre":"DEL LIBERTADOR AV.","tipo":"Ciclovías","barrio":"Palermo"},"geometry":{"type":"LineString","coordinates":[[-58.413161,-34.575797],[-58.413432,-34.576006],[-58.414763,-34.575419],[-58.414845,-34.575437],[-58.414956,-34.575458],[-58.415092,-34.575451],[-58.415155,-34.575436],[-58.415247,-34.575419],[-58.415576,-34.575543]]}},{"type":"Feature","properties":{"nombre":"TUCUMAN","tipo":"Ciclovías","barrio":"San Nicolas"},"geometry":{"type":"LineString","coordinates":[[-58.3909,-34.601889],[-58.391169,-34.601905],[-58.391302,-34.601913]]}},{"type":"Feature","properties":{"nombre":"MOREAU DE JUSTO, ALICIA AV.","tipo":"Ciclovías","barrio":"Puerto Madero"},"geometry":{"type":"LineString","coordinates":[[-58.367364,-34.60167],[-58.367239,-34.602768]]}},{"type":"Feature","properties":{"nombre":"CORDOBA AV.","tipo":"Ciclovías mano única","barrio":"Retiro"},"geometry":{"type":"LineString","coordinates":[[-58.382093,-34.599069],[-58.382525,-34.59909]]}},{"type":"Feature","properties":{"nombre":"QUILMES","tipo":"Ciclovías","barrio":"Nueva Pompeya"},"geometry":{"type":"LineString","coordinates":[[-58.417949,-34.641915],[-58.417889,-34.642139],[-58.417647,-34.643036]]}},{"type":"Feature","properties":{"nombre":"RONDEAU","tipo":"Ciclovías","barrio":"Parque Patricios"},"geometry":{"type":"LineString","coordinates":[[-58.409144,-34.636673],[-58.409303,-34.636713],[-58.41093,-34.637042]]}},{"type":"Feature","properties":{"nombre":"QUILMES","tipo":"Ciclovías","barrio":"Nueva Pompeya"},"geometry":{"type":"LineString","coordinates":[[-58.41742,-34.647345],[-58.41743,-34.647907]]}},{"type":"Feature","properties":{"nombre":"ROSETI","tipo":"Ciclovías","barrio":"Chacarita"},"geometry":{"type":"LineString","coordinates":[[-58.459459,-34.581862],[-58.460533,-34.581853]]}},{"type":"Feature","properties":{"nombre":"GODOY CRUZ","tipo":"Ciclovías","barrio":"Palermo"},"geometry":{"type":"LineString","coordinates":[[-58.43064,-34.584804],[-58.430175,-34.584274]]}},{"type":"Feature","properties":{"nombre":"GARCIA, JUAN AGUSTIN","tipo":"Ciclovías","barrio":"Villa Gral. Mitre"},"geometry":{"type":"LineString","coordinates":[[-58.472438,-34.605287],[-58.473593,-34.605873]]}},{"type":"Feature","properties":{"nombre":"ROLDAN, BELISARIO AV.","tipo":"Ciclovías","barrio":"Palermo"},"geometry":{"type":"LineString","coordinates":[[-58.417898,-34.566583],[-58.417961,-34.566739]]}},{"type":"Feature","properties":{"nombre":"GARCIA, TEODORO","tipo":"Ciclovías","barrio":"Palermo"},"geometry":{"type":"LineString","coordinates":[[-58.444445,-34.568201],[-58.445706,-34.56955]]}},{"type":"Feature","properties":{"nombre":"MORON","tipo":"Ciclovías","barrio":"Floresta"},"geometry":{"type":"LineString","coordinates":[[-58.487193,-34.627916],[-58.487825,-34.628071],[-58.488422,-34.628216]]}},{"type":"Feature","properties":{"nombre":"CALVO, CARLOS","tipo":"Ciclovías","barrio":"San Cristobal"},"geometry":{"type":"LineString","coordinates":[[-58.391626,-34.620223],[-58.391856,-34.620238],[-58.393094,-34.620317],[-58.393133,-34.62034],[-58.393168,-34.620461]]}},{"type":"Feature","properties":{"nombre":"PRIMERA JUNTA","tipo":"Ciclovías","barrio":"Flores"},"geometry":{"type":"LineString","coordinates":[[-58.460332,-34.640807],[-58.460936,-34.641234]]}},{"type":"Feature","properties":{"nombre":"PICHEUTA","tipo":"Ciclovías","barrio":"Parque Chacabuco"},"geometry":{"type":"LineString","coordinates":[[-58.435103,-34.636396],[-58.434787,-34.637273]]}},{"type":"Feature","properties":{"nombre":"GARCIA, TEODORO","tipo":"Ciclovías","barrio":"Palermo"},"geometry":{"type":"LineString","coordinates":[[-58.443052,-34.566631],[-58.443745,-34.567417]]}},{"type":"Feature","properties":{"nombre":"MOREAU DE JUSTO, ALICIA AV.","tipo":"Ciclovías","barrio":"Puerto Madero"},"geometry":{"type":"LineString","coordinates":[[-58.365719,-34.617976],[-58.365717,-34.618057]]}},{"type":"Feature","properties":{"nombre":"BOLIVAR","tipo":"Ciclovías","barrio":"Monserrat"},"geometry":{"type":"LineString","coordinates":[[-58.373575,-34.60794],[-58.373518,-34.608024]]}},{"type":"Feature","properties":{"nombre":"LAS CASAS","tipo":"Ciclovías","barrio":"Boedo"},"geometry":{"type":"LineString","coordinates":[[-58.412737,-34.634282],[-58.414169,-34.634714]]}},{"type":"Feature","properties":{"nombre":"CERETTI","tipo":"Ciclovías","barrio":"Villa Urquiza"},"geometry":{"type":"LineString","coordinates":[[-58.495642,-34.574976],[-58.496244,-34.574227]]}},{"type":"Feature","properties":{"nombre":"CHIVILCOY AV.","tipo":"Ciclovías mano única","barrio":"Villa Devoto"},"geometry":{"type":"LineString","coordinates":[[-58.51712,-34.594124],[-58.517876,-34.593277]]}},{"type":"Feature","properties":{"nombre":"VALLESE, FELIPE","tipo":"Ciclovías","barrio":"Caballito"},"geometry":{"type":"LineString","coordinates":[[-58.447441,-34.61389],[-58.448559,-34.614351]]}},{"type":"Feature","properties":{"nombre":"DOBLAS","tipo":"Ciclovías","barrio":"Caballito"},"geometry":{"type":"LineString","coordinates":[[-58.431495,-34.617569],[-58.431307,-34.618674]]}},{"type":"Feature","properties":{"nombre":"CONSTITUCION","tipo":"Ciclovías","barrio":"Constitucion"},"geometry":{"type":"LineString","coordinates":[[-58.389656,-34.625065],[-58.391332,-34.625227]]}},{"type":"Feature","properties":{"nombre":"CHIVILCOY","tipo":"Ciclovías","barrio":"Floresta"},"geometry":{"type":"LineString","coordinates":[[-58.49344,-34.619177],[-58.493974,-34.618755]]}},{"type":"Feature","properties":{"nombre":"GARCIA, JUAN AGUSTIN","tipo":"Ciclovías","barrio":"Villa Santa Rita"},"geometry":{"type":"LineString","coordinates":[[-58.482725,-34.610673],[-58.482977,-34.610805]]}},{"type":"Feature","properties":{"nombre":"GARCIA DEL RIO","tipo":"Ciclovías","barrio":"Saavedra"},"geometry":{"type":"LineString","coordinates":[[-58.47959,-34.552033],[-58.479685,-34.55205],[-58.480106,-34.552103],[-58.480571,-34.552126],[-58.480787,-34.552172]]}},{"type":"Feature","properties":{"nombre":"HUGO, VICTOR","tipo":"Ciclovías","barrio":"Villa Luro"},"geometry":{"type":"LineString","coordinates":[[-58.510089,-34.630061],[-58.511106,-34.629304]]}},{"type":"Feature","properties":{"nombre":"DEL LIBERTADOR AV.","tipo":"Ciclovías","barrio":"Nuñez"},"geometry":{"type":"LineString","coordinates":[[-58.463182,-34.541585],[-58.463365,-34.541371]]}},{"type":"Feature","properties":{"nombre":"ALVEAR, MARCELO T. DE","tipo":"Ciclovías","barrio":"Retiro"},"geometry":{"type":"LineString","coordinates":[[-58.376263,-34.59627],[-58.376958,-34.596279]]}},{"type":"Feature","properties":{"nombre":"PASEO INTERNO AGRONOMIA (NO OFICIAL)","tipo":"Ciclovías","barrio":"Agronomia"},"geometry":{"type":"LineString","coordinates":[[-58.490299,-34.592971],[-58.489891,-34.592948],[-58.487658,-34.592877]]}},{"type":"Feature","properties":{"nombre":"CEVALLOS, VIRREY","tipo":"Ciclovías","barrio":"Monserrat"},"geometry":{"type":"LineString","coordinates":[[-58.388973,-34.614695],[-58.388974,-34.614839],[-58.388977,-34.615412],[-58.388977,-34.61557]]}},{"type":"Feature","properties":{"nombre":"CORDOBA AV.","tipo":"Ciclovías mano única","barrio":"Recoleta"},"geometry":{"type":"LineString","coordinates":[[-58.391556,-34.599564],[-58.392934,-34.599636]]}},{"type":"Feature","properties":{"nombre":"PEDRAZA, MANUELA","tipo":"Ciclovías","barrio":"Villa Urquiza"},"geometry":{"type":"LineString","coordinates":[[-58.486221,-34.562184],[-58.486377,-34.562261],[-58.487185,-34.562647]]}},{"type":"Feature","properties":{"nombre":"DIAZ, CESAR, GRAL.","tipo":"Ciclovías","barrio":"Villa Gral. Mitre"},"geometry":{"type":"LineString","coordinates":[[-58.475223,-34.61242],[-58.47646,-34.613075]]}},{"type":"Feature","properties":{"nombre":"HUGO, VICTOR","tipo":"Ciclovías","barrio":"Villa Luro"},"geometry":{"type":"LineString","coordinates":[[-58.504973,-34.633884],[-58.505941,-34.633171]]}},{"type":"Feature","properties":{"nombre":"SARMIENTO AV.","tipo":"Ciclovías","barrio":"Palermo"},"geometry":{"type":"LineString","coordinates":[[-58.412319,-34.572173],[-58.412023,-34.57198],[-58.411783,-34.571861]]}},{"type":"Feature","properties":{"nombre":"ALSINA, ADOLFO","tipo":"Ciclovías mano única","barrio":"Monserrat"},"geometry":{"type":"LineString","coordinates":[[-58.380597,-34.61073],[-58.381003,-34.610761]]}},{"type":"Feature","properties":{"nombre":"GRIVEO","tipo":"Ciclovías","barrio":"Villa Devoto"},"geometry":{"type":"LineString","coordinates":[[-58.510357,-34.588647],[-58.511137,-34.589129]]}},{"type":"Feature","properties":{"nombre":"PADILLA","tipo":"Ciclovías","barrio":"Villa Crespo"},"geometry":{"type":"LineString","coordinates":[[-58.44109,-34.601298],[-58.441825,-34.600661]]}},{"type":"Feature","properties":{"nombre":"CALVO, CARLOS","tipo":"Ciclovías","barrio":"San Cristobal"},"geometry":{"type":"LineString","coordinates":[[-58.406154,-34.621818],[-58.407363,-34.622049]]}},{"type":"Feature","properties":{"nombre":"BOLIVAR","tipo":"Ciclovías","barrio":"San Telmo"},"geometry":{"type":"LineString","coordinates":[[-58.372802,-34.621889],[-58.37279,-34.622066],[-58.37274,-34.623058],[-58.372736,-34.623137]]}},{"type":"Feature","properties":{"nombre":"ROSETI","tipo":"Ciclovías","barrio":"Chacarita"},"geometry":{"type":"LineString","coordinates":[[-58.447465,-34.585765],[-58.44849,-34.585338]]}},{"type":"Feature","properties":{"nombre":"LA PAMPA","tipo":"Ciclovías","barrio":"Villa Urquiza"},"geometry":{"type":"LineString","coordinates":[[-58.480183,-34.57982],[-58.480483,-34.579994]]}},{"type":"Feature","properties":{"nombre":"COMPLEJO PARQUE DE LOS NIÑOS (SIN NOMBRE OFICIAL)","tipo":"Ciclovías","barrio":"Nuñez"},"geometry":{"type":"LineString","coordinates":[[-58.454025,-34.530978],[-58.454521,-34.530718]]}},{"type":"Feature","properties":{"nombre":"RODO, JOSE E.","tipo":"Ciclovías","barrio":"Parque Avellaneda"},"geometry":{"type":"LineString","coordinates":[[-58.486406,-34.643559],[-58.487101,-34.644159]]}},{"type":"Feature","properties":{"nombre":"ROCA, CNEL. AV.","tipo":"Ciclovías","barrio":"Villa Riachuelo"},"geometry":{"type":"LineString","coordinates":[[-58.461593,-34.690461],[-58.461839,-34.690686]]}},{"type":"Feature","properties":{"nombre":"GORRITI","tipo":"Ciclovías","barrio":"Palermo"},"geometry":{"type":"LineString","coordinates":[[-58.43121,-34.589389],[-58.432187,-34.588761]]}},{"type":"Feature","properties":{"nombre":"RODO, JOSE E.","tipo":"Ciclovías","barrio":"Parque Avellaneda"},"geometry":{"type":"LineString","coordinates":[[-58.481113,-34.640368],[-58.481688,-34.640888],[-58.481992,-34.641149],[-58.482101,-34.641228],[-58.482195,-34.641284],[-58.482668,-34.641523],[-58.482739,-34.641567],[-58.482795,-34.641611],[-58.482857,-34.641677],[-58.482888,-34.641718],[-58.482915,-34.641761],[-58.482938,-34.64181],[-58.483017,-34.642082]]}},{"type":"Feature","properties":{"nombre":"ECHEVERRIA","tipo":"Ciclovías","barrio":"Belgrano"},"geometry":{"type":"LineString","coordinates":[[-58.463588,-34.567532],[-58.464701,-34.568191]]}},{"type":"Feature","properties":{"nombre":"GRIVEO","tipo":"Ciclovías","barrio":"Villa Pueyrredon"},"geometry":{"type":"LineString","coordinates":[[-58.504396,-34.584963],[-58.505033,-34.585358]]}},{"type":"Feature","properties":{"nombre":"GRIVEO","tipo":"Ciclovías","barrio":"Villa Devoto"},"geometry":{"type":"LineString","coordinates":[[-58.513878,-34.590828],[-58.51414,-34.590991],[-58.514331,-34.591108]]}},{"type":"Feature","properties":{"nombre":"CALVO, CARLOS","tipo":"Ciclovías","barrio":"San Cristobal"},"geometry":{"type":"LineString","coordinates":[[-58.399831,-34.620906],[-58.400775,-34.620978]]}},{"type":"Feature","properties":{"nombre":"USPALLATA","tipo":"Ciclovías","barrio":"Parque Patricios"},"geometry":{"type":"LineString","coordinates":[[-58.398006,-34.63818],[-58.399667,-34.638486]]}},{"type":"Feature","properties":{"nombre":"ARTIGAS, JOSE GERVASIO, GRAL.","tipo":"Ciclovías","barrio":"Villa Gral. Mitre"},"geometry":{"type":"LineString","coordinates":[[-58.475523,-34.609725],[-58.476151,-34.608937],[-58.476324,-34.608722]]}},{"type":"Feature","properties":{"nombre":"SENDERO PARQUE CHACABUCO (NO OFICIAL)","tipo":"Ciclovías","barrio":"Parque Chacabuco"},"geometry":{"type":"LineString","coordinates":[[-58.444652,-34.634312],[-58.444352,-34.634587],[-58.444257,-34.634679],[-58.444149,-34.634793],[-58.444061,-34.63492],[-58.444,-34.63504],[-58.443958,-34.635151],[-58.443927,-34.635287],[-58.443923,-34.635392],[-58.443965,-34.635585],[-58.444099,-34.635902],[-58.444187,-34.636121],[-58.444226,-34.636216],[-58.44408,-34.636317]]}},{"type":"Feature","properties":{"nombre":"GARCIA DEL RIO","tipo":"Ciclovías","barrio":"Saavedra"},"geometry":{"type":"LineString","coordinates":[[-58.478543,-34.551707],[-58.478686,-34.551775],[-58.478936,-34.55187],[-58.479218,-34.55196],[-58.479375,-34.551993],[-58.47959,-34.552033]]}},{"type":"Feature","properties":{"nombre":"LINIERS VIRREY","tipo":"Ciclovías","barrio":"Boedo"},"geometry":{"type":"LineString","coordinates":[[-58.41335,-34.627687],[-58.413253,-34.628739]]}},{"type":"Feature","properties":{"nombre":"USPALLATA","tipo":"Ciclovías","barrio":"Barracas"},"geometry":{"type":"LineString","coordinates":[[-58.374289,-34.631814],[-58.375206,-34.632762]]}},{"type":"Feature","properties":{"nombre":"CORRIENTES AV.","tipo":"Ciclovías mano única","barrio":"San Nicolas"},"geometry":{"type":"LineString","coordinates":[[-58.370413,-34.603014],[-58.370619,-34.603025],[-58.371098,-34.603056]]}},{"type":"Feature","properties":{"nombre":"SUIPACHA","tipo":"Ciclovías","barrio":"Retiro"},"geometry":{"type":"LineString","coordinates":[[-58.380142,-34.591452],[-58.380147,-34.591344],[-58.379397,-34.590103]]}},{"type":"Feature","properties":{"nombre":"BORGES, JORGE LUIS","tipo":"Ciclovías","barrio":"Palermo"},"geometry":{"type":"LineString","coordinates":[[-58.429956,-34.588872],[-58.429792,-34.588464]]}},{"type":"Feature","properties":{"nombre":"BLANES, JUAN MANUEL","tipo":"Ciclovías","barrio":"La Boca"},"geometry":{"type":"LineString","coordinates":[[-58.36065,-34.629281],[-58.361308,-34.629962],[-58.361456,-34.630117]]}},{"type":"Feature","properties":{"nombre":"RODO, JOSE E.","tipo":"Ciclovías","barrio":"Mataderos"},"geometry":{"type":"LineString","coordinates":[[-58.494892,-34.650869],[-58.495345,-34.651253]]}},{"type":"Feature","properties":{"nombre":"TACUARI","tipo":"Ciclovías","barrio":"Constitucion"},"geometry":{"type":"LineString","coordinates":[[-58.377266,-34.626826],[-58.376633,-34.627826]]}},{"type":"Feature","properties":{"nombre":"MENDEZ DE ANDES","tipo":"Ciclovías","barrio":"Caballito"},"geometry":{"type":"LineString","coordinates":[[-58.456201,-34.618206],[-58.457295,-34.618536]]}},{"type":"Feature","properties":{"nombre":"SARMIENTO AV.","tipo":"Ciclovías","barrio":"Palermo"},"geometry":{"type":"LineString","coordinates":[[-58.407863,-34.567268],[-58.40762,-34.566989],[-58.407486,-34.566862],[-58.407352,-34.566751],[-58.407196,-34.566668],[-58.406912,-34.566591],[-58.406643,-34.566577],[-58.406369,-34.566594],[-58.405992,-34.566708],[-58.405462,-34.566967],[-58.405163,-34.567119]]}},{"type":"Feature","properties":{"nombre":"ARTIGAS, JOSE GERVASIO, GRAL.","tipo":"Ciclovías","barrio":"Villa Gral. Mitre"},"geometry":{"type":"LineString","coordinates":[[-58.477128,-34.607717],[-58.477464,-34.607303]]}},{"type":"Feature","properties":{"nombre":"GARCIA, JUAN AGUSTIN","tipo":"Ciclovías","barrio":"Villa Santa Rita"},"geometry":{"type":"LineString","coordinates":[[-58.491157,-34.61547],[-58.491905,-34.616104]]}},{"type":"Feature","properties":{"nombre":"LOYOLA","tipo":"Ciclovías","barrio":"Chacarita"},"geometry":{"type":"LineString","coordinates":[[-58.445059,-34.586921],[-58.445403,-34.586624]]}},{"type":"Feature","properties":{"nombre":"COMPLEJO CIUDAD UNIVERSITARIA (SIN NOMBRE OFICIAL)","tipo":"Ciclovías","barrio":"Belgrano"},"geometry":{"type":"LineString","coordinates":[[-58.447534,-34.540394],[-58.447989,-34.539981]]}},{"type":"Feature","properties":{"nombre":"MORON","tipo":"Ciclovías","barrio":"Floresta"},"geometry":{"type":"LineString","coordinates":[[-58.488422,-34.628216],[-58.489285,-34.628447]]}},{"type":"Feature","properties":{"nombre":"ALVAREZ, JULIAN","tipo":"Ciclovías","barrio":"Palermo"},"geometry":{"type":"LineString","coordinates":[[-58.411738,-34.584655],[-58.410717,-34.583888]]}},{"type":"Feature","properties":{"nombre":"LA RABIDA (N) AV.","tipo":"Ciclovías","barrio":"San Nicolas"},"geometry":{"type":"LineString","coordinates":[[-58.369029,-34.60643],[-58.369189,-34.606356]]}},{"type":"Feature","properties":{"nombre":"MONTEVIDEO","tipo":"Ciclovías","barrio":"Recoleta"},"geometry":{"type":"LineString","coordinates":[[-58.387954,-34.591648],[-58.387882,-34.591591],[-58.386921,-34.590775]]}},{"type":"Feature","properties":{"nombre":"MIRO","tipo":"Ciclovías","barrio":"Parque Chacabuco"},"geometry":{"type":"LineString","coordinates":[[-58.442604,-34.641389],[-58.442532,-34.641583]]}},{"type":"Feature","properties":{"nombre":"TRONADOR","tipo":"Ciclovías","barrio":"Coghlan"},"geometry":{"type":"LineString","coordinates":[[-58.480675,-34.56093],[-58.480994,-34.560479]]}},{"type":"Feature","properties":{"nombre":"VILELA","tipo":"Ciclovías","barrio":"Saavedra"},"geometry":{"type":"LineString","coordinates":[[-58.479252,-34.549081],[-58.479588,-34.549091],[-58.479932,-34.549119],[-58.480329,-34.549177],[-58.480453,-34.549205]]}},{"type":"Feature","properties":{"nombre":"RODO, JOSE E.","tipo":"Ciclovías","barrio":"Parque Avellaneda"},"geometry":{"type":"LineString","coordinates":[[-58.482978,-34.642292],[-58.483127,-34.642314],[-58.483236,-34.642266]]}},{"type":"Feature","properties":{"nombre":"HORNOS, GRAL.","tipo":"Ciclovías","barrio":"Barracas"},"geometry":{"type":"LineString","coordinates":[[-58.37549,-34.642525],[-58.375448,-34.642911],[-58.375421,-34.64313]]}},{"type":"Feature","properties":{"nombre":"GUATEMALA","tipo":"Ciclovías","barrio":"Palermo"},"geometry":{"type":"LineString","coordinates":[[-58.43196,-34.580349],[-58.432977,-34.579538]]}},{"type":"Feature","properties":{"nombre":"PATRICIAS ARGENTINAS AV.","tipo":"Ciclovías","barrio":"Caballito"},"geometry":{"type":"LineString","coordinates":[[-58.434276,-34.604799],[-58.434648,-34.604643]]}},{"type":"Feature","properties":{"nombre":"OROÑO, NICASIO","tipo":"Ciclovías","barrio":"Paternal"},"geometry":{"type":"LineString","coordinates":[[-58.460658,-34.601129],[-58.460373,-34.600209],[-58.460337,-34.600095]]}},{"type":"Feature","properties":{"nombre":"FERNANDEZ, SARA BEATRIZ","tipo":"Ciclovías","barrio":"Retiro"},"geometry":{"type":"LineString","coordinates":[[-58.377203,-34.586373],[-58.377203,-34.586322],[-58.377161,-34.586216],[-58.377094,-34.586141]]}},{"type":"Feature","properties":{"nombre":"ALVEAR, MARCELO T. DE","tipo":"Ciclovías","barrio":"Recoleta"},"geometry":{"type":"LineString","coordinates":[[-58.389786,-34.597195],[-58.391347,-34.597212]]}},{"type":"Feature","properties":{"nombre":"IRALA","tipo":"Ciclovías","barrio":"La Boca"},"geometry":{"type":"LineString","coordinates":[[-58.366479,-34.637923],[-58.366344,-34.638775]]}},{"type":"Feature","properties":{"nombre":"CEVALLOS, VIRREY","tipo":"Ciclovías","barrio":"Constitucion"},"geometry":{"type":"LineString","coordinates":[[-58.388917,-34.618872],[-58.388909,-34.61903],[-58.388841,-34.620052]]}},{"type":"Feature","properties":{"nombre":"CEVALLOS, VIRREY","tipo":"Ciclovías","barrio":"Monserrat"},"geometry":{"type":"LineString","coordinates":[[-58.389176,-34.609078],[-58.389053,-34.610079]]}},{"type":"Feature","properties":{"nombre":"DEL LIBERTADOR AV.","tipo":"Ciclovías","barrio":"Palermo"},"geometry":{"type":"LineString","coordinates":[[-58.423247,-34.571168],[-58.423526,-34.571056],[-58.423867,-34.570917],[-58.424077,-34.570823]]}},{"type":"Feature","properties":{"nombre":"POLA","tipo":"Ciclovías","barrio":"Mataderos"},"geometry":{"type":"LineString","coordinates":[[-58.500545,-34.649799],[-58.499576,-34.650544],[-58.499449,-34.650642]]}},{"type":"Feature","properties":{"nombre":"GONZALEZ, ELPIDIO","tipo":"Ciclovías","barrio":"Monte Castro"},"geometry":{"type":"LineString","coordinates":[[-58.499752,-34.620778],[-58.500763,-34.621324]]}},{"type":"Feature","properties":{"nombre":"CALZADA CIRCULAR PLAZA ITALIA","tipo":"Ciclovías","barrio":"Palermo"},"geometry":{"type":"LineString","coordinates":[[-58.420119,-34.58137],[-58.420148,-34.581243],[-58.420231,-34.581109],[-58.420404,-34.580941],[-58.420587,-34.580794]]}},{"type":"Feature","properties":{"nombre":"PEDERNERA","tipo":"Ciclovías","barrio":"Flores"},"geometry":{"type":"LineString","coordinates":[[-58.451352,-34.644184],[-58.450507,-34.644852],[-58.450396,-34.644936]]}},{"type":"Feature","properties":{"nombre":"USPALLATA","tipo":"Ciclovías","barrio":"Barracas"},"geometry":{"type":"LineString","coordinates":[[-58.387325,-34.635844],[-58.388277,-34.63607],[-58.388473,-34.636116]]}},{"type":"Feature","properties":{"nombre":"LA PAMPA","tipo":"Ciclovías","barrio":"Belgrano"},"geometry":{"type":"LineString","coordinates":[[-58.467118,-34.572355],[-58.467365,-34.572496]]}},{"type":"Feature","properties":{"nombre":"SERRANO","tipo":"Ciclovías","barrio":"Villa Crespo"},"geometry":{"type":"LineString","coordinates":[[-58.436708,-34.592851],[-58.435608,-34.592193]]}},{"type":"Feature","properties":{"nombre":"CALVO, CARLOS","tipo":"Ciclovías","barrio":"San Cristobal"},"geometry":{"type":"LineString","coordinates":[[-58.402805,-34.621133],[-58.404319,-34.621445],[-58.404489,-34.62148]]}},{"type":"Feature","properties":{"nombre":"ECHEVERRIA","tipo":"Ciclovías","barrio":"Belgrano"},"geometry":{"type":"LineString","coordinates":[[-58.453041,-34.561309],[-58.453947,-34.561847]]}},{"type":"Feature","properties":{"nombre":"TUCUMAN","tipo":"Ciclovías","barrio":"Almagro"},"geometry":{"type":"LineString","coordinates":[[-58.413721,-34.599939],[-58.413845,-34.599908],[-58.414933,-34.5996]]}},{"type":"Feature","properties":{"nombre":"ALCORTA, AMANCIO AV.","tipo":"Ciclovías","barrio":"Barracas"},"geometry":{"type":"LineString","coordinates":[[-58.385614,-34.63592],[-58.386252,-34.636741],[-58.386478,-34.637038]]}},{"type":"Feature","properties":{"nombre":"TRES ARROYOS","tipo":"Ciclovías","barrio":"Villa Gral. Mitre"},"geometry":{"type":"LineString","coordinates":[[-58.465078,-34.611336],[-58.4652,-34.611401],[-58.465745,-34.61169]]}},{"type":"Feature","properties":{"nombre":"BONIFACIO, JOSE","tipo":"Ciclovías","barrio":"Caballito"},"geometry":{"type":"LineString","coordinates":[[-58.447995,-34.628818],[-58.448808,-34.628955]]}},{"type":"Feature","properties":{"nombre":"CUBA","tipo":"Ciclovías","barrio":"Nuñez"},"geometry":{"type":"LineString","coordinates":[[-58.464392,-34.550271],[-58.464963,-34.549492]]}},{"type":"Feature","properties":{"nombre":"CHILE","tipo":"Ciclovías","barrio":"Monserrat"},"geometry":{"type":"LineString","coordinates":[[-58.380747,-34.616447],[-58.381184,-34.616468]]}},{"type":"Feature","properties":{"nombre":"AMENABAR","tipo":"Ciclovías","barrio":"Belgrano"},"geometry":{"type":"LineString","coordinates":[[-58.458567,-34.563142],[-58.459382,-34.562194]]}},{"type":"Feature","properties":{"nombre":"DOBLAS","tipo":"Ciclovías","barrio":"Caballito"},"geometry":{"type":"LineString","coordinates":[[-58.430085,-34.625433],[-58.429958,-34.625985],[-58.42992,-34.626151]]}},{"type":"Feature","properties":{"nombre":"LA PAMPA","tipo":"Ciclovías","barrio":"Belgrano"},"geometry":{"type":"LineString","coordinates":[[-58.466,-34.571704],[-58.467118,-34.572355]]}},{"type":"Feature","properties":{"nombre":"15 DE NOVIEMBRE DE 1889","tipo":"Ciclovías","barrio":"Parque Patricios"},"geometry":{"type":"LineString","coordinates":[[-58.395618,-34.632748],[-58.395832,-34.632801],[-58.39686,-34.633046]]}},{"type":"Feature","properties":{"nombre":"HUMBOLDT","tipo":"Ciclovías","barrio":"Palermo"},"geometry":{"type":"LineString","coordinates":[[-58.438327,-34.587426],[-58.437171,-34.58642]]}},{"type":"Feature","properties":{"nombre":"CALVO, CARLOS","tipo":"Ciclovías","barrio":"San Cristobal"},"geometry":{"type":"LineString","coordinates":[[-58.401768,-34.621054],[-58.402805,-34.621133]]}},{"type":"Feature","properties":{"nombre":"ESTRADA","tipo":"Ciclovías","barrio":"Parque Chacabuco"},"geometry":{"type":"LineString","coordinates":[[-58.439672,-34.6333],[-58.440176,-34.633561]]}},{"type":"Feature","properties":{"nombre":"MORON","tipo":"Ciclovías","barrio":"Floresta"},"geometry":{"type":"LineString","coordinates":[[-58.484698,-34.627312],[-58.485959,-34.627615]]}},{"type":"Feature","properties":{"nombre":"DEL LIBERTADOR AV.","tipo":"Ciclovías","barrio":"Recoleta"},"geometry":{"type":"LineString","coordinates":[[-58.387444,-34.585903],[-58.388638,-34.585324]]}},{"type":"Feature","properties":{"nombre":"ROCA, CNEL. AV.","tipo":"Ciclovías","barrio":"Villa Riachuelo"},"geometry":{"type":"LineString","coordinates":[[-58.460783,-34.689719],[-58.461593,-34.690461]]}},{"type":"Feature","properties":{"nombre":"GARAY, JUAN DE AV.","tipo":"Ciclovías","barrio":"San Telmo"},"geometry":{"type":"LineString","coordinates":[[-58.365867,-34.623995],[-58.366094,-34.624009],[-58.36662,-34.624027]]}},{"type":"Feature","properties":{"nombre":"TREINTA Y TRES ORIENTALES","tipo":"Ciclovías","barrio":"Boedo"},"geometry":{"type":"LineString","coordinates":[[-58.421821,-34.630897],[-58.421776,-34.631104],[-58.421617,-34.631987]]}},{"type":"Feature","properties":{"nombre":"TUCUMAN","tipo":"Ciclovías","barrio":"Balvanera"},"geometry":{"type":"LineString","coordinates":[[-58.402307,-34.60209],[-58.403461,-34.60197],[-58.403592,-34.601957]]}},{"type":"Feature","properties":{"nombre":"CUCHA CUCHA","tipo":"Ciclovías","barrio":"Paternal"},"geometry":{"type":"LineString","coordinates":[[-58.466576,-34.59987],[-58.466726,-34.599838],[-58.468134,-34.599536]]}},{"type":"Feature","properties":{"nombre":"FOREST AV.","tipo":"Ciclovías mano única","barrio":"Colegiales"},"geometry":{"type":"LineString","coordinates":[[-58.462377,-34.576032],[-58.463188,-34.575105]]}},{"type":"Feature","properties":{"nombre":"CALVO, CARLOS","tipo":"Ciclovías","barrio":"San Cristobal"},"geometry":{"type":"LineString","coordinates":[[-58.410591,-34.622693],[-58.411786,-34.622922],[-58.412044,-34.622974]]}},{"type":"Feature","properties":{"nombre":"CORDOBA AV.","tipo":"Ciclovías mano única","barrio":"Recoleta"},"geometry":{"type":"LineString","coordinates":[[-58.406629,-34.598045],[-58.408151,-34.598068]]}},{"type":"Feature","properties":{"nombre":"BEIRO, FRANCISCO AV.","tipo":"Ciclovías","barrio":"Agronomia"},"geometry":{"type":"LineString","coordinates":[[-58.488593,-34.591532],[-58.489737,-34.592233]]}},{"type":"Feature","properties":{"nombre":"DEL LIBERTADOR AV.","tipo":"Ciclovías","barrio":"Nuñez"},"geometry":{"type":"LineString","coordinates":[[-58.460623,-34.543952],[-58.461295,-34.543328]]}},{"type":"Feature","properties":{"nombre":"DEL LIBERTADOR AV.","tipo":"Ciclovías","barrio":"Palermo"},"geometry":{"type":"LineString","coordinates":[[-58.424077,-34.570823],[-58.42443,-34.570677],[-58.424775,-34.570506],[-58.425891,-34.569851],[-58.430177,-34.567391]]}},{"type":"Feature","properties":{"nombre":"MANSILLA, LUCIO NORBERTO, GENERAL","tipo":"Ciclovías","barrio":"Palermo"},"geometry":{"type":"LineString","coordinates":[[-58.413749,-34.591691],[-58.414527,-34.59113]]}},{"type":"Feature","properties":{"nombre":"MEXICO","tipo":"Ciclovías","barrio":"Almagro"},"geometry":{"type":"LineString","coordinates":[[-58.412644,-34.619394],[-58.413941,-34.619663]]}},{"type":"Feature","properties":{"nombre":"HERRERA","tipo":"Ciclovías","barrio":"Barracas"},"geometry":{"type":"LineString","coordinates":[[-58.376231,-34.643696],[-58.376006,-34.644551]]}},{"type":"Feature","properties":{"nombre":"PRIMERA JUNTA","tipo":"Ciclovías","barrio":"Parque Avellaneda"},"geometry":{"type":"LineString","coordinates":[[-58.466571,-34.644919],[-58.467646,-34.645594]]}},{"type":"Feature","properties":{"nombre":"FRENCH","tipo":"Ciclovías","barrio":"Recoleta"},"geometry":{"type":"LineString","coordinates":[[-58.401896,-34.589292],[-58.40304,-34.588626]]}},{"type":"Feature","properties":{"nombre":"DOBLAS","tipo":"Ciclovías","barrio":"Caballito"},"geometry":{"type":"LineString","coordinates":[[-58.432213,-34.616416],[-58.431768,-34.617632]]}},{"type":"Feature","properties":{"nombre":"CHIVILCOY","tipo":"Ciclovías","barrio":"Monte Castro"},"geometry":{"type":"LineString","coordinates":[[-58.499792,-34.613451],[-58.499918,-34.613302],[-58.500396,-34.612732],[-58.500531,-34.612571]]}},{"type":"Feature","properties":{"nombre":"OBLIGADO RAFAEL, AV.COSTANERA","tipo":"Ciclovías","barrio":"Belgrano"},"geometry":{"type":"LineString","coordinates":[[-58.435097,-34.542886],[-58.435127,-34.542877],[-58.43605,-34.542673]]}},{"type":"Feature","properties":{"nombre":"PEDERNERA","tipo":"Ciclovías","barrio":"Flores"},"geometry":{"type":"LineString","coordinates":[[-58.457362,-34.63918],[-58.456795,-34.639644]]}},{"type":"Feature","properties":{"nombre":"GORRITI","tipo":"Ciclovías","barrio":"Palermo"},"geometry":{"type":"LineString","coordinates":[[-58.439283,-34.583353],[-58.44033,-34.58257]]}},{"type":"Feature","properties":{"nombre":"URIBURU JOSE E., PRES.","tipo":"Ciclovías","barrio":"Recoleta"},"geometry":{"type":"LineString","coordinates":[[-58.398872,-34.597048],[-58.398525,-34.595389]]}},{"type":"Feature","properties":{"nombre":"CALVO, CARLOS","tipo":"Ciclovías","barrio":"San Cristobal"},"geometry":{"type":"LineString","coordinates":[[-58.397115,-34.620712],[-58.398281,-34.620788],[-58.398499,-34.620805]]}},{"type":"Feature","properties":{"nombre":"QUESADA","tipo":"Ciclovías","barrio":"Nuñez"},"geometry":{"type":"LineString","coordinates":[[-58.461314,-34.553319],[-58.461925,-34.553637]]}},{"type":"Feature","properties":{"nombre":"OBLIGADO RAFAEL, AV.COSTANERA","tipo":"Ciclovías","barrio":"Palermo"},"geometry":{"type":"LineString","coordinates":[[-58.410816,-34.557515],[-58.411768,-34.556825],[-58.412652,-34.556288],[-58.4132,-34.555967]]}},{"type":"Feature","properties":{"nombre":"CORDOBA AV.","tipo":"Ciclovías mano única","barrio":"Palermo"},"geometry":{"type":"LineString","coordinates":[[-58.444587,-34.584666],[-58.444787,-34.584513]]}},{"type":"Feature","properties":{"nombre":"RINCON","tipo":"Ciclovías","barrio":"Balvanera"},"geometry":{"type":"LineString","coordinates":[[-58.396138,-34.614136],[-58.396137,-34.614324],[-58.396123,-34.615255]]}},{"type":"Feature","properties":{"nombre":"ROCA, CNEL. AV.","tipo":"Ciclovías","barrio":"Villa Soldati"},"geometry":{"type":"LineString","coordinates":[[-58.442531,-34.668695],[-58.442999,-34.669248],[-58.443065,-34.669327],[-58.443506,-34.669895],[-58.443897,-34.670346],[-58.444285,-34.670818]]}},{"type":"Feature","properties":{"nombre":"TACUARI","tipo":"Ciclovías","barrio":"Monserrat"},"geometry":{"type":"LineString","coordinates":[[-58.379057,-34.611736],[-58.37905,-34.611852],[-58.379027,-34.612724],[-58.379022,-34.612944]]}},{"type":"Feature","properties":{"nombre":"CHIVILCOY AV.","tipo":"Ciclovías mano única","barrio":"Villa Devoto"},"geometry":{"type":"LineString","coordinates":[[-58.506733,-34.605425],[-58.507499,-34.604575]]}},{"type":"Feature","properties":{"nombre":"DEL LIBERTADOR AV.","tipo":"Ciclovías","barrio":"Belgrano"},"geometry":{"type":"LineString","coordinates":[[-58.453007,-34.550505],[-58.453394,-34.550053],[-58.454024,-34.549519]]}},{"type":"Feature","properties":{"nombre":"LA PAMPA","tipo":"Ciclovías","barrio":"Villa Urquiza"},"geometry":{"type":"LineString","coordinates":[[-58.480483,-34.579994],[-58.480993,-34.580289],[-58.481129,-34.580368]]}},{"type":"Feature","properties":{"nombre":"ROSETI","tipo":"Ciclovías","barrio":"Chacarita"},"geometry":{"type":"LineString","coordinates":[[-58.44849,-34.585338],[-58.449405,-34.584957],[-58.449555,-34.584888]]}},{"type":"Feature","properties":{"nombre":"RABANAL, FRANCISCO, INTENDENTE AV.","tipo":"Ciclovías","barrio":"Nueva Pompeya"},"geometry":{"type":"LineString","coordinates":[[-58.42322,-34.657398],[-58.423317,-34.657445]]}},{"type":"Feature","properties":{"nombre":"ESTRADA","tipo":"Ciclovías","barrio":"Parque Chacabuco"},"geometry":{"type":"LineString","coordinates":[[-58.430155,-34.631031],[-58.430369,-34.631064],[-58.430849,-34.63113]]}},{"type":"Feature","properties":{"nombre":"AMENABAR","tipo":"Ciclovías","barrio":"Belgrano"},"geometry":{"type":"LineString","coordinates":[[-58.455434,-34.566785],[-58.456131,-34.565975]]}},{"type":"Feature","properties":{"nombre":"DEL LIBERTADOR AV.","tipo":"Ciclovías","barrio":"Nuñez"},"geometry":{"type":"LineString","coordinates":[[-58.462603,-34.542113],[-58.463182,-34.541585]]}},{"type":"Feature","properties":{"nombre":"11 DE SEPTIEMBRE DE 1888","tipo":"Ciclovías","barrio":"Belgrano"},"geometry":{"type":"LineString","coordinates":[[-58.447115,-34.563477],[-58.447912,-34.562546]]}},{"type":"Feature","properties":{"nombre":"BRASIL","tipo":"Ciclovías","barrio":"Parque Patricios"},"geometry":{"type":"LineString","coordinates":[[-58.390929,-34.629327],[-58.391647,-34.629492],[-58.391725,-34.629507]]}},{"type":"Feature","properties":{"nombre":"BLANCO ENCALADA","tipo":"Ciclovías","barrio":"Belgrano"},"geometry":{"type":"LineString","coordinates":[[-58.470439,-34.566228],[-58.470898,-34.566252]]}},{"type":"Feature","properties":{"nombre":"ESTADO PLURINACIONAL DE BOLIVIA","tipo":"Ciclovías","barrio":"Villa Pueyrredon"},"geometry":{"type":"LineString","coordinates":[[-58.496742,-34.586438],[-58.497393,-34.585718]]}},{"type":"Feature","properties":{"nombre":"PATRICIAS ARGENTINAS AV.","tipo":"Ciclovías","barrio":"Caballito"},"geometry":{"type":"LineString","coordinates":[[-58.435565,-34.604433],[-58.435754,-34.604422],[-58.435854,-34.604421],[-58.435922,-34.604423],[-58.436015,-34.604426],[-58.436083,-34.604431],[-58.436176,-34.604438],[-58.43626,-34.604447],[-58.436369,-34.604461],[-58.436441,-34.604481],[-58.436538,-34.604503],[-58.436613,-34.60452],[-58.43667,-34.604534],[-58.436727,-34.604549],[-58.436783,-34.604566],[-58.436846,-34.604586],[-58.4369,-34.604606],[-58.436969,-34.604632],[-58.437068,-34.604673],[-58.437127,-34.604699],[-58.437193,-34.60473],[-58.43728,-34.604773],[-58.437344,-34.604806],[-58.437401,-34.604837],[-58.437463,-34.604873],[-58.437524,-34.604911],[-58.437609,-34.604968],[-58.437659,-34.605006],[-58.437707,-34.605045],[-58.437781,-34.605113]]}},{"type":"Feature","properties":{"nombre":"GRIVEO","tipo":"Ciclovías","barrio":"Villa Pueyrredon"},"geometry":{"type":"LineString","coordinates":[[-58.50262,-34.583863],[-58.503743,-34.584558]]}},{"type":"Feature","properties":{"nombre":"SUPERI","tipo":"Ciclovías","barrio":"Saavedra"},"geometry":{"type":"LineString","coordinates":[[-58.483917,-34.54632],[-58.484499,-34.545554]]}},{"type":"Feature","properties":{"nombre":"DEL LIBERTADOR AV.","tipo":"Ciclovías","barrio":"Palermo"},"geometry":{"type":"LineString","coordinates":[[-58.416793,-34.574094],[-58.417465,-34.573767],[-58.417952,-34.573538]]}},{"type":"Feature","properties":{"nombre":"BORGES, JORGE LUIS","tipo":"Ciclovías","barrio":"Palermo"},"geometry":{"type":"LineString","coordinates":[[-58.427079,-34.586701],[-58.426066,-34.586043]]}},{"type":"Feature","properties":{"nombre":"ALVEAR, MARCELO T. DE","tipo":"Ciclovías","barrio":"Retiro"},"geometry":{"type":"LineString","coordinates":[[-58.382667,-34.596802],[-58.38299,-34.596832],[-58.384178,-34.596902]]}},{"type":"Feature","properties":{"nombre":"RAVIGNANI, EMILIO, DR.","tipo":"Ciclovías","barrio":"Palermo"},"geometry":{"type":"LineString","coordinates":[[-58.438398,-34.580882],[-58.437718,-34.580288]]}},{"type":"Feature","properties":{"nombre":"SARMIENTO","tipo":"Ciclovías","barrio":"San Nicolas"},"geometry":{"type":"LineString","coordinates":[[-58.37801,-34.604743],[-58.379093,-34.604819],[-58.379387,-34.604837]]}},{"type":"Feature","properties":{"nombre":"ECHEVERRIA","tipo":"Ciclovías","barrio":"Belgrano"},"geometry":{"type":"LineString","coordinates":[[-58.458641,-34.564615],[-58.459535,-34.565141]]}},{"type":"Feature","properties":{"nombre":"ACHAVAL","tipo":"Ciclovías","barrio":"Caballito"},"geometry":{"type":"LineString","coordinates":[[-58.448808,-34.628955],[-58.448346,-34.629878],[-58.448223,-34.630142]]}},{"type":"Feature","properties":{"nombre":"ECHEVERRIA","tipo":"Ciclovías","barrio":"Belgrano"},"geometry":{"type":"LineString","coordinates":[[-58.450349,-34.559711],[-58.451262,-34.560253]]}},{"type":"Feature","properties":{"nombre":"CORRIENTES AV.","tipo":"Ciclovías mano única","barrio":"Balvanera"},"geometry":{"type":"LineString","coordinates":[[-58.407815,-34.604257],[-58.408743,-34.604133],[-58.408917,-34.604118]]}},{"type":"Feature","properties":{"nombre":"ECUADOR","tipo":"Ciclovías","barrio":"Recoleta"},"geometry":{"type":"LineString","coordinates":[[-58.403049,-34.592908],[-58.403001,-34.592794],[-58.40279,-34.592096]]}},{"type":"Feature","properties":{"nombre":"LINIERS VIRREY","tipo":"Ciclovías","barrio":"Almagro"},"geometry":{"type":"LineString","coordinates":[[-58.414786,-34.613052],[-58.414532,-34.614288]]}},{"type":"Feature","properties":{"nombre":"MACHU PICCHU","tipo":"Ciclovías","barrio":"Retiro"},"geometry":{"type":"LineString","coordinates":[[-58.376584,-34.585007],[-58.376373,-34.584879],[-58.376271,-34.584793]]}},{"type":"Feature","properties":{"nombre":"GARCIA, JUAN AGUSTIN","tipo":"Ciclovías","barrio":"Villa Santa Rita"},"geometry":{"type":"LineString","coordinates":[[-58.488876,-34.613925],[-58.489493,-34.614257]]}},{"type":"Feature","properties":{"nombre":"CHILE","tipo":"Ciclovías","barrio":"Balvanera"},"geometry":{"type":"LineString","coordinates":[[-58.391678,-34.616878],[-58.391922,-34.616894],[-58.39301,-34.616963],[-58.393193,-34.616977]]}},{"type":"Feature","properties":{"nombre":"CALVO, CARLOS","tipo":"Ciclovías","barrio":"Constitucion"},"geometry":{"type":"LineString","coordinates":[[-58.382981,-34.619764],[-58.383152,-34.619763],[-58.38415,-34.619796],[-58.384348,-34.619804]]}},{"type":"Feature","properties":{"nombre":"ARENALES","tipo":"Ciclovías","barrio":"Retiro"},"geometry":{"type":"LineString","coordinates":[[-58.376869,-34.594558],[-58.377618,-34.594111]]}},{"type":"Feature","properties":{"nombre":"CORDOBA AV.","tipo":"Ciclovías mano única","barrio":"Recoleta"},"geometry":{"type":"LineString","coordinates":[[-58.394399,-34.599673],[-58.394715,-34.599681],[-58.39582,-34.599703]]}},{"type":"Feature","properties":{"nombre":"VERA PEÑALOZA,  ROSARIO","tipo":"Ciclovías","barrio":"Puerto Madero"},"geometry":{"type":"LineString","coordinates":[[-58.363287,-34.617833],[-58.363082,-34.617727],[-58.362884,-34.617573]]}},{"type":"Feature","properties":{"nombre":"ARTIGAS, JOSE GERVASIO, GRAL.","tipo":"Ciclovías","barrio":"Villa Gral. Mitre"},"geometry":{"type":"LineString","coordinates":[[-58.471123,-34.61525],[-58.471522,-34.614749]]}},{"type":"Feature","properties":{"nombre":"DEL LIBERTADOR AV.","tipo":"Ciclovías","barrio":"Nuñez"},"geometry":{"type":"LineString","coordinates":[[-58.463365,-34.541371],[-58.463825,-34.540699]]}},{"type":"Feature","properties":{"nombre":"MILLER","tipo":"Ciclovías","barrio":"Villa Urquiza"},"geometry":{"type":"LineString","coordinates":[[-58.481734,-34.570197],[-58.481895,-34.570011]]}},{"type":"Feature","properties":{"nombre":"BARCO CENTENERA DEL","tipo":"Ciclovías","barrio":"Parque Chacabuco"},"geometry":{"type":"LineString","coordinates":[[-58.436724,-34.633075],[-58.435709,-34.634623]]}},{"type":"Feature","properties":{"nombre":"PERON, JUAN DOMINGO, TTE. GENERAL","tipo":"Ciclovías","barrio":"Balvanera"},"geometry":{"type":"LineString","coordinates":[[-58.411867,-34.607811],[-58.412765,-34.607635]]}},{"type":"Feature","properties":{"nombre":"ROCA, CNEL. AV.","tipo":"Ciclovías","barrio":"Villa Riachuelo"},"geometry":{"type":"LineString","coordinates":[[-58.450319,-34.680426],[-58.450832,-34.680906],[-58.451434,-34.681373],[-58.452155,-34.681835]]}},{"type":"Feature","properties":{"nombre":"PUENTE PEATONAL CARLOS SANCHEZ VIAMONTE","tipo":"Ciclovías","barrio":"Recoleta"},"geometry":{"type":"LineString","coordinates":[[-58.391446,-34.584116],[-58.391286,-34.583857]]}},{"type":"Feature","properties":{"nombre":"PUENTE CABALLITO","tipo":"Ciclovías","barrio":"Caballito"},"geometry":{"type":"LineString","coordinates":[[-58.449848,-34.622331],[-58.449786,-34.622327],[-58.44951,-34.622307],[-58.449328,-34.62219],[-58.449216,-34.622026],[-58.44922,-34.621841],[-58.44932,-34.621626],[-58.449825,-34.620479],[-58.449983,-34.61977],[-58.450098,-34.619161],[-58.450231,-34.618867]]}},{"type":"Feature","properties":{"nombre":"DEL LIBERTADOR AV.","tipo":"Ciclovías","barrio":"Palermo"},"geometry":{"type":"LineString","coordinates":[[-58.404648,-34.580515],[-58.404692,-34.58048]]}},{"type":"Feature","properties":{"nombre":"GARCIA, TEODORO","tipo":"Ciclovías","barrio":"Palermo"},"geometry":{"type":"LineString","coordinates":[[-58.43985,-34.563043],[-58.440601,-34.5639]]}},{"type":"Feature","properties":{"nombre":"HUGO, VICTOR","tipo":"Ciclovías","barrio":"Villa Luro"},"geometry":{"type":"LineString","coordinates":[[-58.509079,-34.630817],[-58.509969,-34.63015],[-58.510089,-34.630061]]}},{"type":"Feature","properties":{"nombre":"ROSETI","tipo":"Ciclovías","barrio":"Villa Ortuzar"},"geometry":{"type":"LineString","coordinates":[[-58.464758,-34.581732],[-58.466182,-34.58169]]}},{"type":"Feature","properties":{"nombre":"GUIRALDES, INT.","tipo":"Ciclovías","barrio":"Belgrano"},"geometry":{"type":"LineString","coordinates":[[-58.439217,-34.545383],[-58.439059,-34.545331],[-58.43892,-34.54524]]}},{"type":"Feature","properties":{"nombre":"SUIPACHA","tipo":"Ciclovías","barrio":"San Nicolas"},"geometry":{"type":"LineString","coordinates":[[-58.379221,-34.608297],[-58.379277,-34.607261],[-58.379281,-34.607156]]}},{"type":"Feature","properties":{"nombre":"TRES ARROYOS","tipo":"Ciclovías","barrio":"Villa Gral. Mitre"},"geometry":{"type":"LineString","coordinates":[[-58.46285,-34.610163],[-58.464414,-34.610987]]}},{"type":"Feature","properties":{"nombre":"FRAY CAYETANO RODRIGUEZ","tipo":"Ciclovías","barrio":"Flores"},"geometry":{"type":"LineString","coordinates":[[-58.465679,-34.622516],[-58.465991,-34.622136]]}},{"type":"Feature","properties":{"nombre":"MEXICO","tipo":"Ciclovías","barrio":"Balvanera"},"geometry":{"type":"LineString","coordinates":[[-58.402689,-34.616745],[-58.402855,-34.616772],[-58.404141,-34.617044]]}},{"type":"Feature","properties":{"nombre":"URIBURU JOSE E., PRES.","tipo":"Ciclovías","barrio":"Balvanera"},"geometry":{"type":"LineString","coordinates":[[-58.3985,-34.602203],[-58.398624,-34.601073]]}},{"type":"Feature","properties":{"nombre":"BILBAO, FRANCISCO","tipo":"Ciclovías","barrio":"Parque Chacabuco"},"geometry":{"type":"LineString","coordinates":[[-58.450104,-34.631336],[-58.451101,-34.631653]]}},{"type":"Feature","properties":{"nombre":"BALBASTRO","tipo":"Ciclovías","barrio":"Flores"},"geometry":{"type":"LineString","coordinates":[[-58.446288,-34.641351],[-58.447152,-34.642126]]}},{"type":"Feature","properties":{"nombre":"ALSINA, VALENTIN AV.","tipo":"Ciclovías","barrio":"Palermo"},"geometry":{"type":"LineString","coordinates":[[-58.43486,-34.56209],[-58.434135,-34.561885],[-58.433256,-34.561698],[-58.43245,-34.561623],[-58.431774,-34.561605],[-58.431293,-34.561623]]}},{"type":"Feature","properties":{"nombre":"LACROZE, FEDERICO","tipo":"Ciclovías","barrio":"Palermo"},"geometry":{"type":"LineString","coordinates":[[-58.438178,-34.562947],[-58.438811,-34.563665]]}},{"type":"Feature","properties":{"nombre":"CUBA","tipo":"Ciclovías","barrio":"Nuñez"},"geometry":{"type":"LineString","coordinates":[[-58.464963,-34.549492],[-58.465531,-34.548717]]}},{"type":"Feature","properties":{"nombre":"CHIVILCOY AV.","tipo":"Ciclovías mano única","barrio":"Villa Devoto"},"geometry":{"type":"LineString","coordinates":[[-58.515443,-34.595749],[-58.516067,-34.595055],[-58.51621,-34.594897]]}},{"type":"Feature","properties":{"nombre":"ECUADOR","tipo":"Ciclovías","barrio":"Balvanera"},"geometry":{"type":"LineString","coordinates":[[-58.409117,-34.6079],[-58.409129,-34.607581],[-58.408807,-34.606854],[-58.408741,-34.606681]]}},{"type":"Feature","properties":{"nombre":"LOYOLA","tipo":"Ciclovías","barrio":"Chacarita"},"geometry":{"type":"LineString","coordinates":[[-58.442276,-34.58903],[-58.443305,-34.58825]]}},{"type":"Feature","properties":{"nombre":"TRES ARROYOS","tipo":"Ciclovías","barrio":"Villa Crespo"},"geometry":{"type":"LineString","coordinates":[[-58.450599,-34.603541],[-58.450705,-34.603608],[-58.451585,-34.604153]]}},{"type":"Feature","properties":{"nombre":"TACUARI","tipo":"Ciclovías","barrio":"Constitucion"},"geometry":{"type":"LineString","coordinates":[[-58.378591,-34.623618],[-58.378059,-34.625593],[-58.37801,-34.625654]]}},{"type":"Feature","properties":{"nombre":"ARENALES","tipo":"Ciclovías","barrio":"Retiro"},"geometry":{"type":"LineString","coordinates":[[-58.378541,-34.594098],[-58.380038,-34.59411]]}},{"type":"Feature","properties":{"nombre":"TRONADOR","tipo":"Ciclovías","barrio":"Coghlan"},"geometry":{"type":"LineString","coordinates":[[-58.47995,-34.561961],[-58.480593,-34.561047],[-58.480675,-34.56093]]}},{"type":"Feature","properties":{"nombre":"DEL LIBERTADOR AV.","tipo":"Ciclovías","barrio":"Nuñez"},"geometry":{"type":"LineString","coordinates":[[-58.457295,-34.54672],[-58.458044,-34.546118],[-58.458118,-34.546059]]}},{"type":"Feature","properties":{"nombre":"LUGONES, LEOPOLDO AV.","tipo":"Ciclovías","barrio":"Nuñez"},"geometry":{"type":"LineString","coordinates":[[-58.450815,-34.542855],[-58.450757,-34.542964],[-58.450644,-34.543082],[-58.450389,-34.543166],[-58.450221,-34.543223],[-58.450104,-34.543293],[-58.450055,-34.543358],[-58.450044,-34.543463]]}},{"type":"Feature","properties":{"nombre":"SAN MARTIN","tipo":"Ciclovías","barrio":"Retiro"},"geometry":{"type":"LineString","coordinates":[[-58.374349,-34.595781],[-58.374404,-34.595059]]}},{"type":"Feature","properties":{"nombre":"BILBAO, FRANCISCO","tipo":"Ciclovías","barrio":"Parque Chacabuco"},"geometry":{"type":"LineString","coordinates":[[-58.449045,-34.630999],[-58.450104,-34.631336]]}},{"type":"Feature","properties":{"nombre":"BULNES","tipo":"Ciclovías","barrio":"Almagro"},"geometry":{"type":"LineString","coordinates":[[-58.418667,-34.607286],[-58.418617,-34.606779]]}},{"type":"Feature","properties":{"nombre":"MONTEVIDEO","tipo":"Ciclovías","barrio":"San Nicolas"},"geometry":{"type":"LineString","coordinates":[[-58.389395,-34.604218],[-58.389403,-34.604058],[-58.389463,-34.603011]]}},{"type":"Feature","properties":{"nombre":"HUMAHUACA","tipo":"Ciclovías","barrio":"Almagro"},"geometry":{"type":"LineString","coordinates":[[-58.428387,-34.601159],[-58.429951,-34.601002]]}},{"type":"Feature","properties":{"nombre":"TREINTA Y TRES ORIENTALES","tipo":"Ciclovías","barrio":"Boedo"},"geometry":{"type":"LineString","coordinates":[[-58.422271,-34.628847],[-58.422091,-34.629668]]}},{"type":"Feature","properties":{"nombre":"TREINTA Y TRES ORIENTALES","tipo":"Ciclovías","barrio":"Almagro"},"geometry":{"type":"LineString","coordinates":[[-58.424568,-34.614831],[-58.424536,-34.615017],[-58.42449,-34.615895]]}},{"type":"Feature","properties":{"nombre":"ESTRADA","tipo":"Ciclovías","barrio":"Parque Chacabuco"},"geometry":{"type":"LineString","coordinates":[[-58.438344,-34.63261],[-58.438596,-34.632741]]}},{"type":"Feature","properties":{"nombre":"POLA","tipo":"Ciclovías","barrio":"Mataderos"},"geometry":{"type":"LineString","coordinates":[[-58.496156,-34.653179],[-58.49594,-34.653346]]}},{"type":"Feature","properties":{"nombre":"PATRICIAS ARGENTINAS AV.","tipo":"Ciclovías","barrio":"Caballito"},"geometry":{"type":"LineString","coordinates":[[-58.433107,-34.607615],[-58.433005,-34.60746],[-58.432966,-34.607373],[-58.432942,-34.607311],[-58.432914,-34.60723],[-58.432885,-34.607126],[-58.432865,-34.607027],[-58.432852,-34.606935],[-58.432846,-34.606835],[-58.432847,-34.606735],[-58.432878,-34.606504]]}},{"type":"Feature","properties":{"nombre":"ZAÑARTU","tipo":"Ciclovías","barrio":"Parque Chacabuco"},"geometry":{"type":"LineString","coordinates":[[-58.424045,-34.638073],[-58.425469,-34.638325]]}},{"type":"Feature","properties":{"nombre":"PUAN","tipo":"Ciclovías","barrio":"Caballito"},"geometry":{"type":"LineString","coordinates":[[-58.448267,-34.62446],[-58.447887,-34.62539]]}},{"type":"Feature","properties":{"nombre":"GUIRALDES, INT.","tipo":"Ciclovías","barrio":"Belgrano"},"geometry":{"type":"LineString","coordinates":[[-58.437862,-34.547637],[-58.43846,-34.546672]]}},{"type":"Feature","properties":{"nombre":"LOYOLA","tipo":"Ciclovías","barrio":"Villa Crespo"},"geometry":{"type":"LineString","coordinates":[[-58.432995,-34.598658],[-58.43378,-34.597818]]}},{"type":"Feature","properties":{"nombre":"HUMAHUACA","tipo":"Ciclovías","barrio":"Almagro"},"geometry":{"type":"LineString","coordinates":[[-58.425466,-34.601448],[-58.426928,-34.601305]]}},{"type":"Feature","properties":{"nombre":"VALLE","tipo":"Ciclovías","barrio":"Caballito"},"geometry":{"type":"LineString","coordinates":[[-58.443325,-34.625254],[-58.444596,-34.62534]]}},{"type":"Feature","properties":{"nombre":"COMPLEJO CIUDAD UNIVERSITARIA (SIN NOMBRE OFICIAL)","tipo":"Ciclovías","barrio":"Belgrano"},"geometry":{"type":"LineString","coordinates":[[-58.443881,-34.542157],[-58.444851,-34.541618]]}},{"type":"Feature","properties":{"nombre":"NUEVA YORK","tipo":"Ciclovías","barrio":"Agronomia"},"geometry":{"type":"LineString","coordinates":[[-58.493579,-34.588956],[-58.494148,-34.589308]]}},{"type":"Feature","properties":{"nombre":"DON BOSCO","tipo":"Ciclovías","barrio":"Almagro"},"geometry":{"type":"LineString","coordinates":[[-58.420635,-34.613171],[-58.421989,-34.613391]]}},{"type":"Feature","properties":{"nombre":"ESTADO DE ISRAEL AV.","tipo":"Ciclovías mano única","barrio":"Villa Crespo"},"geometry":{"type":"LineString","coordinates":[[-58.429648,-34.59932],[-58.430152,-34.59977]]}},{"type":"Feature","properties":{"nombre":"ESTADOS UNIDOS","tipo":"Ciclovías","barrio":"Boedo"},"geometry":{"type":"LineString","coordinates":[[-58.424859,-34.623305],[-58.426302,-34.62347]]}},{"type":"Feature","properties":{"nombre":"CORDOBA AV.","tipo":"Ciclovías mano única","barrio":"Recoleta"},"geometry":{"type":"LineString","coordinates":[[-58.411921,-34.598002],[-58.412093,-34.597993],[-58.412986,-34.597958],[-58.413255,-34.597948]]}},{"type":"Feature","properties":{"nombre":"LINIERS VIRREY","tipo":"Ciclovías","barrio":"Boedo"},"geometry":{"type":"LineString","coordinates":[[-58.413011,-34.631317],[-58.412962,-34.631807],[-58.412965,-34.632016]]}},{"type":"Feature","properties":{"nombre":"PEPIRI","tipo":"Ciclovías","barrio":"Parque Patricios"},"geometry":{"type":"LineString","coordinates":[[-58.409471,-34.646179],[-58.409197,-34.647307]]}},{"type":"Feature","properties":{"nombre":"CORDOBA AV.","tipo":"Ciclovías mano única","barrio":"Recoleta"},"geometry":{"type":"LineString","coordinates":[[-58.403086,-34.598795],[-58.403724,-34.598454]]}},{"type":"Feature","properties":{"nombre":"NUEVA YORK","tipo":"Ciclovías","barrio":"Agronomia"},"geometry":{"type":"LineString","coordinates":[[-58.497554,-34.591416],[-58.498839,-34.592208]]}},{"type":"Feature","properties":{"nombre":"GRIVEO","tipo":"Ciclovías","barrio":"Villa Devoto"},"geometry":{"type":"LineString","coordinates":[[-58.511137,-34.589129],[-58.511701,-34.589478]]}},{"type":"Feature","properties":{"nombre":"BLANCO ENCALADA","tipo":"Ciclovías","barrio":"Villa Urquiza"},"geometry":{"type":"LineString","coordinates":[[-58.47932,-34.57133],[-58.480099,-34.571805],[-58.480237,-34.57189]]}},{"type":"Feature","properties":{"nombre":"MILLER","tipo":"Ciclovías","barrio":"Saavedra"},"geometry":{"type":"LineString","coordinates":[[-58.491327,-34.558512],[-58.491857,-34.55775]]}},{"type":"Feature","properties":{"nombre":"ESTRADA","tipo":"Ciclovías","barrio":"Parque Chacabuco"},"geometry":{"type":"LineString","coordinates":[[-58.428714,-34.630834],[-58.42894,-34.630865],[-58.430155,-34.631031]]}},{"type":"Feature","properties":{"nombre":"ZAVALETA","tipo":"Ciclovías","barrio":"Parque Patricios"},"geometry":{"type":"LineString","coordinates":[[-58.403528,-34.637977],[-58.403491,-34.63815],[-58.403329,-34.638869]]}},{"type":"Feature","properties":{"nombre":"ROSALES AV.","tipo":"Ciclovías","barrio":"San Nicolas"},"geometry":{"type":"LineString","coordinates":[[-58.369189,-34.606356],[-58.369182,-34.606193],[-58.3692,-34.605915],[-58.369073,-34.605903],[-58.368952,-34.6059],[-58.369004,-34.605389],[-58.368847,-34.605364],[-58.368854,-34.605252]]}},{"type":"Feature","properties":{"nombre":"HUMAHUACA","tipo":"Ciclovías","barrio":"Almagro"},"geometry":{"type":"LineString","coordinates":[[-58.412975,-34.603234],[-58.414319,-34.60292]]}},{"type":"Feature","properties":{"nombre":"QUILMES","tipo":"Ciclovías","barrio":"Nueva Pompeya"},"geometry":{"type":"LineString","coordinates":[[-58.418251,-34.640792],[-58.417949,-34.641915]]}},{"type":"Feature","properties":{"nombre":"FRAGATA PRES. SARMIENTO","tipo":"Ciclovías","barrio":"Caballito"},"geometry":{"type":"LineString","coordinates":[[-58.455663,-34.610675],[-58.456354,-34.609694]]}},{"type":"Feature","properties":{"nombre":"PERON, JUAN DOMINGO, TTE. GENERAL","tipo":"Ciclovías mano única","barrio":"San Nicolas"},"geometry":{"type":"LineString","coordinates":[[-58.384996,-34.606347],[-58.385457,-34.606378]]}},{"type":"Feature","properties":{"nombre":"SAN JUAN AV.","tipo":"Ciclovías","barrio":"San Telmo"},"geometry":{"type":"LineString","coordinates":[[-58.367072,-34.621601],[-58.367073,-34.621601],[-58.368037,-34.621672],[-58.368315,-34.621686]]}},{"type":"Feature","properties":{"nombre":"SASTRE, MARCOS","tipo":"Ciclovías","barrio":"Monte Castro"},"geometry":{"type":"LineString","coordinates":[[-58.518906,-34.623611],[-58.519313,-34.623944]]}},{"type":"Feature","properties":{"nombre":"GARCIA, MARTIN AV.","tipo":"Ciclovías","barrio":"San Telmo"},"geometry":{"type":"LineString","coordinates":[[-58.368617,-34.62757],[-58.368752,-34.627679],[-58.369449,-34.628322]]}},{"type":"Feature","properties":{"nombre":"MELIAN AV.","tipo":"Ciclovías","barrio":"Belgrano"},"geometry":{"type":"LineString","coordinates":[[-58.470439,-34.566228],[-58.470717,-34.566108]]}},{"type":"Feature","properties":{"nombre":"MARTINEZ CASTRO","tipo":"Ciclovías","barrio":"Parque Avellaneda"},"geometry":{"type":"LineString","coordinates":[[-58.476955,-34.64011],[-58.476104,-34.640778],[-58.475917,-34.640927]]}},{"type":"Feature","properties":{"nombre":"PERON, JUAN DOMINGO, TTE. GENERAL","tipo":"Ciclovías","barrio":"Balvanera"},"geometry":{"type":"LineString","coordinates":[[-58.410473,-34.607935],[-58.410638,-34.607933],[-58.411863,-34.607872]]}},{"type":"Feature","properties":{"nombre":"DIAZ, CNEL. AV.","tipo":"Ciclovías","barrio":"Palermo"},"geometry":{"type":"LineString","coordinates":[[-58.41288,-34.592319],[-58.412465,-34.591835]]}},{"type":"Feature","properties":{"nombre":"LA PAMPA","tipo":"Ciclovías","barrio":"Villa Urquiza"},"geometry":{"type":"LineString","coordinates":[[-58.481129,-34.580368],[-58.482145,-34.58096]]}},{"type":"Feature","properties":{"nombre":"IRALA","tipo":"Ciclovías","barrio":"La Boca"},"geometry":{"type":"LineString","coordinates":[[-58.368391,-34.630602],[-58.368099,-34.631519]]}},{"type":"Feature","properties":{"nombre":"CORDOBA AV.","tipo":"Ciclovías mano única","barrio":"Recoleta"},"geometry":{"type":"LineString","coordinates":[[-58.41463,-34.597897],[-58.415665,-34.597859],[-58.416003,-34.597854]]}},{"type":"Feature","properties":{"nombre":"PEPIRI","tipo":"Ciclovías","barrio":"Parque Patricios"},"geometry":{"type":"LineString","coordinates":[[-58.409124,-34.641672],[-58.409308,-34.642728]]}},{"type":"Feature","properties":{"nombre":"PATRON","tipo":"Ciclovías","barrio":"Liniers"},"geometry":{"type":"LineString","coordinates":[[-58.518267,-34.650601],[-58.519057,-34.651313]]}},{"type":"Feature","properties":{"nombre":"SAN MARTIN","tipo":"Ciclovías","barrio":"Retiro"},"geometry":{"type":"LineString","coordinates":[[-58.374191,-34.598622],[-58.374204,-34.59845],[-58.374232,-34.597919]]}},{"type":"Feature","properties":{"nombre":"AZOPARDO","tipo":"Ciclovías","barrio":"Monserrat"},"geometry":{"type":"LineString","coordinates":[[-58.367967,-34.612221],[-58.367825,-34.613456]]}},{"type":"Feature","properties":{"nombre":"BRAVARD","tipo":"Ciclovías","barrio":"Villa Crespo"},"geometry":{"type":"LineString","coordinates":[[-58.439023,-34.603867],[-58.439409,-34.603482]]}},{"type":"Feature","properties":{"nombre":"ESTADO DE ISRAEL AV.","tipo":"Ciclovías mano única","barrio":"Villa Crespo"},"geometry":{"type":"LineString","coordinates":[[-58.424956,-34.597851],[-58.426305,-34.597881],[-58.426441,-34.597899]]}},{"type":"Feature","properties":{"nombre":"ECHEVERRIA","tipo":"Ciclovías","barrio":"Belgrano"},"geometry":{"type":"LineString","coordinates":[[-58.45775,-34.564092],[-58.458641,-34.564615]]}},{"type":"Feature","properties":{"nombre":"ALVAREZ, JULIAN","tipo":"Ciclovías","barrio":"Palermo"},"geometry":{"type":"LineString","coordinates":[[-58.425201,-34.593504],[-58.424288,-34.592871]]}},{"type":"Feature","properties":{"nombre":"GRANADEROS","tipo":"Ciclovías","barrio":"Flores"},"geometry":{"type":"LineString","coordinates":[[-58.4618,-34.621833],[-58.462176,-34.621096],[-58.462225,-34.620992]]}},{"type":"Feature","properties":{"nombre":"COLECTORA CANTILO, INT.","tipo":"Ciclovías","barrio":"Belgrano"},"geometry":{"type":"LineString","coordinates":[[-58.450673,-34.540736],[-58.450793,-34.54077],[-58.450982,-34.540719],[-58.451711,-34.54041],[-58.452438,-34.540165],[-58.454305,-34.539655],[-58.455011,-34.539397],[-58.456266,-34.538822],[-58.45738,-34.538251],[-58.457563,-34.538157],[-58.45799,-34.537863],[-58.45842,-34.537488],[-58.459113,-34.536931],[-58.459535,-34.536522]]}},{"type":"Feature","properties":{"nombre":"PERON, JUAN DOMINGO, TTE. GENERAL","tipo":"Ciclovías","barrio":"Almagro"},"geometry":{"type":"LineString","coordinates":[[-58.417277,-34.606887],[-58.418617,-34.606779]]}},{"type":"Feature","properties":{"nombre":"CERETTI","tipo":"Ciclovías","barrio":"Villa Urquiza"},"geometry":{"type":"LineString","coordinates":[[-58.493064,-34.578205],[-58.493134,-34.57817],[-58.493308,-34.577983],[-58.493303,-34.577926]]}},{"type":"Feature","properties":{"nombre":"AMENABAR","tipo":"Ciclovías","barrio":"Colegiales"},"geometry":{"type":"LineString","coordinates":[[-58.453284,-34.568408],[-58.454788,-34.567537]]}},{"type":"Feature","properties":{"nombre":"DON BOSCO","tipo":"Ciclovías","barrio":"Almagro"},"geometry":{"type":"LineString","coordinates":[[-58.419147,-34.612816],[-58.420482,-34.613146],[-58.420635,-34.613171]]}},{"type":"Feature","properties":{"nombre":"FALCON, RAMON L.,CNEL.","tipo":"Ciclovías","barrio":"Caballito"},"geometry":{"type":"LineString","coordinates":[[-58.447786,-34.624246],[-58.44807,-34.624372],[-58.448267,-34.62446]]}},{"type":"Feature","properties":{"nombre":"FRAGATA PRES. SARMIENTO","tipo":"Ciclovías","barrio":"Caballito"},"geometry":{"type":"LineString","coordinates":[[-58.448123,-34.623322],[-58.44869,-34.622152]]}},{"type":"Feature","properties":{"nombre":"DON PEDRO DE MENDOZA AV.","tipo":"Ciclovías","barrio":"La Boca"},"geometry":{"type":"LineString","coordinates":[[-58.358654,-34.641726],[-58.358489,-34.641884],[-58.358365,-34.642049],[-58.358189,-34.642321],[-58.358065,-34.642564]]}},{"type":"Feature","properties":{"nombre":"CHIVILCOY AV.","tipo":"Ciclovías mano única","barrio":"Villa Devoto"},"geometry":{"type":"LineString","coordinates":[[-58.513629,-34.597991],[-58.514275,-34.597269]]}},{"type":"Feature","properties":{"nombre":"VEDIA, AGUSTIN DE","tipo":"Ciclovías","barrio":"Nueva Pompeya"},"geometry":{"type":"LineString","coordinates":[[-58.421907,-34.656332],[-58.421497,-34.65668]]}},{"type":"Feature","properties":{"nombre":"FRAGATA PRES. SARMIENTO","tipo":"Ciclovías","barrio":"Caballito"},"geometry":{"type":"LineString","coordinates":[[-58.452037,-34.615716],[-58.452709,-34.614788]]}},{"type":"Feature","properties":{"nombre":"TUCUMAN","tipo":"Ciclovías","barrio":"Balvanera"},"geometry":{"type":"LineString","coordinates":[[-58.406946,-34.601625],[-58.407763,-34.60111]]}},{"type":"Feature","properties":{"nombre":"ROCA, CNEL. AV.","tipo":"Ciclovías","barrio":"Villa Riachuelo"},"geometry":{"type":"LineString","coordinates":[[-58.452155,-34.681835],[-58.452878,-34.682453],[-58.453583,-34.683093],[-58.454281,-34.683743],[-58.455075,-34.684465]]}},{"type":"Feature","properties":{"nombre":"ESTRADA","tipo":"Ciclovías","barrio":"Parque Chacabuco"},"geometry":{"type":"LineString","coordinates":[[-58.438596,-34.632741],[-58.438881,-34.632889]]}},{"type":"Feature","properties":{"nombre":"ZAÑARTU","tipo":"Ciclovías","barrio":"Parque Chacabuco"},"geometry":{"type":"LineString","coordinates":[[-58.425469,-34.638325],[-58.426535,-34.638514],[-58.426704,-34.638544]]}},{"type":"Feature","properties":{"nombre":"GARCIA, TEODORO","tipo":"Ciclovías","barrio":"Colegiales"},"geometry":{"type":"LineString","coordinates":[[-58.447232,-34.571915],[-58.447561,-34.572414]]}},{"type":"Feature","properties":{"nombre":"GRANADEROS","tipo":"Ciclovías","barrio":"Flores"},"geometry":{"type":"LineString","coordinates":[[-58.460647,-34.624097],[-58.461202,-34.623006]]}},{"type":"Feature","properties":{"nombre":"PAVON","tipo":"Ciclovías","barrio":"Boedo"},"geometry":{"type":"LineString","coordinates":[[-58.412638,-34.629395],[-58.413181,-34.629525]]}},{"type":"Feature","properties":{"nombre":"ALVEAR, MARCELO T. DE","tipo":"Ciclovías","barrio":"Retiro"},"geometry":{"type":"LineString","coordinates":[[-58.372447,-34.596142],[-58.373122,-34.596177]]}},{"type":"Feature","properties":{"nombre":"LA PAMPA","tipo":"Ciclovías","barrio":"Villa Urquiza"},"geometry":{"type":"LineString","coordinates":[[-58.483134,-34.581535],[-58.484121,-34.582109]]}},{"type":"Feature","properties":{"nombre":"DEL LIBERTADOR AV.","tipo":"Ciclovías","barrio":"Palermo"},"geometry":{"type":"LineString","coordinates":[[-58.404692,-34.58048],[-58.4053,-34.579994],[-58.405569,-34.579776]]}},{"type":"Feature","properties":{"nombre":"HERRERA","tipo":"Ciclovías","barrio":"Barracas"},"geometry":{"type":"LineString","coordinates":[[-58.377673,-34.638162],[-58.377573,-34.63841],[-58.377159,-34.640012],[-58.377093,-34.640351]]}},{"type":"Feature","properties":{"nombre":"MARTINEZ, ENRIQUE, GRAL.","tipo":"Ciclovías","barrio":"Colegiales"},"geometry":{"type":"LineString","coordinates":[[-58.44911,-34.579352],[-58.449984,-34.578927]]}},{"type":"Feature","properties":{"nombre":"PRIMERA JUNTA","tipo":"Ciclovías","barrio":"Flores"},"geometry":{"type":"LineString","coordinates":[[-58.459724,-34.640378],[-58.460332,-34.640807]]}},{"type":"Feature","properties":{"nombre":"LAS CASAS","tipo":"Ciclovías","barrio":"Boedo"},"geometry":{"type":"LineString","coordinates":[[-58.415208,-34.635027],[-58.416178,-34.635319]]}},{"type":"Feature","properties":{"nombre":"MORON","tipo":"Ciclovías","barrio":"Flores"},"geometry":{"type":"LineString","coordinates":[[-58.465991,-34.622136],[-58.467078,-34.622471]]}},{"type":"Feature","properties":{"nombre":"BRASIL","tipo":"Ciclovías","barrio":"Constitucion"},"geometry":{"type":"LineString","coordinates":[[-58.388098,-34.628837],[-58.389296,-34.629044]]}},{"type":"Feature","properties":{"nombre":"CORRIENTES AV.","tipo":"Ciclovías mano única","barrio":"Balvanera"},"geometry":{"type":"LineString","coordinates":[[-58.406645,-34.604412],[-58.407815,-34.604257]]}},{"type":"Feature","properties":{"nombre":"AMENABAR","tipo":"Ciclovías","barrio":"Nuñez"},"geometry":{"type":"LineString","coordinates":[[-58.468704,-34.551957],[-58.469317,-34.551155]]}},{"type":"Feature","properties":{"nombre":"HUGO, VICTOR","tipo":"Ciclovías","barrio":"Villa Luro"},"geometry":{"type":"LineString","coordinates":[[-58.508133,-34.631525],[-58.508254,-34.631434],[-58.509079,-34.630817]]}},{"type":"Feature","properties":{"nombre":"MISIONES","tipo":"Ciclovías","barrio":"Balvanera"},"geometry":{"type":"LineString","coordinates":[[-58.404577,-34.610041],[-58.404511,-34.610979],[-58.404493,-34.611178]]}},{"type":"Feature","properties":{"nombre":"AZOPARDO","tipo":"Ciclovías","barrio":"Monserrat"},"geometry":{"type":"LineString","coordinates":[[-58.368202,-34.6111],[-58.368305,-34.610906],[-58.368342,-34.610566],[-58.368387,-34.610147],[-58.368433,-34.609726],[-58.368518,-34.609178],[-58.368733,-34.609027]]}},{"type":"Feature","properties":{"nombre":"RONDEAU","tipo":"Ciclovías","barrio":"Parque Patricios"},"geometry":{"type":"LineString","coordinates":[[-58.397871,-34.634507],[-58.399298,-34.634758]]}},{"type":"Feature","properties":{"nombre":"LOYOLA","tipo":"Ciclovías","barrio":"Villa Crespo"},"geometry":{"type":"LineString","coordinates":[[-58.434444,-34.597108],[-58.435328,-34.596162]]}},{"type":"Feature","properties":{"nombre":"GONZALEZ, ELPIDIO","tipo":"Ciclovías","barrio":"Monte Castro"},"geometry":{"type":"LineString","coordinates":[[-58.498294,-34.619708],[-58.499274,-34.620518]]}},{"type":"Feature","properties":{"nombre":"11 DE SEPTIEMBRE DE 1888","tipo":"Ciclovías","barrio":"Belgrano"},"geometry":{"type":"LineString","coordinates":[[-58.448721,-34.561601],[-58.449534,-34.560657]]}},{"type":"Feature","properties":{"nombre":"SAN MARTIN","tipo":"Ciclovías","barrio":"Retiro"},"geometry":{"type":"LineString","coordinates":[[-58.374232,-34.597919],[-58.374252,-34.59753],[-58.374258,-34.597425]]}},{"type":"Feature","properties":{"nombre":"PEDRAZA, MANUELA","tipo":"Ciclovías","barrio":"Villa Urquiza"},"geometry":{"type":"LineString","coordinates":[[-58.49974,-34.569043],[-58.50022,-34.569309]]}},{"type":"Feature","properties":{"nombre":"VALLE","tipo":"Ciclovías","barrio":"Caballito"},"geometry":{"type":"LineString","coordinates":[[-58.433121,-34.62431],[-58.434483,-34.624458]]}},{"type":"Feature","properties":{"nombre":"MILLER","tipo":"Ciclovías","barrio":"Saavedra"},"geometry":{"type":"LineString","coordinates":[[-58.491857,-34.55775],[-58.492317,-34.557087],[-58.492387,-34.556987]]}},{"type":"Feature","properties":{"nombre":"TUCUMAN","tipo":"Ciclovías","barrio":"Balvanera"},"geometry":{"type":"LineString","coordinates":[[-58.400904,-34.60221],[-58.402146,-34.602107],[-58.402307,-34.60209]]}},{"type":"Feature","properties":{"nombre":"GORRITI","tipo":"Ciclovías","barrio":"Palermo"},"geometry":{"type":"LineString","coordinates":[[-58.425201,-34.593504],[-58.426085,-34.592789]]}},{"type":"Feature","properties":{"nombre":"CHICLANA AV.","tipo":"Ciclovías","barrio":"Parque Patricios"},"geometry":{"type":"LineString","coordinates":[[-58.405457,-34.629183],[-58.405552,-34.629296]]}},{"type":"Feature","properties":{"nombre":"USPALLATA","tipo":"Ciclovías","barrio":"Barracas"},"geometry":{"type":"LineString","coordinates":[[-58.375793,-34.633253],[-58.377459,-34.633355]]}},{"type":"Feature","properties":{"nombre":"MAIPU AV.","tipo":"Ciclovías","barrio":"Retiro"},"geometry":{"type":"LineString","coordinates":[[-58.376869,-34.594558],[-58.376848,-34.594436],[-58.375728,-34.592984],[-58.375335,-34.592765]]}},{"type":"Feature","properties":{"nombre":"DEL LIBERTADOR AV.","tipo":"Ciclovías","barrio":"Retiro"},"geometry":{"type":"LineString","coordinates":[[-58.373842,-34.593568],[-58.374562,-34.59322],[-58.375335,-34.592765]]}},{"type":"Feature","properties":{"nombre":"CHIVILCOY AV.","tipo":"Ciclovías mano única","barrio":"Villa Devoto"},"geometry":{"type":"LineString","coordinates":[[-58.516982,-34.594042],[-58.517746,-34.593197]]}},{"type":"Feature","properties":{"nombre":"ROSETI","tipo":"Ciclovías","barrio":"Chacarita"},"geometry":{"type":"LineString","coordinates":[[-58.449555,-34.584888],[-58.449746,-34.584799],[-58.450772,-34.5843]]}},{"type":"Feature","properties":{"nombre":"SOLER","tipo":"Ciclovías","barrio":"Palermo"},"geometry":{"type":"LineString","coordinates":[[-58.429406,-34.583396],[-58.429846,-34.583047]]}},{"type":"Feature","properties":{"nombre":"MANSILLA, LUCIO NORBERTO, GENERAL","tipo":"Ciclovías","barrio":"Recoleta"},"geometry":{"type":"LineString","coordinates":[[-58.406236,-34.595533],[-58.406493,-34.595448],[-58.406684,-34.595386]]}},{"type":"Feature","properties":{"nombre":"BALBASTRO","tipo":"Ciclovías","barrio":"Parque Chacabuco"},"geometry":{"type":"LineString","coordinates":[[-58.443323,-34.639608],[-58.444406,-34.639874]]}},{"type":"Feature","properties":{"nombre":"ECHEVERRIA","tipo":"Ciclovías","barrio":"Belgrano"},"geometry":{"type":"LineString","coordinates":[[-58.450284,-34.559672],[-58.450349,-34.559711]]}},{"type":"Feature","properties":{"nombre":"MANSILLA, LUCIO NORBERTO, GENERAL","tipo":"Ciclovías","barrio":"Recoleta"},"geometry":{"type":"LineString","coordinates":[[-58.404586,-34.596073],[-58.405607,-34.595739]]}},{"type":"Feature","properties":{"nombre":"BOLIVAR","tipo":"Ciclovías","barrio":"Barracas"},"geometry":{"type":"LineString","coordinates":[[-58.371986,-34.629433],[-58.371667,-34.630521]]}},{"type":"Feature","properties":{"nombre":"TRES ARROYOS","tipo":"Ciclovías","barrio":"Caballito"},"geometry":{"type":"LineString","coordinates":[[-58.454468,-34.605913],[-58.455443,-34.606479]]}},{"type":"Feature","properties":{"nombre":"TUCUMAN","tipo":"Ciclovías","barrio":"San Nicolas"},"geometry":{"type":"LineString","coordinates":[[-58.389532,-34.601799],[-58.389667,-34.601813],[-58.3909,-34.601889]]}},{"type":"Feature","properties":{"nombre":"CHILE","tipo":"Ciclovías","barrio":"Monserrat"},"geometry":{"type":"LineString","coordinates":[[-58.387491,-34.616704],[-58.387711,-34.616707],[-58.388805,-34.616724],[-58.389054,-34.616734]]}},{"type":"Feature","properties":{"nombre":"VERTIZ VIRREY AV.","tipo":"Ciclovías","barrio":"Belgrano"},"geometry":{"type":"LineString","coordinates":[[-58.449399,-34.559147],[-58.450586,-34.558442]]}},{"type":"Feature","properties":{"nombre":"BLANCO ENCALADA","tipo":"Ciclovías","barrio":"Villa Urquiza"},"geometry":{"type":"LineString","coordinates":[[-58.486622,-34.575688],[-58.487619,-34.576277]]}},{"type":"Feature","properties":{"nombre":"TREINTA Y TRES ORIENTALES","tipo":"Ciclovías","barrio":"Almagro"},"geometry":{"type":"LineString","coordinates":[[-58.42449,-34.615895],[-58.424436,-34.616928]]}},{"type":"Feature","properties":{"nombre":"DORREGO AV.","tipo":"Ciclovías","barrio":"Palermo"},"geometry":{"type":"LineString","coordinates":[[-58.421856,-34.568595],[-58.420645,-34.566577]]}},{"type":"Feature","properties":{"nombre":"CORDOBA AV.","tipo":"Ciclovías mano única","barrio":"Palermo"},"geometry":{"type":"LineString","coordinates":[[-58.438251,-34.588857],[-58.438499,-34.58869]]}},{"type":"Feature","properties":{"nombre":"DEL LIBERTADOR AV.","tipo":"Ciclovías","barrio":"Retiro"},"geometry":{"type":"LineString","coordinates":[[-58.381972,-34.588699],[-58.382839,-34.588227]]}},{"type":"Feature","properties":{"nombre":"RAVIGNANI, EMILIO, DR.","tipo":"Ciclovías","barrio":"Palermo"},"geometry":{"type":"LineString","coordinates":[[-58.4372,-34.579837],[-58.436556,-34.579274]]}},{"type":"Feature","properties":{"nombre":"CONGRESO","tipo":"Ciclovías","barrio":"Nuñez"},"geometry":{"type":"LineString","coordinates":[[-58.461355,-34.554863],[-58.462534,-34.555481]]}},{"type":"Feature","properties":{"nombre":"ITUZAINGO","tipo":"Ciclovías","barrio":"Barracas"},"geometry":{"type":"LineString","coordinates":[[-58.379312,-34.632864],[-58.379946,-34.633001],[-58.380147,-34.63303]]}},{"type":"Feature","properties":{"nombre":"LAMAS, ANDRES","tipo":"Ciclovías","barrio":"Villa Gral. Mitre"},"geometry":{"type":"LineString","coordinates":[[-58.466561,-34.610616],[-58.466692,-34.610439],[-58.467112,-34.609892]]}},{"type":"Feature","properties":{"nombre":"DIAZ, CESAR, GRAL.","tipo":"Ciclovías","barrio":"Villa Santa Rita"},"geometry":{"type":"LineString","coordinates":[[-58.477771,-34.613769],[-58.479021,-34.614427]]}},{"type":"Feature","properties":{"nombre":"IRIGOYEN, BERNARDO DE","tipo":"Ciclovías","barrio":"Monserrat"},"geometry":{"type":"LineString","coordinates":[[-58.380717,-34.608375],[-58.380686,-34.609002]]}},{"type":"Feature","properties":{"nombre":"RODRIGUEZ, MARTIN","tipo":"Ciclovías","barrio":"La Boca"},"geometry":{"type":"LineString","coordinates":[[-58.362357,-34.632629],[-58.361977,-34.633303],[-58.361873,-34.633471]]}},{"type":"Feature","properties":{"nombre":"CHIVILCOY AV.","tipo":"Ciclovías mano única","barrio":"Villa Devoto"},"geometry":{"type":"LineString","coordinates":[[-58.508377,-34.603744],[-58.508566,-34.60354],[-58.509065,-34.60297]]}},{"type":"Feature","properties":{"nombre":"DIAZ, CNEL. AV.","tipo":"Ciclovías","barrio":"Palermo"},"geometry":{"type":"LineString","coordinates":[[-58.409501,-34.588227],[-58.409031,-34.587559]]}},{"type":"Feature","properties":{"nombre":"FRENCH","tipo":"Ciclovías","barrio":"Recoleta"},"geometry":{"type":"LineString","coordinates":[[-58.40304,-34.588626],[-58.403895,-34.588128],[-58.404057,-34.588033]]}},{"type":"Feature","properties":{"nombre":"ECUADOR","tipo":"Ciclovías","barrio":"Recoleta"},"geometry":{"type":"LineString","coordinates":[[-58.40279,-34.592096],[-58.402426,-34.59098]]}},{"type":"Feature","properties":{"nombre":"DEL LIBERTADOR AV.","tipo":"Ciclovías","barrio":"Nuñez"},"geometry":{"type":"LineString","coordinates":[[-58.455741,-34.548039],[-58.45633,-34.547529]]}},{"type":"Feature","properties":{"nombre":"MANSILLA, LUCIO NORBERTO, GENERAL","tipo":"Ciclovías","barrio":"Recoleta"},"geometry":{"type":"LineString","coordinates":[[-58.405607,-34.595739],[-58.406236,-34.595533]]}},{"type":"Feature","properties":{"nombre":"RAWSON","tipo":"Ciclovías","barrio":"Almagro"},"geometry":{"type":"LineString","coordinates":[[-58.425576,-34.61213],[-58.425803,-34.61178],[-58.425856,-34.611482],[-58.425926,-34.610996]]}},{"type":"Feature","properties":{"nombre":"CORDOBA AV.","tipo":"Ciclovías mano única","barrio":"Recoleta"},"geometry":{"type":"LineString","coordinates":[[-58.413255,-34.597948],[-58.41463,-34.597897]]}},{"type":"Feature","properties":{"nombre":"GARCIA, JUAN AGUSTIN","tipo":"Ciclovías","barrio":"Villa Santa Rita"},"geometry":{"type":"LineString","coordinates":[[-58.484779,-34.611751],[-58.486038,-34.612412]]}},{"type":"Feature","properties":{"nombre":"ARAOZ DE LAMADRID, GREGORIO, GRAL.","tipo":"Ciclovías","barrio":"La Boca"},"geometry":{"type":"LineString","coordinates":[[-58.359387,-34.637546],[-58.360815,-34.638116]]}},{"type":"Feature","properties":{"nombre":"ESTADOS UNIDOS","tipo":"Ciclovías","barrio":"Boedo"},"geometry":{"type":"LineString","coordinates":[[-58.421302,-34.62291],[-58.422057,-34.62299]]}},{"type":"Feature","properties":{"nombre":"CORRIENTES AV.","tipo":"Ciclovías mano única","barrio":"San Nicolas"},"geometry":{"type":"LineString","coordinates":[[-58.387905,-34.604102],[-58.389231,-34.604205],[-58.389395,-34.604218]]}},{"type":"Feature","properties":{"nombre":"UNANUE","tipo":"Ciclovías mano única","barrio":"Villa Lugano"},"geometry":{"type":"LineString","coordinates":[[-58.47041,-34.677764],[-58.470518,-34.677876],[-58.471303,-34.678587],[-58.47141,-34.678687]]}},{"type":"Feature","properties":{"nombre":"ACUÑA DE FIGUEROA, FRANCISCO","tipo":"Ciclovías","barrio":"Almagro"},"geometry":{"type":"LineString","coordinates":[[-58.422916,-34.607268],[-58.422817,-34.60612],[-58.422814,-34.606]]}},{"type":"Feature","properties":{"nombre":"RODO, JOSE E.","tipo":"Ciclovías","barrio":"Parque Avellaneda"},"geometry":{"type":"LineString","coordinates":[[-58.489155,-34.645941],[-58.489595,-34.646325]]}},{"type":"Feature","properties":{"nombre":"ALSINA, ADOLFO","tipo":"Ciclovías mano única","barrio":"Monserrat"},"geometry":{"type":"LineString","coordinates":[[-58.381865,-34.610831],[-58.382103,-34.61085],[-58.383367,-34.610922]]}},{"type":"Feature","properties":{"nombre":"TREINTA Y TRES ORIENTALES","tipo":"Ciclovías","barrio":"Boedo"},"geometry":{"type":"LineString","coordinates":[[-58.421376,-34.633325],[-58.421193,-34.634344],[-58.421142,-34.634598]]}},{"type":"Feature","properties":{"nombre":"CORRIENTES AV.","tipo":"Ciclovías mano única","barrio":"Villa Crespo"},"geometry":{"type":"LineString","coordinates":[[-58.442592,-34.596351],[-58.443539,-34.595471]]}},{"type":"Feature","properties":{"nombre":"CERETTI","tipo":"Ciclovías","barrio":"Villa Urquiza"},"geometry":{"type":"LineString","coordinates":[[-58.488898,-34.583395],[-58.488992,-34.583273],[-58.489361,-34.582799]]}},{"type":"Feature","properties":{"nombre":"MOLDES","tipo":"Ciclovías","barrio":"Colegiales"},"geometry":{"type":"LineString","coordinates":[[-58.451195,-34.570645],[-58.451591,-34.570416]]}},{"type":"Feature","properties":{"nombre":"RODO, JOSE E.","tipo":"Ciclovías","barrio":"Parque Avellaneda"},"geometry":{"type":"LineString","coordinates":[[-58.487777,-34.644743],[-58.488084,-34.645007]]}},{"type":"Feature","properties":{"nombre":"GRIVEO","tipo":"Ciclovías","barrio":"Villa Devoto"},"geometry":{"type":"LineString","coordinates":[[-58.515635,-34.591905],[-58.516928,-34.592696]]}},{"type":"Feature","properties":{"nombre":"CHILE","tipo":"Ciclovías","barrio":"Balvanera"},"geometry":{"type":"LineString","coordinates":[[-58.393193,-34.616977],[-58.39455,-34.617076]]}},{"type":"Feature","properties":{"nombre":"DEL LIBERTADOR AV.","tipo":"Ciclovías","barrio":"Retiro"},"geometry":{"type":"LineString","coordinates":[[-58.379397,-34.590103],[-58.379543,-34.590021],[-58.380909,-34.589277]]}},{"type":"Feature","properties":{"nombre":"BELGRANO AV.","tipo":"Ciclovías","barrio":"Monserrat"},"geometry":{"type":"LineString","coordinates":[[-58.367132,-34.61216],[-58.367967,-34.612221]]}},{"type":"Feature","properties":{"nombre":"VERTIZ VIRREY AV.","tipo":"Ciclovías","barrio":"Belgrano"},"geometry":{"type":"LineString","coordinates":[[-58.446694,-34.560401],[-58.448193,-34.559864]]}},{"type":"Feature","properties":{"nombre":"MOREAU DE JUSTO, ALICIA AV.","tipo":"Ciclovías","barrio":"Puerto Madero"},"geometry":{"type":"LineString","coordinates":[[-58.366957,-34.605148],[-58.366947,-34.605291]]}},{"type":"Feature","properties":{"nombre":"POLA","tipo":"Ciclovías","barrio":"Mataderos"},"geometry":{"type":"LineString","coordinates":[[-58.496935,-34.652576],[-58.496156,-34.653179]]}},{"type":"Feature","properties":{"nombre":"ROLDAN, BELISARIO AV.","tipo":"Ciclovías","barrio":"Palermo"},"geometry":{"type":"LineString","coordinates":[[-58.412299,-34.568191],[-58.412293,-34.568101],[-58.412293,-34.567997],[-58.412275,-34.567884],[-58.412261,-34.567744],[-58.412228,-34.567498],[-58.412225,-34.567449],[-58.412227,-34.567403],[-58.412237,-34.567348],[-58.412256,-34.567293],[-58.412291,-34.567234],[-58.412326,-34.567189],[-58.412364,-34.567151],[-58.412408,-34.567117],[-58.412477,-34.567072],[-58.412523,-34.567046],[-58.412574,-34.567022],[-58.412646,-34.566999],[-58.41271,-34.566992],[-58.412783,-34.566996],[-58.412874,-34.567003],[-58.413016,-34.567016],[-58.413105,-34.567026],[-58.413169,-34.567032],[-58.413229,-34.567033],[-58.413302,-34.567025],[-58.413362,-34.567013],[-58.413438,-34.566995],[-58.413503,-34.566973],[-58.413558,-34.56695],[-58.413619,-34.566918],[-58.413669,-34.566886],[-58.413716,-34.566851],[-58.413758,-34.566814],[-58.413794,-34.566779],[-58.413835,-34.566731],[-58.413869,-34.566683],[-58.413901,-34.566629],[-58.41393,-34.566567]]}},{"type":"Feature","properties":{"nombre":"SAN MARTIN","tipo":"Ciclovías","barrio":"San Nicolas"},"geometry":{"type":"LineString","coordinates":[[-58.37391,-34.60213],[-58.373919,-34.601993],[-58.373998,-34.600961]]}},{"type":"Feature","properties":{"nombre":"CABOTO","tipo":"Ciclovías","barrio":"La Boca"},"geometry":{"type":"LineString","coordinates":[[-58.362759,-34.62625],[-58.362145,-34.626658]]}},{"type":"Feature","properties":{"nombre":"MOREAU DE JUSTO, ALICIA AV.","tipo":"Ciclovías","barrio":"Puerto Madero"},"geometry":{"type":"LineString","coordinates":[[-58.366715,-34.607096],[-58.366606,-34.608045]]}},{"type":"Feature","properties":{"nombre":"PATRON","tipo":"Ciclovías","barrio":"Liniers"},"geometry":{"type":"LineString","coordinates":[[-58.519057,-34.651313],[-58.519821,-34.652001]]}},{"type":"Feature","properties":{"nombre":"AZOPARDO","tipo":"Ciclovías","barrio":"San Telmo"},"geometry":{"type":"LineString","coordinates":[[-58.367027,-34.620485],[-58.366913,-34.621477]]}},{"type":"Feature","properties":{"nombre":"LA PAMPA","tipo":"Ciclovías","barrio":"Villa Urquiza"},"geometry":{"type":"LineString","coordinates":[[-58.475594,-34.57719],[-58.47715,-34.578073]]}},{"type":"Feature","properties":{"nombre":"ALSINA, ADOLFO","tipo":"Ciclovías mano única","barrio":"Monserrat"},"geometry":{"type":"LineString","coordinates":[[-58.387482,-34.61118],[-58.388943,-34.611286]]}},{"type":"Feature","properties":{"nombre":"ECHEVERRIA","tipo":"Ciclovías","barrio":"Belgrano"},"geometry":{"type":"LineString","coordinates":[[-58.454869,-34.562394],[-58.455272,-34.562634]]}},{"type":"Feature","properties":{"nombre":"DEL LIBERTADOR AV.","tipo":"Ciclovías","barrio":"Nuñez"},"geometry":{"type":"LineString","coordinates":[[-58.455042,-34.548645],[-58.455741,-34.548039]]}},{"type":"Feature","properties":{"nombre":"DIAZ, CESAR, GRAL.","tipo":"Ciclovías","barrio":"Villa Santa Rita"},"geometry":{"type":"LineString","coordinates":[[-58.479711,-34.61479],[-58.480315,-34.615107]]}},{"type":"Feature","properties":{"nombre":"POLA","tipo":"Ciclovías","barrio":"Liniers"},"geometry":{"type":"LineString","coordinates":[[-58.509551,-34.642785],[-58.509408,-34.642895],[-58.508366,-34.643687]]}},{"type":"Feature","properties":{"nombre":"LA PAMPA","tipo":"Ciclovías","barrio":"Villa Urquiza"},"geometry":{"type":"LineString","coordinates":[[-58.474619,-34.576636],[-58.474851,-34.576768]]}},{"type":"Feature","properties":{"nombre":"MILLER","tipo":"Ciclovías","barrio":"Saavedra"},"geometry":{"type":"LineString","coordinates":[[-58.493877,-34.554828],[-58.493962,-34.554708]]}},{"type":"Feature","properties":{"nombre":"MENDEZ DE ANDES","tipo":"Ciclovías","barrio":"Caballito"},"geometry":{"type":"LineString","coordinates":[[-58.448995,-34.615842],[-58.449163,-34.615906]]}},{"type":"Feature","properties":{"nombre":"ALVAREZ, JULIAN","tipo":"Ciclovías","barrio":"Palermo"},"geometry":{"type":"LineString","coordinates":[[-58.427373,-34.595015],[-58.426249,-34.594231]]}},{"type":"Feature","properties":{"nombre":"DIAZ, CESAR, GRAL.","tipo":"Ciclovías","barrio":"Floresta"},"geometry":{"type":"LineString","coordinates":[[-58.489331,-34.621004],[-58.489467,-34.62112],[-58.490211,-34.621741]]}},{"type":"Feature","properties":{"nombre":"MOREAU DE JUSTO, ALICIA AV.","tipo":"Ciclovías","barrio":"Puerto Madero"},"geometry":{"type":"LineString","coordinates":[[-58.368121,-34.598436],[-58.367855,-34.59923]]}},{"type":"Feature","properties":{"nombre":"MORON","tipo":"Ciclovías","barrio":"Floresta"},"geometry":{"type":"LineString","coordinates":[[-58.481885,-34.626623],[-58.482045,-34.626664],[-58.483314,-34.626979]]}},{"type":"Feature","properties":{"nombre":"FIGUEROA ALCORTA, PRES. AV.","tipo":"Ciclovías","barrio":"Recoleta"},"geometry":{"type":"LineString","coordinates":[[-58.391286,-34.583857],[-58.391672,-34.583681]]}},{"type":"Feature","properties":{"nombre":"LA PAMPA","tipo":"Ciclovías","barrio":"Villa Urquiza"},"geometry":{"type":"LineString","coordinates":[[-58.468288,-34.573027],[-58.469134,-34.573509]]}},{"type":"Feature","properties":{"nombre":"HUMBOLDT","tipo":"Ciclovías","barrio":"Palermo"},"geometry":{"type":"LineString","coordinates":[[-58.437171,-34.58642],[-58.436259,-34.585627]]}},{"type":"Feature","properties":{"nombre":"DEL LIBERTADOR AV.","tipo":"Ciclovías","barrio":"Palermo"},"geometry":{"type":"LineString","coordinates":[[-58.40791,-34.578153],[-58.408619,-34.577837]]}},{"type":"Feature","properties":{"nombre":"FRAGATA PRES. SARMIENTO","tipo":"Ciclovías","barrio":"Caballito"},"geometry":{"type":"LineString","coordinates":[[-58.453429,-34.613794],[-58.454142,-34.612809]]}},{"type":"Feature","properties":{"nombre":"DIAZ, CNEL. AV.","tipo":"Ciclovías","barrio":"Palermo"},"geometry":{"type":"LineString","coordinates":[[-58.405587,-34.582342],[-58.405187,-34.581561]]}},{"type":"Feature","properties":{"nombre":"ESTRADA","tipo":"Ciclovías","barrio":"Parque Chacabuco"},"geometry":{"type":"LineString","coordinates":[[-58.438093,-34.63248],[-58.438344,-34.63261]]}},{"type":"Feature","properties":{"nombre":"TRES ARROYOS","tipo":"Ciclovías","barrio":"Caballito"},"geometry":{"type":"LineString","coordinates":[[-58.460772,-34.609038],[-58.461459,-34.609421],[-58.461641,-34.609522]]}},{"type":"Feature","properties":{"nombre":"JAURETCHE, ARTURO","tipo":"Ciclovías","barrio":"Caballito"},"geometry":{"type":"LineString","coordinates":[[-58.4357,-34.610296],[-58.436502,-34.610633],[-58.436674,-34.610704]]}},{"type":"Feature","properties":{"nombre":"ESTADO PLURINACIONAL DE BOLIVIA","tipo":"Ciclovías","barrio":"Villa Pueyrredon"},"geometry":{"type":"LineString","coordinates":[[-58.498044,-34.584997],[-58.498655,-34.584321],[-58.498784,-34.584181]]}},{"type":"Feature","properties":{"nombre":"MARTINEZ, ENRIQUE, GRAL.","tipo":"Ciclovías","barrio":"Colegiales"},"geometry":{"type":"LineString","coordinates":[[-58.447484,-34.580145],[-58.448317,-34.579738],[-58.44847,-34.579663]]}},{"type":"Feature","properties":{"nombre":"LAMAS, ANDRES","tipo":"Ciclovías","barrio":"Villa Gral. Mitre"},"geometry":{"type":"LineString","coordinates":[[-58.468753,-34.607749],[-58.469445,-34.606842],[-58.469529,-34.606732]]}},{"type":"Feature","properties":{"nombre":"BOLIVAR","tipo":"Ciclovías","barrio":"Monserrat"},"geometry":{"type":"LineString","coordinates":[[-58.373503,-34.609028],[-58.373505,-34.60909]]}},{"type":"Feature","properties":{"nombre":"GRIVEO","tipo":"Ciclovías","barrio":"Villa Pueyrredon"},"geometry":{"type":"LineString","coordinates":[[-58.50704,-34.586597],[-58.507545,-34.586908],[-58.507701,-34.587004]]}},{"type":"Feature","properties":{"nombre":"TRES ARROYOS","tipo":"Ciclovías","barrio":"Villa Gral. Mitre"},"geometry":{"type":"LineString","coordinates":[[-58.461641,-34.609522],[-58.461826,-34.609625],[-58.462693,-34.61008],[-58.46285,-34.610163]]}},{"type":"Feature","properties":{"nombre":"SOLER","tipo":"Ciclovías","barrio":"Palermo"},"geometry":{"type":"LineString","coordinates":[[-58.429846,-34.583047],[-58.430691,-34.582377]]}},{"type":"Feature","properties":{"nombre":"GRIVEO","tipo":"Ciclovías","barrio":"Villa Devoto"},"geometry":{"type":"LineString","coordinates":[[-58.50902,-34.58782],[-58.510357,-34.588647]]}},{"type":"Feature","properties":{"nombre":"FIGUEROA ALCORTA, PRES. AV.","tipo":"Ciclovías","barrio":"Palermo"},"geometry":{"type":"LineString","coordinates":[[-58.407609,-34.574505],[-58.407871,-34.574318],[-58.411156,-34.572052],[-58.411222,-34.572009]]}},{"type":"Feature","properties":{"nombre":"LAMAS, ANDRES","tipo":"Ciclovías","barrio":"Villa Gral. Mitre"},"geometry":{"type":"LineString","coordinates":[[-58.469529,-34.606732],[-58.470305,-34.605719]]}},{"type":"Feature","properties":{"nombre":"PEDRAZA, MANUELA","tipo":"Ciclovías","barrio":"Villa Urquiza"},"geometry":{"type":"LineString","coordinates":[[-58.490043,-34.564011],[-58.490987,-34.564462]]}},{"type":"Feature","properties":{"nombre":"MILLER","tipo":"Ciclovías","barrio":"Villa Urquiza"},"geometry":{"type":"LineString","coordinates":[[-58.486376,-34.565018],[-58.487328,-34.563985]]}},{"type":"Feature","properties":{"nombre":"SARMIENTO","tipo":"Ciclovías","barrio":"San Nicolas"},"geometry":{"type":"LineString","coordinates":[[-58.372392,-34.604356],[-58.373637,-34.604453],[-58.37379,-34.604464]]}},{"type":"Feature","properties":{"nombre":"FIGUEROA ALCORTA, PRES. AV.","tipo":"Ciclovías","barrio":"Palermo"},"geometry":{"type":"LineString","coordinates":[[-58.415538,-34.568957],[-58.416348,-34.568392],[-58.416729,-34.568113]]}},{"type":"Feature","properties":{"nombre":"ROCA, CNEL. AV.","tipo":"Ciclovías","barrio":"Villa Riachuelo"},"geometry":{"type":"LineString","coordinates":[[-58.459204,-34.688275],[-58.460024,-34.689025]]}},{"type":"Feature","properties":{"nombre":"SUIPACHA","tipo":"Ciclovías","barrio":"Retiro"},"geometry":{"type":"LineString","coordinates":[[-58.380038,-34.59411],[-58.380086,-34.592969],[-58.380082,-34.592859]]}},{"type":"Feature","properties":{"nombre":"CORDOBA AV.","tipo":"Ciclovías mano única","barrio":"Recoleta"},"geometry":{"type":"LineString","coordinates":[[-58.403724,-34.598454],[-58.40451,-34.598035],[-58.404735,-34.598036]]}},{"type":"Feature","properties":{"nombre":"LOYOLA","tipo":"Ciclovías","barrio":"Villa Crespo"},"geometry":{"type":"LineString","coordinates":[[-58.438586,-34.592686],[-58.439104,-34.592134]]}},{"type":"Feature","properties":{"nombre":"GALLARDO, ANGEL AV.","tipo":"Ciclovías mano única","barrio":"Villa Crespo"},"geometry":{"type":"LineString","coordinates":[[-58.437176,-34.604552],[-58.437976,-34.604959]]}},{"type":"Feature","properties":{"nombre":"FIGUEROA ALCORTA, PRES. AV.","tipo":"Ciclovías","barrio":"Belgrano"},"geometry":{"type":"LineString","coordinates":[[-58.435935,-34.552546],[-58.436743,-34.55161]]}},{"type":"Feature","properties":{"nombre":"URIBURU JOSE E., PRES.","tipo":"Ciclovías","barrio":"Balvanera"},"geometry":{"type":"LineString","coordinates":[[-58.397593,-34.609581],[-58.39773,-34.608367]]}},{"type":"Feature","properties":{"nombre":"GAONA AV.","tipo":"Ciclovías","barrio":"Villa Gral. Mitre"},"geometry":{"type":"LineString","coordinates":[[-58.468797,-34.617644],[-58.469094,-34.617797]]}},{"type":"Feature","properties":{"nombre":"ESTADO PLURINACIONAL DE BOLIVIA","tipo":"Ciclovías","barrio":"Villa Pueyrredon"},"geometry":{"type":"LineString","coordinates":[[-58.496091,-34.587158],[-58.496742,-34.586438]]}},{"type":"Feature","properties":{"nombre":"CORRIENTES AV.","tipo":"Ciclovías mano única","barrio":"Villa Crespo"},"geometry":{"type":"LineString","coordinates":[[-58.440694,-34.598112],[-58.441653,-34.597222]]}},{"type":"Feature","properties":{"nombre":"MIRO","tipo":"Ciclovías","barrio":"Parque Chacabuco"},"geometry":{"type":"LineString","coordinates":[[-58.443909,-34.637059],[-58.443635,-34.638253]]}},{"type":"Feature","properties":{"nombre":"CORRIENTES AV.","tipo":"Ciclovías mano única","barrio":"Almagro"},"geometry":{"type":"LineString","coordinates":[[-58.425647,-34.602709],[-58.427106,-34.602565]]}},{"type":"Feature","properties":{"nombre":"ANCHORENA, TOMAS MANUEL DE, DR.","tipo":"Ciclovías","barrio":"Balvanera"},"geometry":{"type":"LineString","coordinates":[[-58.411863,-34.607872],[-58.411867,-34.607811]]}},{"type":"Feature","properties":{"nombre":"OBLIGADO RAFAEL, AV.COSTANERA","tipo":"Ciclovías","barrio":"Palermo"},"geometry":{"type":"LineString","coordinates":[[-58.418868,-34.554047],[-58.419647,-34.553953],[-58.420588,-34.553762],[-58.421147,-34.5537]]}},{"type":"Feature","properties":{"nombre":"CALVO, CARLOS","tipo":"Ciclovías","barrio":"San Cristobal"},"geometry":{"type":"LineString","coordinates":[[-58.394499,-34.620545],[-58.395808,-34.620627]]}},{"type":"Feature","properties":{"nombre":"LA PAMPA","tipo":"Ciclovías","barrio":"Villa Urquiza"},"geometry":{"type":"LineString","coordinates":[[-58.485095,-34.582675],[-58.485824,-34.583099],[-58.485959,-34.583177]]}},{"type":"Feature","properties":{"nombre":"SENDERO ZAPATA (NO OFICIAL)","tipo":"Ciclovías","barrio":"Palermo"},"geometry":{"type":"LineString","coordinates":[[-58.436623,-34.575897],[-58.437555,-34.575942]]}},{"type":"Feature","properties":{"nombre":"TREINTA Y TRES ORIENTALES","tipo":"Ciclovías","barrio":"Almagro"},"geometry":{"type":"LineString","coordinates":[[-58.42494,-34.613197],[-58.424793,-34.613843]]}},{"type":"Feature","properties":{"nombre":"ARTIGAS, JOSE GERVASIO, GRAL.","tipo":"Ciclovías","barrio":"Villa Gral. Mitre"},"geometry":{"type":"LineString","coordinates":[[-58.473125,-34.612736],[-58.473924,-34.611733]]}},{"type":"Feature","properties":{"nombre":"BILBAO, FRANCISCO","tipo":"Ciclovías","barrio":"Parque Chacabuco"},"geometry":{"type":"LineString","coordinates":[[-58.451101,-34.631653],[-58.451231,-34.631694],[-58.451693,-34.631842]]}},{"type":"Feature","properties":{"nombre":"DIAZ, CESAR, GRAL.","tipo":"Ciclovías","barrio":"Villa Santa Rita"},"geometry":{"type":"LineString","coordinates":[[-58.47646,-34.613075],[-58.477611,-34.613685],[-58.477771,-34.613769]]}},{"type":"Feature","properties":{"nombre":"BILLINGHURST","tipo":"Ciclovías","barrio":"Almagro"},"geometry":{"type":"LineString","coordinates":[[-58.415663,-34.603804],[-58.415472,-34.602652]]}},{"type":"Feature","properties":{"nombre":"TUCUMAN","tipo":"Ciclovías","barrio":"Balvanera"},"geometry":{"type":"LineString","coordinates":[[-58.407763,-34.60111],[-58.409181,-34.600843]]}},{"type":"Feature","properties":{"nombre":"POLA","tipo":"Ciclovías","barrio":"Liniers"},"geometry":{"type":"LineString","coordinates":[[-58.504919,-34.646347],[-58.504356,-34.646796]]}},{"type":"Feature","properties":{"nombre":"CORRIENTES AV.","tipo":"Ciclovías mano única","barrio":"Chacarita"},"geometry":{"type":"LineString","coordinates":[[-58.449517,-34.589889],[-58.450339,-34.589112]]}},{"type":"Feature","properties":{"nombre":"ALVEAR, MARCELO T. DE","tipo":"Ciclovías","barrio":"Retiro"},"geometry":{"type":"LineString","coordinates":[[-58.379905,-34.596513],[-58.380011,-34.596523],[-58.381214,-34.596669],[-58.381421,-34.596688]]}},{"type":"Feature","properties":{"nombre":"SUPERI","tipo":"Ciclovías","barrio":"Coghlan"},"geometry":{"type":"LineString","coordinates":[[-58.472035,-34.561541],[-58.472324,-34.561208],[-58.4727,-34.560778]]}},{"type":"Feature","properties":{"nombre":"DEAN FUNES","tipo":"Ciclovías","barrio":"San Cristobal"},"geometry":{"type":"LineString","coordinates":[[-58.405304,-34.627953],[-58.40518,-34.628859]]}},{"type":"Feature","properties":{"nombre":"SUIPACHA","tipo":"Ciclovías","barrio":"Retiro"},"geometry":{"type":"LineString","coordinates":[[-58.380082,-34.592859],[-58.380078,-34.592744],[-58.380142,-34.591452]]}},{"type":"Feature","properties":{"nombre":"COMPLEJO PARQUE DE LOS NIÑOS (SIN NOMBRE OFICIAL)","tipo":"Ciclovías","barrio":"Nuñez"},"geometry":{"type":"LineString","coordinates":[[-58.454194,-34.531332],[-58.453968,-34.531236],[-58.453877,-34.531139],[-58.453936,-34.531033],[-58.454025,-34.530978]]}},{"type":"Feature","properties":{"nombre":"OTAMENDI","tipo":"Ciclovías","barrio":"Caballito"},"geometry":{"type":"LineString","coordinates":[[-58.432097,-34.614974],[-58.432368,-34.614281]]}},{"type":"Feature","properties":{"nombre":"SUPERI","tipo":"Ciclovías","barrio":"Belgrano"},"geometry":{"type":"LineString","coordinates":[[-58.464919,-34.569752],[-58.465739,-34.568805]]}},{"type":"Feature","properties":{"nombre":"BRASIL","tipo":"Ciclovías","barrio":"Constitucion"},"geometry":{"type":"LineString","coordinates":[[-58.390051,-34.629175],[-58.390929,-34.629327]]}},{"type":"Feature","properties":{"nombre":"SUPERI","tipo":"Ciclovías","barrio":"Saavedra"},"geometry":{"type":"LineString","coordinates":[[-58.484499,-34.545554],[-58.485083,-34.544785]]}},{"type":"Feature","properties":{"nombre":"RINCON","tipo":"Ciclovías","barrio":"San Cristobal"},"geometry":{"type":"LineString","coordinates":[[-58.394947,-34.622945],[-58.394812,-34.623969],[-58.394805,-34.62402]]}},{"type":"Feature","properties":{"nombre":"PUAN","tipo":"Ciclovías","barrio":"Caballito"},"geometry":{"type":"LineString","coordinates":[[-58.446571,-34.628598],[-58.446475,-34.628832],[-58.446062,-34.629817]]}},{"type":"Feature","properties":{"nombre":"CHIVILCOY AV.","tipo":"Ciclovías mano única","barrio":"Villa Devoto"},"geometry":{"type":"LineString","coordinates":[[-58.506814,-34.605473],[-58.507581,-34.604625]]}},{"type":"Feature","properties":{"nombre":"LAMAS, ANDRES","tipo":"Ciclovías","barrio":"Villa Gral. Mitre"},"geometry":{"type":"LineString","coordinates":[[-58.467314,-34.60963],[-58.467867,-34.60891],[-58.467954,-34.608797]]}},{"type":"Feature","properties":{"nombre":"CUCHA CUCHA","tipo":"Ciclovías","barrio":"Paternal"},"geometry":{"type":"LineString","coordinates":[[-58.459195,-34.601441],[-58.460658,-34.601129]]}},{"type":"Feature","properties":{"nombre":"CEVALLOS, VIRREY","tipo":"Ciclovías","barrio":"Monserrat"},"geometry":{"type":"LineString","coordinates":[[-58.389054,-34.616734],[-58.38906,-34.616868],[-58.388968,-34.617996]]}},{"type":"Feature","properties":{"nombre":"PERETTE, CARLOS H.","tipo":"Ciclovías","barrio":"Retiro"},"geometry":{"type":"LineString","coordinates":[[-58.376379,-34.583789],[-58.377217,-34.583306],[-58.377307,-34.583257]]}},{"type":"Feature","properties":{"nombre":"BILLINGHURST","tipo":"Ciclovías","barrio":"Recoleta"},"geometry":{"type":"LineString","coordinates":[[-58.413536,-34.594731],[-58.412747,-34.593694]]}},{"type":"Feature","properties":{"nombre":"DEAN FUNES","tipo":"Ciclovías","barrio":"Parque Patricios"},"geometry":{"type":"LineString","coordinates":[[-58.404919,-34.630677],[-58.404775,-34.631644]]}},{"type":"Feature","properties":{"nombre":"15 DE NOVIEMBRE DE 1889","tipo":"Ciclovías","barrio":"Parque Patricios"},"geometry":{"type":"LineString","coordinates":[[-58.391396,-34.631708],[-58.394641,-34.632508]]}},{"type":"Feature","properties":{"nombre":"DEL LIBERTADOR AV.","tipo":"Ciclovías","barrio":"Belgrano"},"geometry":{"type":"LineString","coordinates":[[-58.446048,-34.558594],[-58.446872,-34.557637]]}},{"type":"Feature","properties":{"nombre":"AZCUENAGA","tipo":"Ciclovías","barrio":"Recoleta"},"geometry":{"type":"LineString","coordinates":[[-58.396627,-34.589487],[-58.395861,-34.588553]]}},{"type":"Feature","properties":{"nombre":"SAMPERIO, MANUEL J.","tipo":"Ciclovías","barrio":"Barracas"},"geometry":{"type":"LineString","coordinates":[[-58.377137,-34.634712],[-58.377346,-34.634725],[-58.378708,-34.634818]]}},{"type":"Feature","properties":{"nombre":"MEXICO","tipo":"Ciclovías","barrio":"Balvanera"},"geometry":{"type":"LineString","coordinates":[[-58.406575,-34.617811],[-58.406746,-34.617865],[-58.408034,-34.618281]]}},{"type":"Feature","properties":{"nombre":"MARTINEZ CASTRO","tipo":"Ciclovías","barrio":"Parque Avellaneda"},"geometry":{"type":"LineString","coordinates":[[-58.472631,-34.643517],[-58.472541,-34.643592]]}},{"type":"Feature","properties":{"nombre":"ESTIVAO","tipo":"Ciclovías","barrio":"Caballito"},"geometry":{"type":"LineString","coordinates":[[-58.432355,-34.607777],[-58.432884,-34.607991],[-58.433171,-34.608039]]}},{"type":"Feature","properties":{"nombre":"PAVON","tipo":"Ciclovías","barrio":"San Cristobal"},"geometry":{"type":"LineString","coordinates":[[-58.410922,-34.628979],[-58.411092,-34.629023],[-58.411845,-34.629204]]}},{"type":"Feature","properties":{"nombre":"CUBA","tipo":"Ciclovías","barrio":"Nuñez"},"geometry":{"type":"LineString","coordinates":[[-58.467797,-34.545634],[-58.467879,-34.545523],[-58.46827,-34.544991]]}},{"type":"Feature","properties":{"nombre":"D'ESPOSITO, ARNALDO","tipo":"Ciclovías","barrio":"La Boca"},"geometry":{"type":"LineString","coordinates":[[-58.362759,-34.62625],[-58.364058,-34.62659]]}},{"type":"Feature","properties":{"nombre":"AZOPARDO","tipo":"Ciclovías","barrio":"San Telmo"},"geometry":{"type":"LineString","coordinates":[[-58.367288,-34.618195],[-58.367272,-34.618337],[-58.367161,-34.619308]]}},{"type":"Feature","properties":{"nombre":"BONIFACIO, JOSE","tipo":"Ciclovías","barrio":"Flores"},"geometry":{"type":"LineString","coordinates":[[-58.462621,-34.632819],[-58.462781,-34.632871],[-58.463802,-34.633184],[-58.463941,-34.633223]]}},{"type":"Feature","properties":{"nombre":"RUIZ DE LOS LLANOS","tipo":"Ciclovías","barrio":"Versalles"},"geometry":{"type":"LineString","coordinates":[[-58.521419,-34.625165],[-58.521473,-34.625123]]}},{"type":"Feature","properties":{"nombre":"FIGUEROA ALCORTA, PRES. AV.","tipo":"Ciclovías","barrio":"Recoleta"},"geometry":{"type":"LineString","coordinates":[[-58.390296,-34.584309],[-58.390566,-34.584186]]}},{"type":"Feature","properties":{"nombre":"DEL LIBERTADOR AV.","tipo":"Ciclovías","barrio":"Recoleta"},"geometry":{"type":"LineString","coordinates":[[-58.397315,-34.583079],[-58.399278,-34.58273]]}},{"type":"Feature","properties":{"nombre":"OBLIGADO RAFAEL, AV.COSTANERA","tipo":"Ciclovías","barrio":"Palermo"},"geometry":{"type":"LineString","coordinates":[[-58.409567,-34.558472],[-58.410298,-34.557885],[-58.410816,-34.557515]]}},{"type":"Feature","properties":{"nombre":"ROCA, CNEL. AV.","tipo":"Ciclovías","barrio":"Villa Soldati"},"geometry":{"type":"LineString","coordinates":[[-58.444285,-34.670818],[-58.444833,-34.671522]]}},{"type":"Feature","properties":{"nombre":"MANSILLA, LUCIO NORBERTO, GENERAL","tipo":"Ciclovías","barrio":"Recoleta"},"geometry":{"type":"LineString","coordinates":[[-58.407873,-34.59499],[-58.408108,-34.594901],[-58.408944,-34.594536]]}},{"type":"Feature","properties":{"nombre":"TREINTA Y TRES ORIENTALES","tipo":"Ciclovías","barrio":"Boedo"},"geometry":{"type":"LineString","coordinates":[[-58.422091,-34.629668],[-58.421821,-34.630897]]}},{"type":"Feature","properties":{"nombre":"RINCON","tipo":"Ciclovías","barrio":"San Cristobal"},"geometry":{"type":"LineString","coordinates":[[-58.395808,-34.620627],[-58.395794,-34.620753],[-58.395668,-34.621607],[-58.395645,-34.621746]]}},{"type":"Feature","properties":{"nombre":"ROSETI","tipo":"Ciclovías","barrio":"Chacarita"},"geometry":{"type":"LineString","coordinates":[[-58.450772,-34.5843],[-58.451747,-34.583826]]}},{"type":"Feature","properties":{"nombre":"BORGES, JORGE LUIS","tipo":"Ciclovías","barrio":"Palermo"},"geometry":{"type":"LineString","coordinates":[[-58.429151,-34.588047],[-58.428636,-34.587713]]}},{"type":"Feature","properties":{"nombre":"BLANCO ENCALADA","tipo":"Ciclovías","barrio":"Villa Urquiza"},"geometry":{"type":"LineString","coordinates":[[-58.482497,-34.57325],[-58.483589,-34.573896]]}},{"type":"Feature","properties":{"nombre":"NUEVA YORK","tipo":"Ciclovías","barrio":"Agronomia"},"geometry":{"type":"LineString","coordinates":[[-58.490751,-34.587204],[-58.491192,-34.587479],[-58.491308,-34.58755]]}},{"type":"Feature","properties":{"nombre":"DEL LIBERTADOR AV.","tipo":"Ciclovías","barrio":"Palermo"},"geometry":{"type":"LineString","coordinates":[[-58.401657,-34.582006],[-58.40249,-34.581737]]}},{"type":"Feature","properties":{"nombre":"POLA","tipo":"Ciclovías","barrio":"Mataderos"},"geometry":{"type":"LineString","coordinates":[[-58.493954,-34.654915],[-58.493051,-34.655629]]}},{"type":"Feature","properties":{"nombre":"RAVIGNANI, EMILIO, DR.","tipo":"Ciclovías","barrio":"Palermo"},"geometry":{"type":"LineString","coordinates":[[-58.43563,-34.578467],[-58.435004,-34.57792]]}},{"type":"Feature","properties":{"nombre":"BONIFACIO, JOSE","tipo":"Ciclovías","barrio":"Floresta"},"geometry":{"type":"LineString","coordinates":[[-58.472838,-34.636029],[-58.473889,-34.636403]]}},{"type":"Feature","properties":{"nombre":"ROSETI","tipo":"Ciclovías","barrio":"Chacarita"},"geometry":{"type":"LineString","coordinates":[[-58.458405,-34.58187],[-58.459459,-34.581862]]}},{"type":"Feature","properties":{"nombre":"ESTRADA","tipo":"Ciclovías","barrio":"Parque Chacabuco"},"geometry":{"type":"LineString","coordinates":[[-58.437366,-34.632103],[-58.437837,-34.632347]]}},{"type":"Feature","properties":{"nombre":"PAVON","tipo":"Ciclovías","barrio":"San Cristobal"},"geometry":{"type":"LineString","coordinates":[[-58.40679,-34.628128],[-58.406653,-34.628114]]}},{"type":"Feature","properties":{"nombre":"HUMAHUACA","tipo":"Ciclovías","barrio":"Almagro"},"geometry":{"type":"LineString","coordinates":[[-58.415472,-34.602652],[-58.416524,-34.602408]]}},{"type":"Feature","properties":{"nombre":"CHIVILCOY AV.","tipo":"Ciclovías mano única","barrio":"Villa Devoto"},"geometry":{"type":"LineString","coordinates":[[-58.514932,-34.596553],[-58.51509,-34.596377]]}},{"type":"Feature","properties":{"nombre":"FIGUEROA ALCORTA, PRES. AV.","tipo":"Ciclovías","barrio":"Palermo"},"geometry":{"type":"LineString","coordinates":[[-58.427357,-34.559284],[-58.427485,-34.559184]]}},{"type":"Feature","properties":{"nombre":"ALVAREZ, JULIAN","tipo":"Ciclovías","barrio":"Palermo"},"geometry":{"type":"LineString","coordinates":[[-58.420244,-34.590067],[-58.419046,-34.589356]]}},{"type":"Feature","properties":{"nombre":"BLANCO ENCALADA","tipo":"Ciclovías","barrio":"Villa Urquiza"},"geometry":{"type":"LineString","coordinates":[[-58.481638,-34.572748],[-58.482497,-34.57325]]}},{"type":"Feature","properties":{"nombre":"SAN MARTIN","tipo":"Ciclovías","barrio":"San Nicolas"},"geometry":{"type":"LineString","coordinates":[[-58.373575,-34.60794],[-58.373645,-34.606896],[-58.373653,-34.606771]]}},{"type":"Feature","properties":{"nombre":"CORDOBA AV.","tipo":"Ciclovías mano única","barrio":"Retiro"},"geometry":{"type":"LineString","coordinates":[[-58.381254,-34.599031],[-58.381667,-34.59905],[-58.382093,-34.599069]]}},{"type":"Feature","properties":{"nombre":"LINIERS VIRREY","tipo":"Ciclovías","barrio":"Boedo"},"geometry":{"type":"LineString","coordinates":[[-58.413181,-34.629525],[-58.413123,-34.630154],[-58.413074,-34.630672]]}},{"type":"Feature","properties":{"nombre":"TREINTA Y TRES ORIENTALES","tipo":"Ciclovías","barrio":"Boedo"},"geometry":{"type":"LineString","coordinates":[[-58.423222,-34.62487],[-58.423045,-34.625593]]}},{"type":"Feature","properties":{"nombre":"CORDOBA AV.","tipo":"Ciclovías mano única","barrio":"Palermo"},"geometry":{"type":"LineString","coordinates":[[-58.428091,-34.595515],[-58.429171,-34.594855]]}},{"type":"Feature","properties":{"nombre":"MOREAU DE JUSTO, ALICIA AV.","tipo":"Ciclovías","barrio":"Puerto Madero"},"geometry":{"type":"LineString","coordinates":[[-58.367427,-34.601091],[-58.367364,-34.60167]]}},{"type":"Feature","properties":{"nombre":"ARENALES","tipo":"Ciclovías","barrio":"Retiro"},"geometry":{"type":"LineString","coordinates":[[-58.382421,-34.594265],[-58.382775,-34.594302]]}},{"type":"Feature","properties":{"nombre":"FRAGATA PRES. SARMIENTO","tipo":"Ciclovías","barrio":"Caballito"},"geometry":{"type":"LineString","coordinates":[[-58.456887,-34.608936],[-58.457833,-34.607594]]}},{"type":"Feature","properties":{"nombre":"DEAN FUNES","tipo":"Ciclovías","barrio":"San Cristobal"},"geometry":{"type":"LineString","coordinates":[[-58.405815,-34.624228],[-58.405785,-34.624445],[-58.405604,-34.625765]]}},{"type":"Feature","properties":{"nombre":"COMPLEJO CIUDAD UNIVERSITARIA (SIN NOMBRE OFICIAL)","tipo":"Ciclovías","barrio":"Belgrano"},"geometry":{"type":"LineString","coordinates":[[-58.445654,-34.541183],[-58.447393,-34.540242]]}},{"type":"Feature","properties":{"nombre":"BLANES, JUAN MANUEL","tipo":"Ciclovías","barrio":"La Boca"},"geometry":{"type":"LineString","coordinates":[[-58.361456,-34.630117],[-58.361623,-34.630292],[-58.362318,-34.630966]]}},{"type":"Feature","properties":{"nombre":"BLANCO ENCALADA","tipo":"Ciclovías","barrio":"Villa Urquiza"},"geometry":{"type":"LineString","coordinates":[[-58.484832,-34.574627],[-58.485397,-34.574963]]}},{"type":"Feature","properties":{"nombre":"BONIFACIO, JOSE","tipo":"Ciclovías","barrio":"Parque Avellaneda"},"geometry":{"type":"LineString","coordinates":[[-58.477591,-34.637732],[-58.479099,-34.638427]]}},{"type":"Feature","properties":{"nombre":"CORDOBA AV.","tipo":"Ciclovías mano única","barrio":"Palermo"},"geometry":{"type":"LineString","coordinates":[[-58.427026,-34.596165],[-58.428091,-34.595515]]}},{"type":"Feature","properties":{"nombre":"MOLDES","tipo":"Ciclovías","barrio":"Colegiales"},"geometry":{"type":"LineString","coordinates":[[-58.451591,-34.570416],[-58.452081,-34.570133]]}},{"type":"Feature","properties":{"nombre":"DEL LIBERTADOR AV.","tipo":"Ciclovías","barrio":"Belgrano"},"geometry":{"type":"LineString","coordinates":[[-58.443913,-34.561254],[-58.444535,-34.560556]]}},{"type":"Feature","properties":{"nombre":"UNANUE","tipo":"Ciclovías mano única","barrio":"Villa Lugano"},"geometry":{"type":"LineString","coordinates":[[-58.478863,-34.684904],[-58.47962,-34.685587]]}},{"type":"Feature","properties":{"nombre":"HORNOS, GRAL.","tipo":"Ciclovías","barrio":"Barracas"},"geometry":{"type":"LineString","coordinates":[[-58.376274,-34.638009],[-58.376211,-34.638243],[-58.375909,-34.639275],[-58.375845,-34.639532]]}},{"type":"Feature","properties":{"nombre":"LAMAS, ANDRES","tipo":"Ciclovías","barrio":"Villa Gral. Mitre"},"geometry":{"type":"LineString","coordinates":[[-58.465745,-34.61169],[-58.466414,-34.610816],[-58.466561,-34.610616]]}},{"type":"Feature","properties":{"nombre":"TREINTA Y TRES ORIENTALES","tipo":"Ciclovías","barrio":"Boedo"},"geometry":{"type":"LineString","coordinates":[[-58.423721,-34.621506],[-58.423588,-34.622405]]}},{"type":"Feature","properties":{"nombre":"CALVO, CARLOS","tipo":"Ciclovías","barrio":"San Cristobal"},"geometry":{"type":"LineString","coordinates":[[-58.398499,-34.620805],[-58.399831,-34.620906]]}},{"type":"Feature","properties":{"nombre":"ESTADO PLURINACIONAL DE BOLIVIA","tipo":"Ciclovías","barrio":"Agronomia"},"geometry":{"type":"LineString","coordinates":[[-58.493529,-34.589993],[-58.494148,-34.589308]]}},{"type":"Feature","properties":{"nombre":"GARCIA, JUAN AGUSTIN","tipo":"Ciclovías","barrio":"Villa Santa Rita"},"geometry":{"type":"LineString","coordinates":[[-58.490134,-34.614602],[-58.491157,-34.61547]]}},{"type":"Feature","properties":{"nombre":"IRIGOYEN, BERNARDO DE","tipo":"Ciclovías","barrio":"Monserrat"},"geometry":{"type":"LineString","coordinates":[[-58.380597,-34.61073],[-58.380587,-34.610926],[-58.380543,-34.611832]]}},{"type":"Feature","properties":{"nombre":"DEL LIBERTADOR AV.","tipo":"Ciclovías","barrio":"Recoleta"},"geometry":{"type":"LineString","coordinates":[[-58.397223,-34.583095],[-58.397315,-34.583079]]}},{"type":"Feature","properties":{"nombre":"CHIVILCOY","tipo":"Ciclovías","barrio":"Monte Castro"},"geometry":{"type":"LineString","coordinates":[[-58.495598,-34.617469],[-58.496558,-34.616707],[-58.496674,-34.616615]]}},{"type":"Feature","properties":{"nombre":"PRIMERA JUNTA","tipo":"Ciclovías","barrio":"Flores"},"geometry":{"type":"LineString","coordinates":[[-58.457827,-34.6388],[-58.458404,-34.63941],[-58.458553,-34.639533]]}},{"type":"Feature","properties":{"nombre":"PARQUE DEL VEGA","tipo":"Ciclovías","barrio":"Belgrano"},"geometry":{"type":"LineString","coordinates":[[-58.426941,-34.55194],[-58.425987,-34.549954],[-58.426005,-34.549729],[-58.426104,-34.549621],[-58.427059,-34.549609],[-58.427421,-34.549544],[-58.427649,-34.549481],[-58.427831,-34.549392],[-58.427928,-34.54934],[-58.428097,-34.549317],[-58.428293,-34.549344],[-58.428436,-34.549398],[-58.428484,-34.549386],[-58.428521,-34.549285],[-58.428588,-34.549222],[-58.428687,-34.549191],[-58.428816,-34.549234],[-58.428982,-34.549299],[-58.429196,-34.549264],[-58.4293,-34.549224],[-58.429356,-34.549199],[-58.429411,-34.549251],[-58.42968,-34.549032],[-58.429753,-34.549],[-58.429816,-34.549003],[-58.429966,-34.549064],[-58.430032,-34.549121],[-58.430026,-34.549199],[-58.430226,-34.549203],[-58.4304,-34.549236],[-58.430546,-34.549261],[-58.430744,-34.549355]]}},{"type":"Feature","properties":{"nombre":"CEVALLOS, VIRREY","tipo":"Ciclovías","barrio":"Constitucion"},"geometry":{"type":"LineString","coordinates":[[-58.388311,-34.626202],[-58.388251,-34.626259],[-58.388208,-34.626809],[-58.388269,-34.626915],[-58.388269,-34.62707],[-58.388299,-34.627163]]}},{"type":"Feature","properties":{"nombre":"CHIVILCOY AV.","tipo":"Ciclovías mano única","barrio":"Villa Devoto"},"geometry":{"type":"LineString","coordinates":[[-58.515212,-34.596227],[-58.515577,-34.595832]]}},{"type":"Feature","properties":{"nombre":"BILLINGHURST","tipo":"Ciclovías","barrio":"Recoleta"},"geometry":{"type":"LineString","coordinates":[[-58.414237,-34.59677],[-58.413831,-34.595606]]}},{"type":"Feature","properties":{"nombre":"CHARCAS","tipo":"Ciclovías","barrio":"Recoleta"},"geometry":{"type":"LineString","coordinates":[[-58.402825,-34.595824],[-58.404063,-34.595294],[-58.40418,-34.595234]]}},{"type":"Feature","properties":{"nombre":"PEDRAZA, MANUELA","tipo":"Ciclovías","barrio":"Nuñez"},"geometry":{"type":"LineString","coordinates":[[-58.457295,-34.54672],[-58.458766,-34.547456]]}},{"type":"Feature","properties":{"nombre":"GURRUCHAGA","tipo":"Ciclovías","barrio":"Villa Crespo"},"geometry":{"type":"LineString","coordinates":[[-58.44475,-34.599754],[-58.443739,-34.598927]]}},{"type":"Feature","properties":{"nombre":"TREINTA Y TRES ORIENTALES","tipo":"Ciclovías","barrio":"Boedo"},"geometry":{"type":"LineString","coordinates":[[-58.421142,-34.634598],[-58.421099,-34.634815],[-58.420842,-34.635839]]}},{"type":"Feature","properties":{"nombre":"DON BOSCO","tipo":"Ciclovías","barrio":"Almagro"},"geometry":{"type":"LineString","coordinates":[[-58.415337,-34.611876],[-58.416777,-34.612231]]}},{"type":"Feature","properties":{"nombre":"PEPIRI","tipo":"Ciclovías","barrio":"Parque Patricios"},"geometry":{"type":"LineString","coordinates":[[-58.409715,-34.645048],[-58.409471,-34.646179]]}},{"type":"Feature","properties":{"nombre":"NEWBERY, JORGE AV.","tipo":"Ciclovías","barrio":"Chacarita"},"geometry":{"type":"LineString","coordinates":[[-58.448875,-34.582757],[-58.449217,-34.58383]]}},{"type":"Feature","properties":{"nombre":"CULPINA","tipo":"Ciclovías","barrio":"Flores"},"geometry":{"type":"LineString","coordinates":[[-58.464304,-34.635859],[-58.463777,-34.637054]]}},{"type":"Feature","properties":{"nombre":"USPALLATA","tipo":"Ciclovías","barrio":"Barracas"},"geometry":{"type":"LineString","coordinates":[[-58.371986,-34.629433],[-58.372778,-34.630252]]}},{"type":"Feature","properties":{"nombre":"OBLIGADO RAFAEL, AV.COSTANERA","tipo":"Ciclovías","barrio":"Belgrano"},"geometry":{"type":"LineString","coordinates":[[-58.433371,-34.543537],[-58.433385,-34.54353],[-58.433455,-34.543495],[-58.433525,-34.54346],[-58.433596,-34.543427],[-58.433668,-34.543394],[-58.43374,-34.543361],[-58.433812,-34.543329],[-58.433885,-34.543298],[-58.433958,-34.543268],[-58.434031,-34.543238],[-58.434105,-34.543208],[-58.434179,-34.54318],[-58.434254,-34.543152],[-58.434343,-34.54312],[-58.435097,-34.542886]]}},{"type":"Feature","properties":{"nombre":"DIAZ, CESAR, GRAL.","tipo":"Ciclovías","barrio":"Villa Santa Rita"},"geometry":{"type":"LineString","coordinates":[[-58.48284,-34.616436],[-58.484103,-34.617096]]}},{"type":"Feature","properties":{"nombre":"ESTADO DE ISRAEL AV.","tipo":"Ciclovías mano única","barrio":"Villa Crespo"},"geometry":{"type":"LineString","coordinates":[[-58.427854,-34.598364],[-58.427989,-34.598423]]}},{"type":"Feature","properties":{"nombre":"VALLE","tipo":"Ciclovías","barrio":"Caballito"},"geometry":{"type":"LineString","coordinates":[[-58.445329,-34.625593],[-58.446048,-34.625876]]}},{"type":"Feature","properties":{"nombre":"AZOPARDO","tipo":"Ciclovías","barrio":"San Telmo"},"geometry":{"type":"LineString","coordinates":[[-58.36662,-34.624027],[-58.366597,-34.624229],[-58.366511,-34.625003],[-58.366492,-34.625194]]}},{"type":"Feature","properties":{"nombre":"VALLE","tipo":"Ciclovías","barrio":"Caballito"},"geometry":{"type":"LineString","coordinates":[[-58.441645,-34.625091],[-58.442549,-34.625178]]}},{"type":"Feature","properties":{"nombre":"CORDOBA AV.","tipo":"Ciclovías mano única","barrio":"Recoleta"},"geometry":{"type":"LineString","coordinates":[[-58.40254,-34.599087],[-58.403086,-34.598795]]}},{"type":"Feature","properties":{"nombre":"CORRIENTES AV.","tipo":"Ciclovías mano única","barrio":"Almagro"},"geometry":{"type":"LineString","coordinates":[[-58.416749,-34.603598],[-58.418034,-34.603468]]}},{"type":"Feature","properties":{"nombre":"HORNOS, GRAL.","tipo":"Ciclovías","barrio":"Barracas"},"geometry":{"type":"LineString","coordinates":[[-58.376785,-34.63623],[-58.376696,-34.636572],[-58.376328,-34.637804],[-58.376274,-34.638009]]}},{"type":"Feature","properties":{"nombre":"QUILMES","tipo":"Ciclovías","barrio":"Nueva Pompeya"},"geometry":{"type":"LineString","coordinates":[[-58.418604,-34.639441],[-58.418511,-34.639825],[-58.418251,-34.640792]]}},{"type":"Feature","properties":{"nombre":"GODOY CRUZ","tipo":"Ciclovías","barrio":"Palermo"},"geometry":{"type":"LineString","coordinates":[[-58.431837,-34.586168],[-58.431163,-34.585399]]}},{"type":"Feature","properties":{"nombre":"NUEVA YORK","tipo":"Ciclovías","barrio":"Agronomia"},"geometry":{"type":"LineString","coordinates":[[-58.500169,-34.593027],[-58.501496,-34.593844]]}},{"type":"Feature","properties":{"nombre":"VERA PEÑALOZA,  ROSARIO","tipo":"Ciclovías","barrio":"Puerto Madero"},"geometry":{"type":"LineString","coordinates":[[-58.365717,-34.618057],[-58.365553,-34.618049],[-58.364938,-34.617962]]}},{"type":"Feature","properties":{"nombre":"11 DE SEPTIEMBRE DE 1888","tipo":"Ciclovías","barrio":"Belgrano"},"geometry":{"type":"LineString","coordinates":[[-58.45578,-34.553227],[-58.456491,-34.552326]]}},{"type":"Feature","properties":{"nombre":"DORREGO","tipo":"Ciclovías","barrio":"Colegiales"},"geometry":{"type":"LineString","coordinates":[[-58.442511,-34.580939],[-58.442284,-34.580728]]}},{"type":"Feature","properties":{"nombre":"ARENALES","tipo":"Ciclovías","barrio":"Retiro"},"geometry":{"type":"LineString","coordinates":[[-58.384417,-34.594431],[-58.385824,-34.594563]]}},{"type":"Feature","properties":{"nombre":"CHIVILCOY","tipo":"Ciclovías","barrio":"Floresta"},"geometry":{"type":"LineString","coordinates":[[-58.49128,-34.620894],[-58.492364,-34.620033]]}},{"type":"Feature","properties":{"nombre":"CHIVILCOY","tipo":"Ciclovías","barrio":"Floresta"},"geometry":{"type":"LineString","coordinates":[[-58.485383,-34.625715],[-58.485923,-34.625143]]}},{"type":"Feature","properties":{"nombre":"PEDERNERA","tipo":"Ciclovías","barrio":"Flores"},"geometry":{"type":"LineString","coordinates":[[-58.454419,-34.641652],[-58.453121,-34.642783],[-58.453004,-34.642876]]}},{"type":"Feature","properties":{"nombre":"RODO, JOSE E.","tipo":"Ciclovías","barrio":"Parque Avellaneda"},"geometry":{"type":"LineString","coordinates":[[-58.478283,-34.639067],[-58.479703,-34.63972]]}},{"type":"Feature","properties":{"nombre":"RABANAL, FRANCISCO, INTENDENTE AV.","tipo":"Ciclovías","barrio":"Nueva Pompeya"},"geometry":{"type":"LineString","coordinates":[[-58.424482,-34.658001],[-58.425226,-34.65839],[-58.425384,-34.658479]]}},{"type":"Feature","properties":{"nombre":"FIGUEROA ALCORTA, PRES. AV.","tipo":"Ciclovías","barrio":"Belgrano"},"geometry":{"type":"LineString","coordinates":[[-58.443831,-34.547534],[-58.444023,-34.547505]]}},{"type":"Feature","properties":{"nombre":"CORDOBA AV.","tipo":"Ciclovías mano única","barrio":"Recoleta"},"geometry":{"type":"LineString","coordinates":[[-58.398726,-34.59976],[-58.399924,-34.599621]]}},{"type":"Feature","properties":{"nombre":"OTAMENDI","tipo":"Ciclovías","barrio":"Caballito"},"geometry":{"type":"LineString","coordinates":[[-58.432562,-34.613685],[-58.432731,-34.613167],[-58.432792,-34.61299]]}},{"type":"Feature","properties":{"nombre":"MATHEU","tipo":"Ciclovías","barrio":"Balvanera"},"geometry":{"type":"LineString","coordinates":[[-58.400228,-34.616449],[-58.400133,-34.617551]]}},{"type":"Feature","properties":{"nombre":"UNANUE","tipo":"Ciclovías mano única","barrio":"Villa Lugano"},"geometry":{"type":"LineString","coordinates":[[-58.47445,-34.681394],[-58.475032,-34.6819]]}},{"type":"Feature","properties":{"nombre":"POLA","tipo":"Ciclovías","barrio":"Mataderos"},"geometry":{"type":"LineString","coordinates":[[-58.499449,-34.650642],[-58.498201,-34.651599]]}},{"type":"Feature","properties":{"nombre":"DEL LIBERTADOR AV.","tipo":"Ciclovías","barrio":"Palermo"},"geometry":{"type":"LineString","coordinates":[[-58.414631,-34.574822],[-58.414804,-34.574653],[-58.415056,-34.574571]]}},{"type":"Feature","properties":{"nombre":"MENDEZ DE ANDES","tipo":"Ciclovías","barrio":"Caballito"},"geometry":{"type":"LineString","coordinates":[[-58.455174,-34.617897],[-58.456201,-34.618206]]}},{"type":"Feature","properties":{"nombre":"ROSETI","tipo":"Ciclovías","barrio":"Villa Ortuzar"},"geometry":{"type":"LineString","coordinates":[[-58.460533,-34.581853],[-58.460715,-34.581852],[-58.461911,-34.581816]]}},{"type":"Feature","properties":{"nombre":"COMPLEJO CIUDAD UNIVERSITARIA (SIN NOMBRE OFICIAL)","tipo":"Ciclovías","barrio":"Belgrano"},"geometry":{"type":"LineString","coordinates":[[-58.444851,-34.541618],[-58.444982,-34.541546]]}},{"type":"Feature","properties":{"nombre":"PERETTE, CARLOS H.","tipo":"Ciclovías","barrio":"Retiro"},"geometry":{"type":"LineString","coordinates":[[-58.379307,-34.581896],[-58.380359,-34.581321]]}},{"type":"Feature","properties":{"nombre":"LA PAMPA","tipo":"Ciclovías","barrio":"Belgrano"},"geometry":{"type":"LineString","coordinates":[[-58.467365,-34.572496],[-58.468082,-34.572909]]}},{"type":"Feature","properties":{"nombre":"COLECTORA CANTILO, INT.","tipo":"Ciclovías","barrio":"Belgrano"},"geometry":{"type":"LineString","coordinates":[[-58.450484,-34.540476],[-58.450673,-34.540736]]}},{"type":"Feature","properties":{"nombre":"ARAOZ DE LAMADRID, GREGORIO, GRAL.","tipo":"Ciclovías","barrio":"La Boca"},"geometry":{"type":"LineString","coordinates":[[-58.363237,-34.639096],[-58.363678,-34.639306]]}},{"type":"Feature","properties":{"nombre":"BEIRO, FRANCISCO AV.","tipo":"Ciclovías","barrio":"Agronomia"},"geometry":{"type":"LineString","coordinates":[[-58.49201,-34.593631],[-58.492746,-34.594089]]}},{"type":"Feature","properties":{"nombre":"OTAMENDI","tipo":"Ciclovías","barrio":"Caballito"},"geometry":{"type":"LineString","coordinates":[[-58.431636,-34.61616],[-58.432097,-34.614974]]}},{"type":"Feature","properties":{"nombre":"LINIERS VIRREY","tipo":"Ciclovías","barrio":"Boedo"},"geometry":{"type":"LineString","coordinates":[[-58.413685,-34.622085],[-58.413732,-34.623333]]}},{"type":"Feature","properties":{"nombre":"CERETTI","tipo":"Ciclovías","barrio":"Villa Urquiza"},"geometry":{"type":"LineString","coordinates":[[-58.488103,-34.584419],[-58.488211,-34.58428],[-58.488898,-34.583395]]}},{"type":"Feature","properties":{"nombre":"PATRON","tipo":"Ciclovías","barrio":"Liniers"},"geometry":{"type":"LineString","coordinates":[[-58.510316,-34.643474],[-58.511083,-34.644169]]}},{"type":"Feature","properties":{"nombre":"PADILLA","tipo":"Ciclovías","barrio":"Villa Crespo"},"geometry":{"type":"LineString","coordinates":[[-58.443739,-34.598927],[-58.444693,-34.598063]]}},{"type":"Feature","properties":{"nombre":"PEDRAZA, MANUELA","tipo":"Ciclovías","barrio":"Nuñez"},"geometry":{"type":"LineString","coordinates":[[-58.462831,-34.549427],[-58.462985,-34.549519],[-58.463021,-34.549582]]}},{"type":"Feature","properties":{"nombre":"ACUÑA DE FIGUEROA, FRANCISCO","tipo":"Ciclovías","barrio":"Almagro"},"geometry":{"type":"LineString","coordinates":[[-58.422041,-34.599363],[-58.42202,-34.599225],[-58.421865,-34.598209]]}},{"type":"Feature","properties":{"nombre":"CHACO","tipo":"Ciclovías","barrio":"Caballito"},"geometry":{"type":"LineString","coordinates":[[-58.43021,-34.617271],[-58.430341,-34.617301]]}},{"type":"Feature","properties":{"nombre":"QUITO","tipo":"Ciclovías","barrio":"Almagro"},"geometry":{"type":"LineString","coordinates":[[-58.424436,-34.616928],[-58.425868,-34.617014]]}},{"type":"Feature","properties":{"nombre":"CABOTO","tipo":"Ciclovías","barrio":"La Boca"},"geometry":{"type":"LineString","coordinates":[[-58.357371,-34.630085],[-58.356901,-34.630396]]}},{"type":"Feature","properties":{"nombre":"ESTADO DE ISRAEL AV.","tipo":"Ciclovías mano única","barrio":"Villa Crespo"},"geometry":{"type":"LineString","coordinates":[[-58.431156,-34.600881],[-58.431874,-34.601697]]}},{"type":"Feature","properties":{"nombre":"PEPIRI","tipo":"Ciclovías","barrio":"Nueva Pompeya"},"geometry":{"type":"LineString","coordinates":[[-58.408703,-34.649355],[-58.408668,-34.649498],[-58.408576,-34.649597]]}},{"type":"Feature","properties":{"nombre":"SARMIENTO AV.","tipo":"Ciclovías","barrio":"Palermo"},"geometry":{"type":"LineString","coordinates":[[-58.41286,-34.572624],[-58.412466,-34.572149]]}},{"type":"Feature","properties":{"nombre":"PEDRAZA, MANUELA","tipo":"Ciclovías","barrio":"Villa Urquiza"},"geometry":{"type":"LineString","coordinates":[[-58.498586,-34.568404],[-58.498724,-34.568481],[-58.49914,-34.568711]]}},{"type":"Feature","properties":{"nombre":"VERA PEÑALOZA,  ROSARIO","tipo":"Ciclovías","barrio":"Puerto Madero"},"geometry":{"type":"LineString","coordinates":[[-58.366416,-34.618116],[-58.365717,-34.618057]]}},{"type":"Feature","properties":{"nombre":"GURRUCHAGA","tipo":"Ciclovías","barrio":"Villa Crespo"},"geometry":{"type":"LineString","coordinates":[[-58.445754,-34.600575],[-58.44475,-34.599754]]}},{"type":"Feature","properties":{"nombre":"MOREAU DE JUSTO, ALICIA AV.","tipo":"Ciclovías","barrio":"Puerto Madero"},"geometry":{"type":"LineString","coordinates":[[-58.366606,-34.608045],[-58.366443,-34.60953]]}},{"type":"Feature","properties":{"nombre":"BORGES, JORGE LUIS","tipo":"Ciclovías","barrio":"Palermo"},"geometry":{"type":"LineString","coordinates":[[-58.426066,-34.586043],[-58.425384,-34.585597]]}},{"type":"Feature","properties":{"nombre":"UNANUE","tipo":"Ciclovías mano única","barrio":"Villa Lugano"},"geometry":{"type":"LineString","coordinates":[[-58.468582,-34.676058],[-58.46933,-34.676752]]}},{"type":"Feature","properties":{"nombre":"CEVALLOS, VIRREY","tipo":"Ciclovías","barrio":"Monserrat"},"geometry":{"type":"LineString","coordinates":[[-58.388945,-34.612467],[-58.388952,-34.612626],[-58.388946,-34.613378],[-58.388954,-34.613637]]}},{"type":"Feature","properties":{"nombre":"SARMIENTO AV.","tipo":"Ciclovías","barrio":"Palermo"},"geometry":{"type":"LineString","coordinates":[[-58.415056,-34.574571],[-58.41466,-34.574427],[-58.414459,-34.574333],[-58.41286,-34.572624]]}},{"type":"Feature","properties":{"nombre":"RABANAL, FRANCISCO, INTENDENTE AV.","tipo":"Ciclovías","barrio":"Villa Soldati"},"geometry":{"type":"LineString","coordinates":[[-58.429678,-34.660882],[-58.429868,-34.660989],[-58.430739,-34.661478]]}},{"type":"Feature","properties":{"nombre":"BILLINGHURST","tipo":"Ciclovías","barrio":"Almagro"},"geometry":{"type":"LineString","coordinates":[[-58.416067,-34.608535],[-58.41629,-34.606963]]}},{"type":"Feature","properties":{"nombre":"RONDEAU","tipo":"Ciclovías","barrio":"Boedo"},"geometry":{"type":"LineString","coordinates":[[-58.420325,-34.637445],[-58.421459,-34.637641]]}},{"type":"Feature","properties":{"nombre":"ESTADO PLURINACIONAL DE BOLIVIA","tipo":"Ciclovías","barrio":"Agronomia"},"geometry":{"type":"LineString","coordinates":[[-58.494148,-34.589308],[-58.494794,-34.588594]]}},{"type":"Feature","properties":{"nombre":"ESTRADA","tipo":"Ciclovías","barrio":"Parque Chacabuco"},"geometry":{"type":"LineString","coordinates":[[-58.438881,-34.632889],[-58.439168,-34.633038]]}},{"type":"Feature","properties":{"nombre":"URIBURU JOSE E., PRES.","tipo":"Ciclovías","barrio":"Balvanera"},"geometry":{"type":"LineString","coordinates":[[-58.397853,-34.607238],[-58.397965,-34.606142],[-58.397981,-34.606016]]}},{"type":"Feature","properties":{"nombre":"ALVAREZ, JULIAN","tipo":"Ciclovías","barrio":"Palermo"},"geometry":{"type":"LineString","coordinates":[[-58.415664,-34.587353],[-58.415166,-34.587058]]}},{"type":"Feature","properties":{"nombre":"LA PAMPA","tipo":"Ciclovías","barrio":"Villa Urquiza"},"geometry":{"type":"LineString","coordinates":[[-58.469134,-34.573509],[-58.469926,-34.573961]]}},{"type":"Feature","properties":{"nombre":"ALBERTI","tipo":"Ciclovías","barrio":"Parque Patricios"},"geometry":{"type":"LineString","coordinates":[[-58.397871,-34.634507],[-58.397435,-34.635648]]}},{"type":"Feature","properties":{"nombre":"ALSINA, ADOLFO","tipo":"Ciclovías mano única","barrio":"Monserrat"},"geometry":{"type":"LineString","coordinates":[[-58.372057,-34.610145],[-58.372186,-34.610153],[-58.373453,-34.610244]]}},{"type":"Feature","properties":{"nombre":"GALLARDO, ANGEL AV.","tipo":"Ciclovías mano única","barrio":"Villa Crespo"},"geometry":{"type":"LineString","coordinates":[[-58.43515,-34.603574],[-58.43534,-34.603675],[-58.436618,-34.604283]]}},{"type":"Feature","properties":{"nombre":"CUBA","tipo":"Ciclovías","barrio":"Nuñez"},"geometry":{"type":"LineString","coordinates":[[-58.466751,-34.547055],[-58.467274,-34.546345]]}},{"type":"Feature","properties":{"nombre":"ESTIVAO","tipo":"Ciclovías","barrio":"Caballito"},"geometry":{"type":"LineString","coordinates":[[-58.430608,-34.607046],[-58.431585,-34.607456]]}},{"type":"Feature","properties":{"nombre":"BILBAO, FRANCISCO","tipo":"Ciclovías","barrio":"Parque Chacabuco"},"geometry":{"type":"LineString","coordinates":[[-58.447983,-34.630661],[-58.449045,-34.630999]]}},{"type":"Feature","properties":{"nombre":"LA PAMPA","tipo":"Ciclovías","barrio":"Villa Urquiza"},"geometry":{"type":"LineString","coordinates":[[-58.468082,-34.572909],[-58.468288,-34.573027]]}},{"type":"Feature","properties":{"nombre":"ZAPATA","tipo":"Ciclovías","barrio":"Colegiales"},"geometry":{"type":"LineString","coordinates":[[-58.441705,-34.573074],[-58.442613,-34.572475],[-58.442794,-34.572356]]}},{"type":"Feature","properties":{"nombre":"FAVALORO, RENE DR.","tipo":"Ciclovías","barrio":"Parque Patricios"},"geometry":{"type":"LineString","coordinates":[[-58.405148,-34.63963],[-58.40524,-34.63961],[-58.405355,-34.639599],[-58.405485,-34.639649],[-58.405567,-34.639712],[-58.405682,-34.639783],[-58.405876,-34.639863],[-58.40615,-34.639968],[-58.406537,-34.640061]]}},{"type":"Feature","properties":{"nombre":"ALVEAR, MARCELO T. DE","tipo":"Ciclovías","barrio":"Recoleta"},"geometry":{"type":"LineString","coordinates":[[-58.400288,-34.596743],[-58.400427,-34.596709],[-58.40161,-34.596341]]}},{"type":"Feature","properties":{"nombre":"COMPLEJO CIUDAD UNIVERSITARIA (SIN NOMBRE OFICIAL)","tipo":"Ciclovías","barrio":"Belgrano"},"geometry":{"type":"LineString","coordinates":[[-58.443491,-34.542365],[-58.44341,-34.542337],[-58.442595,-34.541294]]}},{"type":"Feature","properties":{"nombre":"SENDERO PARQUE CHACABUCO (NO OFICIAL)","tipo":"Ciclovías","barrio":"Parque Chacabuco"},"geometry":{"type":"LineString","coordinates":[[-58.444728,-34.632883],[-58.444573,-34.633012],[-58.444535,-34.633071],[-58.444492,-34.633098],[-58.444374,-34.63327],[-58.444138,-34.633451]]}},{"type":"Feature","properties":{"nombre":"FIGUEROA ALCORTA, PRES. AV.","tipo":"Ciclovías","barrio":"Recoleta"},"geometry":{"type":"LineString","coordinates":[[-58.389232,-34.584796],[-58.389632,-34.584611],[-58.390296,-34.584309]]}},{"type":"Feature","properties":{"nombre":"MOREAU DE JUSTO, ALICIA AV.","tipo":"Ciclovías","barrio":"Puerto Madero"},"geometry":{"type":"LineString","coordinates":[[-58.366282,-34.61092],[-58.366197,-34.611712],[-58.366191,-34.611803],[-58.366207,-34.611937],[-58.366295,-34.612112]]}},{"type":"Feature","properties":{"nombre":"RAMOS MEJIA, JOSE MARIA, DR. AV.","tipo":"Ciclovías","barrio":"Retiro"},"geometry":{"type":"LineString","coordinates":[[-58.375335,-34.592765],[-58.374327,-34.591511],[-58.374114,-34.591233]]}},{"type":"Feature","properties":{"nombre":"DEL LIBERTADOR AV.","tipo":"Ciclovías","barrio":"Belgrano"},"geometry":{"type":"LineString","coordinates":[[-58.4413,-34.562231],[-58.441927,-34.562093],[-58.442411,-34.561968]]}},{"type":"Feature","properties":{"nombre":"ZAÑARTU","tipo":"Ciclovías","barrio":"Parque Chacabuco"},"geometry":{"type":"LineString","coordinates":[[-58.430349,-34.639205],[-58.431407,-34.639398],[-58.431612,-34.639427]]}},{"type":"Feature","properties":{"nombre":"CEVALLOS, VIRREY","tipo":"Ciclovías","barrio":"Constitucion"},"geometry":{"type":"LineString","coordinates":[[-58.388098,-34.628837],[-58.387945,-34.630116]]}},{"type":"Feature","properties":{"nombre":"ESPINOSA","tipo":"Ciclovías","barrio":"Caballito"},"geometry":{"type":"LineString","coordinates":[[-58.449147,-34.615833],[-58.449747,-34.61484]]}},{"type":"Feature","properties":{"nombre":"NUEVA YORK","tipo":"Ciclovías","barrio":"Agronomia"},"geometry":{"type":"LineString","coordinates":[[-58.491308,-34.58755],[-58.491882,-34.587905]]}},{"type":"Feature","properties":{"nombre":"CALVO, CARLOS","tipo":"Ciclovías","barrio":"Boedo"},"geometry":{"type":"LineString","coordinates":[[-58.412336,-34.623032],[-58.413165,-34.623197],[-58.413611,-34.623304],[-58.413732,-34.623333]]}},{"type":"Feature","properties":{"nombre":"ALVAREZ, JULIAN","tipo":"Ciclovías","barrio":"Villa Crespo"},"geometry":{"type":"LineString","coordinates":[[-58.43515,-34.600033],[-58.434073,-34.599347]]}},{"type":"Feature","properties":{"nombre":"CHIVILCOY","tipo":"Ciclovías","barrio":"Monte Castro"},"geometry":{"type":"LineString","coordinates":[[-58.495049,-34.617904],[-58.495598,-34.617469]]}},{"type":"Feature","properties":{"nombre":"GARCIA, TEODORO","tipo":"Ciclovías","barrio":"Palermo"},"geometry":{"type":"LineString","coordinates":[[-58.443745,-34.567417],[-58.444284,-34.568029],[-58.444445,-34.568201]]}},{"type":"Feature","properties":{"nombre":"PAVON","tipo":"Ciclovías","barrio":"Constitucion"},"geometry":{"type":"LineString","coordinates":[[-58.382245,-34.625963],[-58.38288,-34.625989]]}},{"type":"Feature","properties":{"nombre":"CORRIENTES AV.","tipo":"Ciclovías mano única","barrio":"San Nicolas"},"geometry":{"type":"LineString","coordinates":[[-58.376663,-34.603404],[-58.378075,-34.603491]]}},{"type":"Feature","properties":{"nombre":"DIAZ, CESAR, GRAL.","tipo":"Ciclovías","barrio":"Villa Gral. Mitre"},"geometry":{"type":"LineString","coordinates":[[-58.46806,-34.608657],[-58.469351,-34.609334]]}},{"type":"Feature","properties":{"nombre":"CORRIENTES AV.","tipo":"Ciclovías mano única","barrio":"Almagro"},"geometry":{"type":"LineString","coordinates":[[-58.430173,-34.602256],[-58.431071,-34.602164]]}},{"type":"Feature","properties":{"nombre":"BEIRO, FRANCISCO AV.","tipo":"Ciclovías","barrio":"Agronomia"},"geometry":{"type":"LineString","coordinates":[[-58.492746,-34.594089],[-58.493142,-34.59433]]}},{"type":"Feature","properties":{"nombre":"ACUÑA DE FIGUEROA, FRANCISCO","tipo":"Ciclovías","barrio":"Palermo"},"geometry":{"type":"LineString","coordinates":[[-58.421302,-34.595365],[-58.421095,-34.59434],[-58.42106,-34.594163]]}},{"type":"Feature","properties":{"nombre":"CERETTI","tipo":"Ciclovías","barrio":"Villa Urquiza"},"geometry":{"type":"LineString","coordinates":[[-58.489361,-34.582799],[-58.489825,-34.582205]]}},{"type":"Feature","properties":{"nombre":"ZAÑARTU","tipo":"Ciclovías","barrio":"Parque Chacabuco"},"geometry":{"type":"LineString","coordinates":[[-58.426704,-34.638544],[-58.427953,-34.638768]]}},{"type":"Feature","properties":{"nombre":"GONZALEZ, ELPIDIO","tipo":"Ciclovías","barrio":"Villa Santa Rita"},"geometry":{"type":"LineString","coordinates":[[-58.49298,-34.615246],[-58.493102,-34.615349],[-58.493709,-34.615868]]}},{"type":"Feature","properties":{"nombre":"PEPIRI","tipo":"Ciclovías","barrio":"Parque Patricios"},"geometry":{"type":"LineString","coordinates":[[-58.409308,-34.642728],[-58.409544,-34.644074]]}},{"type":"Feature","properties":{"nombre":"BARROS PAZOS, JOSE","tipo":"Ciclovías mano única","barrio":"Villa Lugano"},"geometry":{"type":"LineString","coordinates":[[-58.474117,-34.682601],[-58.474472,-34.682911],[-58.47462,-34.683045]]}},{"type":"Feature","properties":{"nombre":"GONZALEZ, ELPIDIO","tipo":"Ciclovías","barrio":"Monte Castro"},"geometry":{"type":"LineString","coordinates":[[-58.502053,-34.622021],[-58.502213,-34.622107],[-58.503164,-34.62262]]}},{"type":"Feature","properties":{"nombre":"11 DE SEPTIEMBRE DE 1888","tipo":"Ciclovías","barrio":"Belgrano"},"geometry":{"type":"LineString","coordinates":[[-58.453493,-34.555889],[-58.453917,-34.555398]]}},{"type":"Feature","properties":{"nombre":"HUMBOLDT","tipo":"Ciclovías","barrio":"Chacarita"},"geometry":{"type":"LineString","coordinates":[[-58.441376,-34.589711],[-58.441253,-34.589617],[-58.440385,-34.588905]]}},{"type":"Feature","properties":{"nombre":"MARTINEZ, ENRIQUE, GRAL.","tipo":"Ciclovías","barrio":"Colegiales"},"geometry":{"type":"LineString","coordinates":[[-58.445171,-34.581473],[-58.445291,-34.581382],[-58.445955,-34.580905]]}},{"type":"Feature","properties":{"nombre":"RODO, JOSE E.","tipo":"Ciclovías","barrio":"Mataderos"},"geometry":{"type":"LineString","coordinates":[[-58.496143,-34.651917],[-58.496935,-34.652576]]}},{"type":"Feature","properties":{"nombre":"CORRIENTES AV.","tipo":"Ciclovías mano única","barrio":"Balvanera"},"geometry":{"type":"LineString","coordinates":[[-58.398222,-34.60458],[-58.399483,-34.604635]]}},{"type":"Feature","properties":{"nombre":"SANCHEZ DE BUSTAMANTE","tipo":"Ciclovías","barrio":"Recoleta"},"geometry":{"type":"LineString","coordinates":[[-58.41165,-34.593225],[-58.411567,-34.593106]]}},{"type":"Feature","properties":{"nombre":"GRIVEO","tipo":"Ciclovías","barrio":"Villa Pueyrredon"},"geometry":{"type":"LineString","coordinates":[[-58.507701,-34.587004],[-58.508416,-34.587446]]}},{"type":"Feature","properties":{"nombre":"VILELA","tipo":"Ciclovías","barrio":"Saavedra"},"geometry":{"type":"LineString","coordinates":[[-58.482341,-34.550124],[-58.482435,-34.550216],[-58.482581,-34.550414],[-58.482704,-34.550617],[-58.482796,-34.550942]]}},{"type":"Feature","properties":{"nombre":"DIAZ, CNEL. AV.","tipo":"Ciclovías","barrio":"Palermo"},"geometry":{"type":"LineString","coordinates":[[-58.412393,-34.59175],[-58.41233,-34.591676]]}},{"type":"Feature","properties":{"nombre":"TRES ARROYOS","tipo":"Ciclovías","barrio":"Villa Crespo"},"geometry":{"type":"LineString","coordinates":[[-58.44863,-34.602307],[-58.44876,-34.602388],[-58.449469,-34.602836]]}},{"type":"Feature","properties":{"nombre":"MILLER","tipo":"Ciclovías","barrio":"Saavedra"},"geometry":{"type":"LineString","coordinates":[[-58.493171,-34.555849],[-58.493443,-34.555454]]}},{"type":"Feature","properties":{"nombre":"GARCIA, MARTIN AV.","tipo":"Ciclovías","barrio":"San Telmo"},"geometry":{"type":"LineString","coordinates":[[-58.368056,-34.627062],[-58.368161,-34.627127]]}},{"type":"Feature","properties":{"nombre":"ECHEVERRIA","tipo":"Ciclovías","barrio":"Belgrano"},"geometry":{"type":"LineString","coordinates":[[-58.460489,-34.565701],[-58.461516,-34.566305]]}},{"type":"Feature","properties":{"nombre":"MARTINEZ CASTRO","tipo":"Ciclovías","barrio":"Parque Avellaneda"},"geometry":{"type":"LineString","coordinates":[[-58.471286,-34.644591],[-58.47113,-34.644714],[-58.470013,-34.645598]]}},{"type":"Feature","properties":{"nombre":"BONIFACIO, JOSE","tipo":"Ciclovías","barrio":"Caballito"},"geometry":{"type":"LineString","coordinates":[[-58.446571,-34.628598],[-58.447664,-34.628762],[-58.447995,-34.628818]]}},{"type":"Feature","properties":{"nombre":"ALVAREZ, JULIAN","tipo":"Ciclovías","barrio":"Palermo"},"geometry":{"type":"LineString","coordinates":[[-58.426249,-34.594231],[-58.426075,-34.59411],[-58.425201,-34.593504]]}},{"type":"Feature","properties":{"nombre":"MENDEZ DE ANDES","tipo":"Ciclovías","barrio":"Caballito"},"geometry":{"type":"LineString","coordinates":[[-58.452587,-34.617117],[-58.453862,-34.617501]]}},{"type":"Feature","properties":{"nombre":"SENILLOSA","tipo":"Ciclovías","barrio":"Caballito"},"geometry":{"type":"LineString","coordinates":[[-58.43021,-34.617271],[-58.429961,-34.618484]]}},{"type":"Feature","properties":{"nombre":"PEDRAZA, MANUELA","tipo":"Ciclovías","barrio":"Nuñez"},"geometry":{"type":"LineString","coordinates":[[-58.461317,-34.548733],[-58.461423,-34.548747],[-58.461637,-34.548839]]}},{"type":"Feature","properties":{"nombre":"BONIFACIO, JOSE","tipo":"Ciclovías","barrio":"Floresta"},"geometry":{"type":"LineString","coordinates":[[-58.473889,-34.636403],[-58.474745,-34.636708],[-58.474914,-34.636769]]}},{"type":"Feature","properties":{"nombre":"CAMINO DE SIRGA","tipo":"Ciclovías","barrio":"Nueva Pompeya"},"geometry":{"type":"LineString","coordinates":[[-58.416428,-34.658975],[-58.415955,-34.65894],[-58.415302,-34.65878],[-58.41469,-34.658603],[-58.414282,-34.658493],[-58.41365,-34.658392],[-58.413181,-34.658374],[-58.412692,-34.658324],[-58.412314,-34.658383],[-58.411927,-34.658467],[-58.411447,-34.658559],[-58.41108,-34.658584],[-58.411076,-34.658585]]}},{"type":"Feature","properties":{"nombre":"ACUÑA DE FIGUEROA, FRANCISCO","tipo":"Ciclovías","barrio":"Almagro"},"geometry":{"type":"LineString","coordinates":[[-58.422804,-34.604686],[-58.422561,-34.603015]]}},{"type":"Feature","properties":{"nombre":"MENDEZ DE ANDES","tipo":"Ciclovías","barrio":"Flores"},"geometry":{"type":"LineString","coordinates":[[-58.461017,-34.620423],[-58.462225,-34.620992]]}},{"type":"Feature","properties":{"nombre":"JUNCAL","tipo":"Ciclovías","barrio":"Recoleta"},"geometry":{"type":"LineString","coordinates":[[-58.396857,-34.593055],[-58.396999,-34.593012],[-58.3972,-34.592953]]}},{"type":"Feature","properties":{"nombre":"PRIMERA JUNTA","tipo":"Ciclovías","barrio":"Flores"},"geometry":{"type":"LineString","coordinates":[[-58.464662,-34.64371],[-58.465466,-34.644224],[-58.465596,-34.644306]]}},{"type":"Feature","properties":{"nombre":"IRALA","tipo":"Ciclovías","barrio":"La Boca"},"geometry":{"type":"LineString","coordinates":[[-58.36781,-34.63243],[-58.367514,-34.633363]]}},{"type":"Feature","properties":{"nombre":"PEDERNERA","tipo":"Ciclovías","barrio":"Flores"},"geometry":{"type":"LineString","coordinates":[[-58.452314,-34.643422],[-58.451463,-34.644097],[-58.451352,-34.644184]]}},{"type":"Feature","properties":{"nombre":"BILBAO, FRANCISCO","tipo":"Ciclovías","barrio":"Parque Chacabuco"},"geometry":{"type":"LineString","coordinates":[[-58.452741,-34.632174],[-58.453602,-34.632448],[-58.453871,-34.632533]]}},{"type":"Feature","properties":{"nombre":"CHIVILCOY AV.","tipo":"Ciclovías mano única","barrio":"Villa Devoto"},"geometry":{"type":"LineString","coordinates":[[-58.51634,-34.594977],[-58.51712,-34.594124]]}},{"type":"Feature","properties":{"nombre":"BILLINGHURST","tipo":"Ciclovías","barrio":"Almagro"},"geometry":{"type":"LineString","coordinates":[[-58.415472,-34.602652],[-58.415451,-34.602526],[-58.415315,-34.60176]]}},{"type":"Feature","properties":{"nombre":"GORRITI","tipo":"Ciclovías","barrio":"Palermo"},"geometry":{"type":"LineString","coordinates":[[-58.43719,-34.584922],[-58.438241,-34.584133]]}},{"type":"Feature","properties":{"nombre":"SOLER","tipo":"Ciclovías","barrio":"Palermo"},"geometry":{"type":"LineString","coordinates":[[-58.430691,-34.582377],[-58.431654,-34.581615]]}},{"type":"Feature","properties":{"nombre":"TRES ARROYOS","tipo":"Ciclovías","barrio":"Villa Crespo"},"geometry":{"type":"LineString","coordinates":[[-58.449469,-34.602836],[-58.449564,-34.602897]]}},{"type":"Feature","properties":{"nombre":"TRES ARROYOS","tipo":"Ciclovías","barrio":"Villa Crespo"},"geometry":{"type":"LineString","coordinates":[[-58.449564,-34.602897],[-58.449727,-34.602999],[-58.450599,-34.603541]]}},{"type":"Feature","properties":{"nombre":"CUBA","tipo":"Ciclovías","barrio":"Nuñez"},"geometry":{"type":"LineString","coordinates":[[-58.462702,-34.552577],[-58.463257,-34.55182]]}},{"type":"Feature","properties":{"nombre":"BRASIL AV.","tipo":"Ciclovías","barrio":"San Telmo"},"geometry":{"type":"LineString","coordinates":[[-58.366492,-34.625194],[-58.367975,-34.625194]]}},{"type":"Feature","properties":{"nombre":"TREINTA Y TRES ORIENTALES","tipo":"Ciclovías","barrio":"Boedo"},"geometry":{"type":"LineString","coordinates":[[-58.420842,-34.635839],[-58.42067,-34.636525]]}},{"type":"Feature","properties":{"nombre":"PAVON","tipo":"Ciclovías","barrio":"Boedo"},"geometry":{"type":"LineString","coordinates":[[-58.411845,-34.629204],[-58.41242,-34.629343],[-58.412638,-34.629395]]}},{"type":"Feature","properties":{"nombre":"IBERA","tipo":"Ciclovías","barrio":"Coghlan"},"geometry":{"type":"LineString","coordinates":[[-58.478588,-34.56122],[-58.479019,-34.561456]]}},{"type":"Feature","properties":{"nombre":"POLA","tipo":"Ciclovías","barrio":"Mataderos"},"geometry":{"type":"LineString","coordinates":[[-58.50383,-34.647216],[-58.503718,-34.647305],[-58.503333,-34.647612]]}},{"type":"Feature","properties":{"nombre":"TREINTA Y TRES ORIENTALES","tipo":"Ciclovías","barrio":"Boedo"},"geometry":{"type":"LineString","coordinates":[[-58.423588,-34.622405],[-58.423478,-34.623146]]}},{"type":"Feature","properties":{"nombre":"MONROE","tipo":"Ciclovías","barrio":"Belgrano"},"geometry":{"type":"LineString","coordinates":[[-58.450914,-34.552943],[-58.452123,-34.55366]]}},{"type":"Feature","properties":{"nombre":"DEFENSA","tipo":"Ciclovías","barrio":"San Telmo"},"geometry":{"type":"LineString","coordinates":[[-58.370697,-34.629188],[-58.370662,-34.629492]]}},{"type":"Feature","properties":{"nombre":"POLA","tipo":"Ciclovías","barrio":"Mataderos"},"geometry":{"type":"LineString","coordinates":[[-58.501738,-34.648881],[-58.501637,-34.648961],[-58.500545,-34.649799]]}},{"type":"Feature","properties":{"nombre":"PEDERNERA","tipo":"Ciclovías","barrio":"Flores"},"geometry":{"type":"LineString","coordinates":[[-58.456795,-34.639644],[-58.455862,-34.640406],[-58.455744,-34.640503]]}},{"type":"Feature","properties":{"nombre":"JUNCAL","tipo":"Ciclovías","barrio":"Recoleta"},"geometry":{"type":"LineString","coordinates":[[-58.395755,-34.593385],[-58.395693,-34.593404]]}},{"type":"Feature","properties":{"nombre":"RABANAL, FRANCISCO, INTENDENTE AV.","tipo":"Ciclovías","barrio":"Villa Soldati"},"geometry":{"type":"LineString","coordinates":[[-58.428621,-34.66029],[-58.429678,-34.660882]]}},{"type":"Feature","properties":{"nombre":"LA PAMPA","tipo":"Ciclovías","barrio":"Villa Urquiza"},"geometry":{"type":"LineString","coordinates":[[-58.482145,-34.58096],[-58.483013,-34.581465],[-58.483134,-34.581535]]}},{"type":"Feature","properties":{"nombre":"CAMACUA","tipo":"Ciclovías","barrio":"Flores"},"geometry":{"type":"LineString","coordinates":[[-58.458854,-34.627548],[-58.458271,-34.628695],[-58.458203,-34.628826]]}},{"type":"Feature","properties":{"nombre":"DEL LIBERTADOR AV.","tipo":"Ciclovías","barrio":"Palermo"},"geometry":{"type":"LineString","coordinates":[[-58.41175,-34.576435],[-58.413161,-34.575797]]}},{"type":"Feature","properties":{"nombre":"PATRICIAS ARGENTINAS AV.","tipo":"Ciclovías","barrio":"Caballito"},"geometry":{"type":"LineString","coordinates":[[-58.433204,-34.605714],[-58.433269,-34.605622],[-58.433333,-34.605539],[-58.433367,-34.605497],[-58.433402,-34.605457],[-58.433471,-34.605384],[-58.43352,-34.605335],[-58.433565,-34.605292],[-58.433617,-34.605246],[-58.43367,-34.6052],[-58.433737,-34.605146],[-58.43378,-34.605112],[-58.433825,-34.605079],[-58.433896,-34.605029],[-58.433949,-34.604993],[-58.434003,-34.604958],[-58.434051,-34.604928],[-58.43412,-34.604886],[-58.43419,-34.604846],[-58.434276,-34.604799]]}},{"type":"Feature","properties":{"nombre":"DIAZ, CESAR, GRAL.","tipo":"Ciclovías","barrio":"Villa Gral. Mitre"},"geometry":{"type":"LineString","coordinates":[[-58.469351,-34.609334],[-58.469455,-34.609389],[-58.470501,-34.609932]]}},{"type":"Feature","properties":{"nombre":"ECHEVERRIA","tipo":"Ciclovías","barrio":"Belgrano"},"geometry":{"type":"LineString","coordinates":[[-58.464701,-34.568191],[-58.465739,-34.568805]]}},{"type":"Feature","properties":{"nombre":"ACHAVAL RODRIGUEZ, T., DR. AV.","tipo":"Ciclovías","barrio":"Puerto Madero"},"geometry":{"type":"LineString","coordinates":[[-58.356945,-34.616959],[-58.356681,-34.617268]]}},{"type":"Feature","properties":{"nombre":"MEXICO","tipo":"Ciclovías","barrio":"Balvanera"},"geometry":{"type":"LineString","coordinates":[[-58.40117,-34.616559],[-58.402536,-34.616719],[-58.402689,-34.616745]]}},{"type":"Feature","properties":{"nombre":"VALLESE, FELIPE","tipo":"Ciclovías","barrio":"Caballito"},"geometry":{"type":"LineString","coordinates":[[-58.438357,-34.610437],[-58.439071,-34.610715],[-58.439302,-34.610799]]}},{"type":"Feature","properties":{"nombre":"SAN MARTIN","tipo":"Ciclovías","barrio":"Retiro"},"geometry":{"type":"LineString","coordinates":[[-58.374322,-34.59624],[-58.374349,-34.595781]]}},{"type":"Feature","properties":{"nombre":"CORRIENTES AV.","tipo":"Ciclovías mano única","barrio":"Chacarita"},"geometry":{"type":"LineString","coordinates":[[-58.452778,-34.588238],[-58.454083,-34.587754]]}},{"type":"Feature","properties":{"nombre":"DEL LIBERTADOR AV.","tipo":"Ciclovías","barrio":"Belgrano"},"geometry":{"type":"LineString","coordinates":[[-58.451151,-34.55267],[-58.451577,-34.552173]]}},{"type":"Feature","properties":{"nombre":"ROCA, CNEL. AV.","tipo":"Ciclovías","barrio":"Villa Riachuelo"},"geometry":{"type":"LineString","coordinates":[[-58.462313,-34.691122],[-58.463208,-34.691945]]}},{"type":"Feature","properties":{"nombre":"HORNOS, GRAL.","tipo":"Ciclovías","barrio":"Barracas"},"geometry":{"type":"LineString","coordinates":[[-58.37777,-34.632533],[-58.377496,-34.633232],[-58.377459,-34.633355]]}},{"type":"Feature","properties":{"nombre":"CORRIENTES AV.","tipo":"Ciclovías mano única","barrio":"Almagro"},"geometry":{"type":"LineString","coordinates":[[-58.415663,-34.603804],[-58.416749,-34.603598]]}},{"type":"Feature","properties":{"nombre":"GARCIA, JUAN AGUSTIN","tipo":"Ciclovías","barrio":"Villa Santa Rita"},"geometry":{"type":"LineString","coordinates":[[-58.488257,-34.613592],[-58.488876,-34.613925]]}},{"type":"Feature","properties":{"nombre":"GONZALEZ, ELPIDIO","tipo":"Ciclovías","barrio":"Monte Castro"},"geometry":{"type":"LineString","coordinates":[[-58.503164,-34.62262],[-58.504455,-34.623304]]}},{"type":"Feature","properties":{"nombre":"TREINTA Y TRES ORIENTALES","tipo":"Ciclovías","barrio":"Almagro"},"geometry":{"type":"LineString","coordinates":[[-58.424384,-34.617935],[-58.424373,-34.618149],[-58.424279,-34.619113]]}},{"type":"Feature","properties":{"nombre":"CHIVILCOY AV.","tipo":"Ciclovías mano única","barrio":"Villa Devoto"},"geometry":{"type":"LineString","coordinates":[[-58.515577,-34.595832],[-58.51634,-34.594977]]}},{"type":"Feature","properties":{"nombre":"DEL LIBERTADOR AV.","tipo":"Ciclovías","barrio":"Palermo"},"geometry":{"type":"LineString","coordinates":[[-58.438178,-34.562947],[-58.438835,-34.5627],[-58.439447,-34.562533]]}},{"type":"Feature","properties":{"nombre":"DOBLAS","tipo":"Ciclovías","barrio":"Caballito"},"geometry":{"type":"LineString","coordinates":[[-58.42992,-34.626151],[-58.429635,-34.627412]]}},{"type":"Feature","properties":{"nombre":"ALSINA, ADOLFO","tipo":"Ciclovías","barrio":"Balvanera"},"geometry":{"type":"LineString","coordinates":[[-58.410074,-34.612692],[-58.411464,-34.613037]]}},{"type":"Feature","properties":{"nombre":"GRIVEO","tipo":"Ciclovías","barrio":"Villa Pueyrredon"},"geometry":{"type":"LineString","coordinates":[[-58.505712,-34.585778],[-58.506227,-34.586096],[-58.506382,-34.586192]]}},{"type":"Feature","properties":{"nombre":"SENDERO SIN NOMBRE OFICIAL - PUENTE SOBRE AV. LUGONES","tipo":"Ciclovías","barrio":"Belgrano"},"geometry":{"type":"LineString","coordinates":[[-58.439611,-34.54874],[-58.439414,-34.548547],[-58.439284,-34.548446],[-58.43914,-34.548336],[-58.439068,-34.548328],[-58.438896,-34.548423],[-58.438261,-34.547645],[-58.438019,-34.547749],[-58.437862,-34.547637]]}},{"type":"Feature","properties":{"nombre":"SARMIENTO AV.","tipo":"Ciclovías","barrio":"Palermo"},"geometry":{"type":"LineString","coordinates":[[-58.412466,-34.572149],[-58.412304,-34.571942],[-58.4122,-34.571812],[-58.412144,-34.571711],[-58.412116,-34.571638]]}},{"type":"Feature","properties":{"nombre":"SUIPACHA","tipo":"Ciclovías","barrio":"Retiro"},"geometry":{"type":"LineString","coordinates":[[-58.379962,-34.594704],[-58.379973,-34.594247],[-58.380038,-34.59411]]}},{"type":"Feature","properties":{"nombre":"AMENABAR","tipo":"Ciclovías","barrio":"Nuñez"},"geometry":{"type":"LineString","coordinates":[[-58.468123,-34.552718],[-58.468704,-34.551957]]}},{"type":"Feature","properties":{"nombre":"GODOY CRUZ","tipo":"Ciclovías","barrio":"Palermo"},"geometry":{"type":"LineString","coordinates":[[-58.433948,-34.587495],[-58.432904,-34.586838]]}},{"type":"Feature","properties":{"nombre":"FIGUEROA ALCORTA, PRES. AV.","tipo":"Ciclovías","barrio":"Recoleta"},"geometry":{"type":"LineString","coordinates":[[-58.387336,-34.585734],[-58.387559,-34.585615],[-58.388445,-34.585159],[-58.389232,-34.584796]]}},{"type":"Feature","properties":{"nombre":"CUBA","tipo":"Ciclovías","barrio":"Nuñez"},"geometry":{"type":"LineString","coordinates":[[-58.469366,-34.543503],[-58.469938,-34.542726]]}},{"type":"Feature","properties":{"nombre":"LINIERS VIRREY","tipo":"Ciclovías","barrio":"Boedo"},"geometry":{"type":"LineString","coordinates":[[-58.413826,-34.620751],[-58.413685,-34.622085]]}},{"type":"Feature","properties":{"nombre":"OBLIGADO RAFAEL, AV.COSTANERA","tipo":"Ciclovías","barrio":"Belgrano"},"geometry":{"type":"LineString","coordinates":[[-58.429692,-34.550523],[-58.430051,-34.550253],[-58.430089,-34.550219],[-58.430127,-34.550185],[-58.430164,-34.55015],[-58.430201,-34.550115],[-58.430237,-34.550079],[-58.430272,-34.550043],[-58.430306,-34.550007],[-58.43034,-34.54997],[-58.430373,-34.549932],[-58.430405,-34.549894],[-58.430437,-34.549856],[-58.430468,-34.549818],[-58.430498,-34.549778],[-58.430528,-34.549739],[-58.430556,-34.549699],[-58.430584,-34.549659],[-58.430611,-34.549619],[-58.430638,-34.549578],[-58.430663,-34.549536],[-58.430688,-34.549495],[-58.430712,-34.549453],[-58.430736,-34.549411],[-58.430758,-34.549368],[-58.43078,-34.549326],[-58.430801,-34.549283],[-58.430821,-34.549239],[-58.43084,-34.549196],[-58.430859,-34.549152],[-58.430876,-34.549108],[-58.430893,-34.549064],[-58.430909,-34.54902],[-58.430924,-34.548975],[-58.430938,-34.54893],[-58.430952,-34.548885],[-58.430964,-34.54884],[-58.430976,-34.548795],[-58.430987,-34.548749],[-58.430997,-34.548703],[-58.431006,-34.548658],[-58.431015,-34.548612],[-58.431022,-34.548566],[-58.431029,-34.54852],[-58.431034,-34.548474],[-58.431039,-34.548428],[-58.431043,-34.548381],[-58.431046,-34.548335],[-58.431049,-34.548289],[-58.43105,-34.548242],[-58.43105,-34.548196],[-58.431042,-34.548064]]}},{"type":"Feature","properties":{"nombre":"FERNANDEZ, SARA BEATRIZ","tipo":"Ciclovías","barrio":"Retiro"},"geometry":{"type":"LineString","coordinates":[[-58.372421,-34.589063],[-58.372821,-34.588903],[-58.377203,-34.586373]]}},{"type":"Feature","properties":{"nombre":"MONROE","tipo":"Ciclovías","barrio":"Belgrano"},"geometry":{"type":"LineString","coordinates":[[-58.445375,-34.54966],[-58.446479,-34.550315]]}},{"type":"Feature","properties":{"nombre":"CORDOBA AV.","tipo":"Ciclovías mano única","barrio":"Palermo"},"geometry":{"type":"LineString","coordinates":[[-58.438053,-34.58899],[-58.438251,-34.588857]]}},{"type":"Feature","properties":{"nombre":"GONZALEZ, ELPIDIO","tipo":"Ciclovías","barrio":"Monte Castro"},"geometry":{"type":"LineString","coordinates":[[-58.495598,-34.617469],[-58.496526,-34.618241]]}},{"type":"Feature","properties":{"nombre":"LUGONES","tipo":"Ciclovías","barrio":"Villa Urquiza"},"geometry":{"type":"LineString","coordinates":[[-58.474619,-34.576636],[-58.475379,-34.575779]]}},{"type":"Feature","properties":{"nombre":"MARTINEZ, ENRIQUE, GRAL.","tipo":"Ciclovías","barrio":"Colegiales"},"geometry":{"type":"LineString","coordinates":[[-58.44847,-34.579663],[-58.44911,-34.579352]]}},{"type":"Feature","properties":{"nombre":"MILLER","tipo":"Ciclovías","barrio":"Saavedra"},"geometry":{"type":"LineString","coordinates":[[-58.496665,-34.550853],[-58.496748,-34.550735],[-58.497216,-34.550067]]}},{"type":"Feature","properties":{"nombre":"PEDRAZA, MANUELA","tipo":"Ciclovías","barrio":"Villa Urquiza"},"geometry":{"type":"LineString","coordinates":[[-58.493476,-34.565645],[-58.494644,-34.566226]]}},{"type":"Feature","properties":{"nombre":"MIRO","tipo":"Ciclovías","barrio":"Parque Chacabuco"},"geometry":{"type":"LineString","coordinates":[[-58.443267,-34.639594],[-58.442924,-34.640521]]}},{"type":"Feature","properties":{"nombre":"AZOPARDO","tipo":"Ciclovías","barrio":"San Telmo"},"geometry":{"type":"LineString","coordinates":[[-58.366775,-34.622699],[-58.36662,-34.624027]]}},{"type":"Feature","properties":{"nombre":"CULPINA","tipo":"Ciclovías","barrio":"Flores"},"geometry":{"type":"LineString","coordinates":[[-58.463777,-34.637054],[-58.463552,-34.637563]]}},{"type":"Feature","properties":{"nombre":"PAVON","tipo":"Ciclovías","barrio":"San Cristobal"},"geometry":{"type":"LineString","coordinates":[[-58.405304,-34.627953],[-58.406446,-34.628093],[-58.406653,-34.628114]]}},{"type":"Feature","properties":{"nombre":"CORDOBA AV.","tipo":"Ciclovías mano única","barrio":"Recoleta"},"geometry":{"type":"LineString","coordinates":[[-58.401072,-34.599484],[-58.401211,-34.599467],[-58.402011,-34.599369],[-58.402477,-34.59912]]}},{"type":"Feature","properties":{"nombre":"LAUTARO","tipo":"Ciclovías","barrio":"Flores"},"geometry":{"type":"LineString","coordinates":[[-58.456003,-34.630768],[-58.455488,-34.63185]]}},{"type":"Feature","properties":{"nombre":"MENDEZ DE ANDES","tipo":"Ciclovías","barrio":"Caballito"},"geometry":{"type":"LineString","coordinates":[[-58.451438,-34.616766],[-58.451671,-34.616841],[-58.452587,-34.617117]]}},{"type":"Feature","properties":{"nombre":"ROCA, CNEL. AV.","tipo":"Ciclovías","barrio":"Villa Riachuelo"},"geometry":{"type":"LineString","coordinates":[[-58.464531,-34.693163],[-58.465313,-34.693878]]}},{"type":"Feature","properties":{"nombre":"PATRON","tipo":"Ciclovías","barrio":"Liniers"},"geometry":{"type":"LineString","coordinates":[[-58.512958,-34.645854],[-58.513078,-34.645963],[-58.513533,-34.646369]]}},{"type":"Feature","properties":{"nombre":"ARTIGAS, JOSE GERVASIO, GRAL.","tipo":"Ciclovías","barrio":"Villa Gral. Mitre"},"geometry":{"type":"LineString","coordinates":[[-58.472253,-34.613824],[-58.473125,-34.612736]]}},{"type":"Feature","properties":{"nombre":"DON BOSCO","tipo":"Ciclovías","barrio":"Almagro"},"geometry":{"type":"LineString","coordinates":[[-58.423331,-34.613608],[-58.424793,-34.613843]]}},{"type":"Feature","properties":{"nombre":"MILLER","tipo":"Ciclovías","barrio":"Villa Urquiza"},"geometry":{"type":"LineString","coordinates":[[-58.484253,-34.567353],[-58.484382,-34.567208],[-58.484689,-34.566857]]}},{"type":"Feature","properties":{"nombre":"DEL LIBERTADOR AV.","tipo":"Ciclovías","barrio":"Nuñez"},"geometry":{"type":"LineString","coordinates":[[-58.459796,-34.54472],[-58.460623,-34.543952]]}},{"type":"Feature","properties":{"nombre":"SUPERI","tipo":"Ciclovías","barrio":"Saavedra"},"geometry":{"type":"LineString","coordinates":[[-58.483335,-34.547089],[-58.483629,-34.546698],[-58.483917,-34.54632]]}},{"type":"Feature","properties":{"nombre":"DOBLAS","tipo":"Ciclovías","barrio":"Parque Chacabuco"},"geometry":{"type":"LineString","coordinates":[[-58.427831,-34.634149],[-58.427531,-34.635317]]}},{"type":"Feature","properties":{"nombre":"ALSINA, ADOLFO","tipo":"Ciclovías mano única","barrio":"Monserrat"},"geometry":{"type":"LineString","coordinates":[[-58.381447,-34.610799],[-58.381865,-34.610831]]}},{"type":"Feature","properties":{"nombre":"NEWBERY, JORGE AV.","tipo":"Ciclovías","barrio":"Chacarita"},"geometry":{"type":"LineString","coordinates":[[-58.450214,-34.586953],[-58.450304,-34.587239],[-58.450527,-34.587936]]}},{"type":"Feature","properties":{"nombre":"IBERA","tipo":"Ciclovías","barrio":"Nuñez"},"geometry":{"type":"LineString","coordinates":[[-58.465617,-34.554099],[-58.466195,-34.554412],[-58.466384,-34.554519]]}},{"type":"Feature","properties":{"nombre":"CORRIENTES AV.","tipo":"Ciclovías mano única","barrio":"San Nicolas"},"geometry":{"type":"LineString","coordinates":[[-58.370268,-34.603006],[-58.370413,-34.603014]]}},{"type":"Feature","properties":{"nombre":"VEGA, NICETO, CNEL. AV.","tipo":"Ciclovías","barrio":"Palermo"},"geometry":{"type":"LineString","coordinates":[[-58.438327,-34.587426],[-58.438512,-34.587297]]}},{"type":"Feature","properties":{"nombre":"BALBASTRO","tipo":"Ciclovías","barrio":"Flores"},"geometry":{"type":"LineString","coordinates":[[-58.449462,-34.644139],[-58.449512,-34.644182]]}},{"type":"Feature","properties":{"nombre":"POLA","tipo":"Ciclovías","barrio":"Mataderos"},"geometry":{"type":"LineString","coordinates":[[-58.503333,-34.647612],[-58.502876,-34.647975]]}},{"type":"Feature","properties":{"nombre":"COMPLEJO CIUDAD UNIVERSITARIA (SIN NOMBRE OFICIAL)","tipo":"Ciclovías","barrio":"Belgrano"},"geometry":{"type":"LineString","coordinates":[[-58.443491,-34.542365],[-58.443881,-34.542157]]}},{"type":"Feature","properties":{"nombre":"TACUARI","tipo":"Ciclovías","barrio":"Monserrat"},"geometry":{"type":"LineString","coordinates":[[-58.379191,-34.608899],[-58.379169,-34.609365],[-58.379164,-34.609491]]}},{"type":"Feature","properties":{"nombre":"DEL LIBERTADOR AV.","tipo":"Ciclovías","barrio":"Palermo"},"geometry":{"type":"LineString","coordinates":[[-58.405569,-34.579776],[-58.405835,-34.579561]]}},{"type":"Feature","properties":{"nombre":"ECHEVERRIA","tipo":"Ciclovías","barrio":"Belgrano"},"geometry":{"type":"LineString","coordinates":[[-58.452151,-34.560781],[-58.453041,-34.561309]]}},{"type":"Feature","properties":{"nombre":"CHACO","tipo":"Ciclovías","barrio":"Caballito"},"geometry":{"type":"LineString","coordinates":[[-58.429578,-34.617233],[-58.43021,-34.617271]]}},{"type":"Feature","properties":{"nombre":"SASTRE, MARCOS","tipo":"Ciclovías","barrio":"Monte Castro"},"geometry":{"type":"LineString","coordinates":[[-58.513213,-34.618722],[-58.513332,-34.618822],[-58.513816,-34.619222],[-58.513939,-34.619325]]}},{"type":"Feature","properties":{"nombre":"COMPLEJO PARQUE DE LOS NIÑOS (SIN NOMBRE OFICIAL)","tipo":"Ciclovías","barrio":"Nuñez"},"geometry":{"type":"LineString","coordinates":[[-58.463435,-34.534249],[-58.463302,-34.534221],[-58.463133,-34.534226],[-58.462966,-34.53425],[-58.462547,-34.534331],[-58.462097,-34.534484],[-58.46193,-34.534574],[-58.461747,-34.534612]]}},{"type":"Feature","properties":{"nombre":"DEL LIBERTADOR AV.","tipo":"Ciclovías","barrio":"Palermo"},"geometry":{"type":"LineString","coordinates":[[-58.406917,-34.578682],[-58.407039,-34.578583],[-58.407687,-34.578252],[-58.40791,-34.578153]]}},{"type":"Feature","properties":{"nombre":"GODOY CRUZ","tipo":"Ciclovías","barrio":"Palermo"},"geometry":{"type":"LineString","coordinates":[[-58.431163,-34.585399],[-58.43064,-34.584804]]}},{"type":"Feature","properties":{"nombre":"DEAN FUNES","tipo":"Ciclovías","barrio":"Parque Patricios"},"geometry":{"type":"LineString","coordinates":[[-58.404775,-34.631644],[-58.404569,-34.633026],[-58.404542,-34.633162]]}},{"type":"Feature","properties":{"nombre":"GARCIA DEL RIO","tipo":"Ciclovías","barrio":"Saavedra"},"geometry":{"type":"LineString","coordinates":[[-58.477042,-34.55025],[-58.4771,-34.5503],[-58.477143,-34.550371],[-58.477207,-34.550523],[-58.477306,-34.550717],[-58.477448,-34.550934],[-58.47758,-34.55107],[-58.477665,-34.551145]]}},{"type":"Feature","properties":{"nombre":"CORRIENTES AV.","tipo":"Ciclovías mano única","barrio":"Almagro"},"geometry":{"type":"LineString","coordinates":[[-58.428573,-34.602419],[-58.430173,-34.602256]]}},{"type":"Feature","properties":{"nombre":"MACHU PICCHU","tipo":"Ciclovías","barrio":"Retiro"},"geometry":{"type":"LineString","coordinates":[[-58.37704,-34.585657],[-58.377056,-34.585486],[-58.377068,-34.585349],[-58.377052,-34.585245],[-58.377006,-34.585176]]}},{"type":"Feature","properties":{"nombre":"CONSTITUCION","tipo":"Ciclovías","barrio":"Constitucion"},"geometry":{"type":"LineString","coordinates":[[-58.388392,-34.624938],[-58.388667,-34.624963],[-58.389656,-34.625065]]}},{"type":"Feature","properties":{"nombre":"TRES ARROYOS","tipo":"Ciclovías","barrio":"Caballito"},"geometry":{"type":"LineString","coordinates":[[-58.455443,-34.606479],[-58.456515,-34.606975],[-58.456641,-34.607035]]}},{"type":"Feature","properties":{"nombre":"AZOPARDO","tipo":"Ciclovías","barrio":"San Telmo"},"geometry":{"type":"LineString","coordinates":[[-58.367161,-34.619308],[-58.367027,-34.620485]]}},{"type":"Feature","properties":{"nombre":"AMENABAR","tipo":"Ciclovías","barrio":"Nuñez"},"geometry":{"type":"LineString","coordinates":[[-58.467226,-34.553892],[-58.468123,-34.552718]]}},{"type":"Feature","properties":{"nombre":"GARCIA, JUAN AGUSTIN","tipo":"Ciclovías","barrio":"Villa Santa Rita"},"geometry":{"type":"LineString","coordinates":[[-58.482977,-34.610805],[-58.483228,-34.610937]]}},{"type":"Feature","properties":{"nombre":"LA PAMPA","tipo":"Ciclovías","barrio":"Villa Urquiza"},"geometry":{"type":"LineString","coordinates":[[-58.474851,-34.576768],[-58.475007,-34.576857],[-58.475594,-34.57719]]}},{"type":"Feature","properties":{"nombre":"CORRIENTES AV.","tipo":"Ciclovías mano única","barrio":"Almagro"},"geometry":{"type":"LineString","coordinates":[[-58.413186,-34.604137],[-58.413348,-34.604143],[-58.414359,-34.604044],[-58.414516,-34.604015]]}},{"type":"Feature","properties":{"nombre":"FOREST AV.","tipo":"Ciclovías mano única","barrio":"Chacarita"},"geometry":{"type":"LineString","coordinates":[[-58.450768,-34.588691],[-58.452207,-34.587117]]}},{"type":"Feature","properties":{"nombre":"FOREST AV.","tipo":"Ciclovías mano única","barrio":"Chacarita"},"geometry":{"type":"LineString","coordinates":[[-58.458903,-34.579746],[-58.460226,-34.578295]]}},{"type":"Feature","properties":{"nombre":"CALVO, CARLOS","tipo":"Ciclovías","barrio":"San Cristobal"},"geometry":{"type":"LineString","coordinates":[[-58.393168,-34.620461],[-58.394499,-34.620545]]}},{"type":"Feature","properties":{"nombre":"ACUÑA DE FIGUEROA, FRANCISCO","tipo":"Ciclovías","barrio":"Almagro"},"geometry":{"type":"LineString","coordinates":[[-58.421865,-34.598209],[-58.421832,-34.597994],[-58.42178,-34.597734]]}},{"type":"Feature","properties":{"nombre":"ROCA, CNEL. AV.","tipo":"Ciclovías","barrio":"Villa Soldati"},"geometry":{"type":"LineString","coordinates":[[-58.44078,-34.666965],[-58.441437,-34.667579],[-58.442046,-34.668136],[-58.442332,-34.668442]]}},{"type":"Feature","properties":{"nombre":"MONTEVIDEO","tipo":"Ciclovías","barrio":"San Nicolas"},"geometry":{"type":"LineString","coordinates":[[-58.389311,-34.606629],[-58.389342,-34.605563],[-58.389342,-34.605448]]}},{"type":"Feature","properties":{"nombre":"DEL LIBERTADOR AV.","tipo":"Ciclovías","barrio":"Retiro"},"geometry":{"type":"LineString","coordinates":[[-58.377859,-34.591078],[-58.378753,-34.590492],[-58.379397,-34.590103]]}},{"type":"Feature","properties":{"nombre":"PERON, JUAN DOMINGO, TTE. GENERAL","tipo":"Ciclovías","barrio":"Almagro"},"geometry":{"type":"LineString","coordinates":[[-58.414746,-34.607144],[-58.416103,-34.606979],[-58.41629,-34.606963]]}},{"type":"Feature","properties":{"nombre":"DEL LIBERTADOR AV.","tipo":"Ciclovías","barrio":"Belgrano"},"geometry":{"type":"LineString","coordinates":[[-58.448517,-34.555724],[-58.449299,-34.554816]]}},{"type":"Feature","properties":{"nombre":"IRALA","tipo":"Ciclovías","barrio":"La Boca"},"geometry":{"type":"LineString","coordinates":[[-58.367514,-34.633363],[-58.367224,-34.634277]]}},{"type":"Feature","properties":{"nombre":"GRIVEO","tipo":"Ciclovías","barrio":"Villa Pueyrredon"},"geometry":{"type":"LineString","coordinates":[[-58.501486,-34.58316],[-58.50262,-34.583863]]}},{"type":"Feature","properties":{"nombre":"TUCUMAN","tipo":"Ciclovías","barrio":"Balvanera"},"geometry":{"type":"LineString","coordinates":[[-58.403592,-34.601957],[-58.404805,-34.601839]]}},{"type":"Feature","properties":{"nombre":"BARROS PAZOS, JOSE","tipo":"Ciclovías mano única","barrio":"Villa Riachuelo"},"geometry":{"type":"LineString","coordinates":[[-58.476914,-34.685111],[-58.477555,-34.685688],[-58.477675,-34.685797]]}},{"type":"Feature","properties":{"nombre":"CASARES AV.","tipo":"Ciclovías","barrio":"Palermo"},"geometry":{"type":"LineString","coordinates":[[-58.408546,-34.575578],[-58.408452,-34.575499],[-58.408327,-34.57537],[-58.408218,-34.575254]]}},{"type":"Feature","properties":{"nombre":"CHIVILCOY AV.","tipo":"Ciclovías mano única","barrio":"Villa Devoto"},"geometry":{"type":"LineString","coordinates":[[-58.511015,-34.600799],[-58.511524,-34.600241],[-58.511578,-34.600172],[-58.511608,-34.600095]]}},{"type":"Feature","properties":{"nombre":"DOBLAS","tipo":"Ciclovías","barrio":"Caballito"},"geometry":{"type":"LineString","coordinates":[[-58.430258,-34.624686],[-58.430085,-34.625433]]}},{"type":"Feature","properties":{"nombre":"NUEVA YORK","tipo":"Ciclovías","barrio":"Agronomia"},"geometry":{"type":"LineString","coordinates":[[-58.495282,-34.59001],[-58.496419,-34.590714]]}},{"type":"Feature","properties":{"nombre":"CUCHA CUCHA","tipo":"Ciclovías","barrio":"Paternal"},"geometry":{"type":"LineString","coordinates":[[-58.465051,-34.600196],[-58.465173,-34.60017],[-58.466387,-34.599911]]}},{"type":"Feature","properties":{"nombre":"ESTADO PLURINACIONAL DE BOLIVIA","tipo":"Ciclovías","barrio":"Villa Pueyrredon"},"geometry":{"type":"LineString","coordinates":[[-58.494794,-34.588594],[-58.49544,-34.587879]]}},{"type":"Feature","properties":{"nombre":"USPALLATA","tipo":"Ciclovías","barrio":"Parque Patricios"},"geometry":{"type":"LineString","coordinates":[[-58.403566,-34.639283],[-58.405148,-34.63963]]}},{"type":"Feature","properties":{"nombre":"HUMAHUACA","tipo":"Ciclovías","barrio":"Balvanera"},"geometry":{"type":"LineString","coordinates":[[-58.411587,-34.603478],[-58.412836,-34.603266],[-58.412975,-34.603234]]}},{"type":"Feature","properties":{"nombre":"HERRERA","tipo":"Ciclovías","barrio":"Barracas"},"geometry":{"type":"LineString","coordinates":[[-58.377093,-34.640351],[-58.377045,-34.640603],[-58.376847,-34.641354]]}},{"type":"Feature","properties":{"nombre":"ROCA, JULIO A., PRESIDENTE DIAGONAL SUR AV.","tipo":"Ciclovías mano única","barrio":"Monserrat"},"geometry":{"type":"LineString","coordinates":[[-58.374854,-34.610247],[-58.374937,-34.61029],[-58.374968,-34.610355]]}},{"type":"Feature","properties":{"nombre":"PERETTE, CARLOS H.","tipo":"Ciclovías","barrio":"Retiro"},"geometry":{"type":"LineString","coordinates":[[-58.379032,-34.582041],[-58.379307,-34.581896]]}},{"type":"Feature","properties":{"nombre":"SUPERI","tipo":"Ciclovías","barrio":"Saavedra"},"geometry":{"type":"LineString","coordinates":[[-58.479255,-34.552473],[-58.47959,-34.552033]]}},{"type":"Feature","properties":{"nombre":"CABOTO","tipo":"Ciclovías","barrio":"La Boca"},"geometry":{"type":"LineString","coordinates":[[-58.362145,-34.626658],[-58.361604,-34.627017],[-58.361422,-34.627137]]}},{"type":"Feature","properties":{"nombre":"ECHEVERRIA","tipo":"Ciclovías","barrio":"Belgrano"},"geometry":{"type":"LineString","coordinates":[[-58.462551,-34.566918],[-58.463176,-34.567288],[-58.463588,-34.567532]]}},{"type":"Feature","properties":{"nombre":"ROCA, CNEL. AV.","tipo":"Ciclovías","barrio":"Villa Soldati"},"geometry":{"type":"LineString","coordinates":[[-58.44958,-34.679391],[-58.449605,-34.679433],[-58.449998,-34.680043]]}},{"type":"Feature","properties":{"nombre":"PEDRAZA, MANUELA","tipo":"Ciclovías","barrio":"Villa Urquiza"},"geometry":{"type":"LineString","coordinates":[[-58.488139,-34.563102],[-58.489091,-34.563557]]}},{"type":"Feature","properties":{"nombre":"USPALLATA","tipo":"Ciclovías","barrio":"Parque Patricios"},"geometry":{"type":"LineString","coordinates":[[-58.399667,-34.638486],[-58.399828,-34.638516],[-58.401569,-34.638868]]}},{"type":"Feature","properties":{"nombre":"GARCIA, JUAN AGUSTIN","tipo":"Ciclovías","barrio":"Villa Gral. Mitre"},"geometry":{"type":"LineString","coordinates":[[-58.477128,-34.607717],[-58.478283,-34.60833],[-58.478429,-34.608407]]}},{"type":"Feature","properties":{"nombre":"QUILMES","tipo":"Ciclovías","barrio":"Nueva Pompeya"},"geometry":{"type":"LineString","coordinates":[[-58.417384,-34.645276],[-58.417403,-34.646335]]}},{"type":"Feature","properties":{"nombre":"TRONADOR","tipo":"Ciclovías","barrio":"Coghlan"},"geometry":{"type":"LineString","coordinates":[[-58.481046,-34.560406],[-58.481452,-34.559832]]}},{"type":"Feature","properties":{"nombre":"PADILLA","tipo":"Ciclovías","barrio":"Villa Crespo"},"geometry":{"type":"LineString","coordinates":[[-58.439409,-34.603482],[-58.439775,-34.603004]]}},{"type":"Feature","properties":{"nombre":"LOYOLA","tipo":"Ciclovías","barrio":"Villa Crespo"},"geometry":{"type":"LineString","coordinates":[[-58.437043,-34.594331],[-58.437812,-34.593511]]}},{"type":"Feature","properties":{"nombre":"PEPIRI","tipo":"Ciclovías","barrio":"Nueva Pompeya"},"geometry":{"type":"LineString","coordinates":[[-58.407408,-34.651707],[-58.407304,-34.652005]]}},{"type":"Feature","properties":{"nombre":"BALBASTRO","tipo":"Ciclovías","barrio":"Flores"},"geometry":{"type":"LineString","coordinates":[[-58.447152,-34.642126],[-58.447298,-34.642258],[-58.448055,-34.642933]]}},{"type":"Feature","properties":{"nombre":"IBERA","tipo":"Ciclovías","barrio":"Coghlan"},"geometry":{"type":"LineString","coordinates":[[-58.47179,-34.557524],[-58.471911,-34.55759]]}},{"type":"Feature","properties":{"nombre":"OLAZABAL","tipo":"Ciclovías","barrio":"Belgrano"},"geometry":{"type":"LineString","coordinates":[[-58.452802,-34.556893],[-58.453079,-34.557055]]}},{"type":"Feature","properties":{"nombre":"MANSILLA, LUCIO NORBERTO, GENERAL","tipo":"Ciclovías","barrio":"Recoleta"},"geometry":{"type":"LineString","coordinates":[[-58.409058,-34.594486],[-58.410333,-34.593929]]}},{"type":"Feature","properties":{"nombre":"CORRIENTES AV.","tipo":"Ciclovías mano única","barrio":"Villa Crespo"},"geometry":{"type":"LineString","coordinates":[[-58.438766,-34.599874],[-58.438947,-34.599734],[-58.439765,-34.598974]]}},{"type":"Feature","properties":{"nombre":"CERETTI","tipo":"Ciclovías","barrio":"Villa Urquiza"},"geometry":{"type":"LineString","coordinates":[[-58.491663,-34.579847],[-58.492335,-34.579059]]}},{"type":"Feature","properties":{"nombre":"YRURTIA, ROGELIO","tipo":"Ciclovías","barrio":"Saavedra"},"geometry":{"type":"LineString","coordinates":[[-58.502402,-34.563301],[-58.502382,-34.56342],[-58.502375,-34.563486],[-58.502375,-34.563547],[-58.502379,-34.563595],[-58.502393,-34.563666],[-58.502415,-34.563733],[-58.502443,-34.563789]]}},{"type":"Feature","properties":{"nombre":"CERETTI","tipo":"Ciclovías","barrio":"Villa Urquiza"},"geometry":{"type":"LineString","coordinates":[[-58.497735,-34.572378],[-58.498621,-34.571282]]}},{"type":"Feature","properties":{"nombre":"AMENABAR","tipo":"Ciclovías","barrio":"Belgrano"},"geometry":{"type":"LineString","coordinates":[[-58.460975,-34.560338],[-58.461061,-34.560238],[-58.461779,-34.559394]]}},{"type":"Feature","properties":{"nombre":"SASTRE, MARCOS","tipo":"Ciclovías","barrio":"Monte Castro"},"geometry":{"type":"LineString","coordinates":[[-58.514642,-34.619909],[-58.514783,-34.620026],[-58.515389,-34.620527]]}},{"type":"Feature","properties":{"nombre":"NUEVA YORK","tipo":"Ciclovías","barrio":"Agronomia"},"geometry":{"type":"LineString","coordinates":[[-58.494714,-34.589658],[-58.495282,-34.59001]]}},{"type":"Feature","properties":{"nombre":"11 DE SEPTIEMBRE DE 1888","tipo":"Ciclovías","barrio":"Belgrano"},"geometry":{"type":"LineString","coordinates":[[-58.449534,-34.560657],[-58.450349,-34.559711]]}},{"type":"Feature","properties":{"nombre":"CONGRESO","tipo":"Ciclovías","barrio":"Nuñez"},"geometry":{"type":"LineString","coordinates":[[-58.46041,-34.554368],[-58.461355,-34.554863]]}},{"type":"Feature","properties":{"nombre":"LA RABIDA (N) AV.","tipo":"Ciclovías","barrio":"San Nicolas"},"geometry":{"type":"LineString","coordinates":[[-58.36859,-34.606823],[-58.368684,-34.60672],[-58.368793,-34.606598],[-58.368904,-34.606511],[-58.369029,-34.60643]]}},{"type":"Feature","properties":{"nombre":"VERTIZ VIRREY AV.","tipo":"Ciclovías","barrio":"Belgrano"},"geometry":{"type":"LineString","coordinates":[[-58.444154,-34.561492],[-58.444321,-34.561445],[-58.444734,-34.561268]]}},{"type":"Feature","properties":{"nombre":"COMPLEJO PARQUE DE LOS NIÑOS (SIN NOMBRE OFICIAL)","tipo":"Ciclovías","barrio":"Nuñez"},"geometry":{"type":"LineString","coordinates":[[-58.463901,-34.534016],[-58.463793,-34.534048],[-58.463719,-34.534079],[-58.463654,-34.534119],[-58.463585,-34.534163],[-58.463435,-34.534249]]}},{"type":"Feature","properties":{"nombre":"SUPERI","tipo":"Ciclovías","barrio":"Belgrano"},"geometry":{"type":"LineString","coordinates":[[-58.464155,-34.570635],[-58.464919,-34.569752]]}},{"type":"Feature","properties":{"nombre":"CERETTI","tipo":"Ciclovías","barrio":"Villa Urquiza"},"geometry":{"type":"LineString","coordinates":[[-58.491067,-34.580611],[-58.491663,-34.579847]]}},{"type":"Feature","properties":{"nombre":"FRAY CAYETANO RODRIGUEZ","tipo":"Ciclovías","barrio":"Flores"},"geometry":{"type":"LineString","coordinates":[[-58.466632,-34.621193],[-58.46716,-34.620357],[-58.467236,-34.620232]]}},{"type":"Feature","properties":{"nombre":"QUITO","tipo":"Ciclovías","barrio":"Almagro"},"geometry":{"type":"LineString","coordinates":[[-58.425868,-34.617014],[-58.427144,-34.61709],[-58.427357,-34.617103]]}},{"type":"Feature","properties":{"nombre":"CORRIENTES AV.","tipo":"Ciclovías mano única","barrio":"San Nicolas"},"geometry":{"type":"LineString","coordinates":[[-58.379475,-34.603576],[-58.380979,-34.603669]]}},{"type":"Feature","properties":{"nombre":"LA PAMPA","tipo":"Ciclovías","barrio":"Villa Urquiza"},"geometry":{"type":"LineString","coordinates":[[-58.484746,-34.582472],[-58.485095,-34.582675]]}},{"type":"Feature","properties":{"nombre":"AZCUENAGA","tipo":"Ciclovías","barrio":"Recoleta"},"geometry":{"type":"LineString","coordinates":[[-58.395288,-34.587854],[-58.395189,-34.587734]]}},{"type":"Feature","properties":{"nombre":"NEWBERY, JORGE","tipo":"Ciclovías","barrio":"Colegiales"},"geometry":{"type":"LineString","coordinates":[[-58.448101,-34.581051],[-58.4483,-34.581355],[-58.448436,-34.581467]]}},{"type":"Feature","properties":{"nombre":"FRENCH","tipo":"Ciclovías","barrio":"Recoleta"},"geometry":{"type":"LineString","coordinates":[[-58.404057,-34.588033],[-58.40456,-34.58774]]}},{"type":"Feature","properties":{"nombre":"USPALLATA","tipo":"Ciclovías","barrio":"Parque Patricios"},"geometry":{"type":"LineString","coordinates":[[-58.401569,-34.638868],[-58.402913,-34.63914],[-58.403251,-34.639214]]}},{"type":"Feature","properties":{"nombre":"TREINTA Y TRES ORIENTALES","tipo":"Ciclovías","barrio":"Boedo"},"geometry":{"type":"LineString","coordinates":[[-58.423478,-34.623146],[-58.423222,-34.62487]]}},{"type":"Feature","properties":{"nombre":"LINIERS VIRREY","tipo":"Ciclovías","barrio":"Almagro"},"geometry":{"type":"LineString","coordinates":[[-58.414532,-34.614288],[-58.414372,-34.615536]]}},{"type":"Feature","properties":{"nombre":"POLA","tipo":"Ciclovías","barrio":"Mataderos"},"geometry":{"type":"LineString","coordinates":[[-58.498201,-34.651599],[-58.498037,-34.651724],[-58.496935,-34.652576]]}},{"type":"Feature","properties":{"nombre":"SAN MARTIN","tipo":"Ciclovías","barrio":"Retiro"},"geometry":{"type":"LineString","coordinates":[[-58.372676,-34.592133],[-58.372477,-34.591688]]}},{"type":"Feature","properties":{"nombre":"POLA","tipo":"Ciclovías","barrio":"Mataderos"},"geometry":{"type":"LineString","coordinates":[[-58.491867,-34.65655],[-58.491761,-34.656632]]}},{"type":"Feature","properties":{"nombre":"DIAZ, CNEL. AV.","tipo":"Ciclovías","barrio":"Palermo"},"geometry":{"type":"LineString","coordinates":[[-58.408041,-34.586149],[-58.407629,-34.58556]]}},{"type":"Feature","properties":{"nombre":"BONIFACIO, JOSE","tipo":"Ciclovías","barrio":"Flores"},"geometry":{"type":"LineString","coordinates":[[-58.456003,-34.630768],[-58.456092,-34.630797],[-58.457067,-34.631107]]}},{"type":"Feature","properties":{"nombre":"DEL LIBERTADOR AV.","tipo":"Ciclovías","barrio":"Recoleta"},"geometry":{"type":"LineString","coordinates":[[-58.395998,-34.583386],[-58.396513,-34.583221],[-58.397223,-34.583095]]}},{"type":"Feature","properties":{"nombre":"IBERA","tipo":"Ciclovías","barrio":"Coghlan"},"geometry":{"type":"LineString","coordinates":[[-58.477142,-34.560438],[-58.478078,-34.560944]]}},{"type":"Feature","properties":{"nombre":"ECHEVERRIA","tipo":"Ciclovías","barrio":"Belgrano"},"geometry":{"type":"LineString","coordinates":[[-58.461516,-34.566305],[-58.461698,-34.566411],[-58.462551,-34.566918]]}},{"type":"Feature","properties":{"nombre":"CULPINA","tipo":"Ciclovías","barrio":"Flores"},"geometry":{"type":"LineString","coordinates":[[-58.465289,-34.63363],[-58.464885,-34.634543],[-58.464805,-34.634724]]}},{"type":"Feature","properties":{"nombre":"BORGES, JORGE LUIS","tipo":"Ciclovías","barrio":"Palermo"},"geometry":{"type":"LineString","coordinates":[[-58.424234,-34.58467],[-58.423068,-34.583729]]}},{"type":"Feature","properties":{"nombre":"FIGUEROA ALCORTA, PRES. AV.","tipo":"Ciclovías","barrio":"Belgrano"},"geometry":{"type":"LineString","coordinates":[[-58.442194,-34.547775],[-58.442554,-34.547726],[-58.443831,-34.547534]]}},{"type":"Feature","properties":{"nombre":"VALLE","tipo":"Ciclovías","barrio":"Caballito"},"geometry":{"type":"LineString","coordinates":[[-58.439263,-34.624858],[-58.439545,-34.624886],[-58.440622,-34.624991]]}},{"type":"Feature","properties":{"nombre":"NUEVA YORK","tipo":"Ciclovías","barrio":"Agronomia"},"geometry":{"type":"LineString","coordinates":[[-58.494148,-34.589308],[-58.494714,-34.589658]]}},{"type":"Feature","properties":{"nombre":"VALLE","tipo":"Ciclovías","barrio":"Caballito"},"geometry":{"type":"LineString","coordinates":[[-58.446048,-34.625876],[-58.446285,-34.625969],[-58.447483,-34.626377]]}},{"type":"Feature","properties":{"nombre":"AZOPARDO","tipo":"Ciclovías","barrio":"Monserrat"},"geometry":{"type":"LineString","coordinates":[[-58.368202,-34.6111],[-58.368023,-34.611746]]}},{"type":"Feature","properties":{"nombre":"ESTADO DE ISRAEL AV.","tipo":"Ciclovías mano única","barrio":"Villa Crespo"},"geometry":{"type":"LineString","coordinates":[[-58.426441,-34.597899],[-58.426567,-34.597915]]}},{"type":"Feature","properties":{"nombre":"DEL LIBERTADOR AV.","tipo":"Ciclovías","barrio":"Palermo"},"geometry":{"type":"LineString","coordinates":[[-58.406327,-34.579161],[-58.406917,-34.578682]]}},{"type":"Feature","properties":{"nombre":"ALVEAR, MARCELO T. DE","tipo":"Ciclovías","barrio":"Recoleta"},"geometry":{"type":"LineString","coordinates":[[-58.398872,-34.597048],[-58.399004,-34.597031],[-58.400161,-34.596775],[-58.400288,-34.596743]]}},{"type":"Feature","properties":{"nombre":"RODO, JOSE E.","tipo":"Ciclovías","barrio":"Mataderos"},"geometry":{"type":"LineString","coordinates":[[-58.493776,-34.649932],[-58.494064,-34.650177],[-58.494566,-34.650598]]}},{"type":"Feature","properties":{"nombre":"11 DE SEPTIEMBRE DE 1888","tipo":"Ciclovías","barrio":"Belgrano"},"geometry":{"type":"LineString","coordinates":[[-58.452002,-34.557813],[-58.452802,-34.556893]]}},{"type":"Feature","properties":{"nombre":"BOUCHARD","tipo":"Ciclovías","barrio":"San Nicolas"},"geometry":{"type":"LineString","coordinates":[[-58.369015,-34.602908],[-58.369039,-34.602765],[-58.369141,-34.601956],[-58.369159,-34.601806]]}},{"type":"Feature","properties":{"nombre":"FRENCH","tipo":"Ciclovías","barrio":"Recoleta"},"geometry":{"type":"LineString","coordinates":[[-58.40456,-34.58774],[-58.405379,-34.587261],[-58.405501,-34.587178]]}},{"type":"Feature","properties":{"nombre":"ROCA, CNEL. AV.","tipo":"Ciclovías","barrio":"Villa Riachuelo"},"geometry":{"type":"LineString","coordinates":[[-58.463208,-34.691945],[-58.463806,-34.692496]]}},{"type":"Feature","properties":{"nombre":"ROCA, CNEL. AV.","tipo":"Ciclovías","barrio":"Villa Soldati"},"geometry":{"type":"LineString","coordinates":[[-58.448055,-34.676441],[-58.448093,-34.676503],[-58.44872,-34.677515],[-58.449031,-34.678131],[-58.449167,-34.678623],[-58.449488,-34.679233],[-58.44958,-34.679391]]}},{"type":"Feature","properties":{"nombre":"FRAGATA PRES. SARMIENTO","tipo":"Ciclovías","barrio":"Caballito"},"geometry":{"type":"LineString","coordinates":[[-58.452709,-34.614788],[-58.453429,-34.613794]]}},{"type":"Feature","properties":{"nombre":"ROCA, CNEL. AV.","tipo":"Ciclovías","barrio":"Villa Riachuelo"},"geometry":{"type":"LineString","coordinates":[[-58.463806,-34.692496],[-58.464531,-34.693163]]}},{"type":"Feature","properties":{"nombre":"SUPERI","tipo":"Ciclovías","barrio":"Belgrano"},"geometry":{"type":"LineString","coordinates":[[-58.463156,-34.571788],[-58.464155,-34.570635]]}},{"type":"Feature","properties":{"nombre":"DIAZ, CNEL. AV.","tipo":"Ciclovías","barrio":"Palermo"},"geometry":{"type":"LineString","coordinates":[[-58.406401,-34.583808],[-58.406175,-34.583459]]}},{"type":"Feature","properties":{"nombre":"TREINTA Y TRES ORIENTALES","tipo":"Ciclovías","barrio":"Boedo"},"geometry":{"type":"LineString","coordinates":[[-58.422529,-34.627742],[-58.422301,-34.628711],[-58.422271,-34.628847]]}},{"type":"Feature","properties":{"nombre":"NUEVA YORK","tipo":"Ciclovías","barrio":"Agronomia"},"geometry":{"type":"LineString","coordinates":[[-58.489616,-34.5865],[-58.489751,-34.586584],[-58.490185,-34.586853]]}},{"type":"Feature","properties":{"nombre":"MILLER","tipo":"Ciclovías","barrio":"Villa Urquiza"},"geometry":{"type":"LineString","coordinates":[[-58.483414,-34.568297],[-58.483524,-34.568173],[-58.484253,-34.567353]]}},{"type":"Feature","properties":{"nombre":"CERETTI","tipo":"Ciclovías","barrio":"Parque Chas"},"geometry":{"type":"LineString","coordinates":[[-58.487502,-34.585188],[-58.488103,-34.584419]]}},{"type":"Feature","properties":{"nombre":"MANSILLA, LUCIO NORBERTO, GENERAL","tipo":"Ciclovías","barrio":"Palermo"},"geometry":{"type":"LineString","coordinates":[[-58.417028,-34.589343],[-58.41706,-34.589303],[-58.417916,-34.588686]]}},{"type":"Feature","properties":{"nombre":"CORRIENTES AV.","tipo":"Ciclovías mano única","barrio":"San Nicolas"},"geometry":{"type":"LineString","coordinates":[[-58.389395,-34.604218],[-58.390823,-34.604333]]}},{"type":"Feature","properties":{"nombre":"GRIVEO","tipo":"Ciclovías","barrio":"Villa Devoto"},"geometry":{"type":"LineString","coordinates":[[-58.513489,-34.590586],[-58.513878,-34.590828]]}},{"type":"Feature","properties":{"nombre":"CORDOBA AV.","tipo":"Ciclovías mano única","barrio":"Recoleta"},"geometry":{"type":"LineString","coordinates":[[-58.386867,-34.599292],[-58.387955,-34.599343],[-58.388151,-34.599354]]}},{"type":"Feature","properties":{"nombre":"USPALLATA","tipo":"Ciclovías","barrio":"Parque Patricios"},"geometry":{"type":"LineString","coordinates":[[-58.403251,-34.639214],[-58.403566,-34.639283]]}},{"type":"Feature","properties":{"nombre":"CORRIENTES AV.","tipo":"Ciclovías mano única","barrio":"Balvanera"},"geometry":{"type":"LineString","coordinates":[[-58.400839,-34.604675],[-58.401202,-34.604683],[-58.40214,-34.604713]]}},{"type":"Feature","properties":{"nombre":"FRAY CAYETANO RODRIGUEZ","tipo":"Ciclovías","barrio":"Flores"},"geometry":{"type":"LineString","coordinates":[[-58.468426,-34.618258],[-58.468797,-34.617644]]}},{"type":"Feature","properties":{"nombre":"SASTRE, MARCOS","tipo":"Ciclovías","barrio":"Monte Castro"},"geometry":{"type":"LineString","coordinates":[[-58.511894,-34.617625],[-58.512354,-34.618006],[-58.512527,-34.618151]]}},{"type":"Feature","properties":{"nombre":"GODOY CRUZ","tipo":"Ciclovías","barrio":"Palermo"},"geometry":{"type":"LineString","coordinates":[[-58.427074,-34.580732],[-58.426196,-34.579729]]}},{"type":"Feature","properties":{"nombre":"DEAN FUNES","tipo":"Ciclovías","barrio":"San Cristobal"},"geometry":{"type":"LineString","coordinates":[[-58.405436,-34.626995],[-58.405304,-34.627953]]}},{"type":"Feature","properties":{"nombre":"SASTRE, MARCOS","tipo":"Ciclovías","barrio":"Monte Castro"},"geometry":{"type":"LineString","coordinates":[[-58.515936,-34.620987],[-58.516066,-34.621101],[-58.516668,-34.621633],[-58.516906,-34.621844]]}},{"type":"Feature","properties":{"nombre":"GORRITI","tipo":"Ciclovías","barrio":"Palermo"},"geometry":{"type":"LineString","coordinates":[[-58.432187,-34.588761],[-58.433131,-34.588155]]}},{"type":"Feature","properties":{"nombre":"IBERA","tipo":"Ciclovías","barrio":"Nuñez"},"geometry":{"type":"LineString","coordinates":[[-58.46452,-34.553513],[-58.465255,-34.553902],[-58.465617,-34.554099]]}},{"type":"Feature","properties":{"nombre":"PALPA","tipo":"Ciclovías mano única","barrio":"Chacarita"},"geometry":{"type":"LineString","coordinates":[[-58.45577,-34.583194],[-58.456209,-34.583883]]}},{"type":"Feature","properties":{"nombre":"GARAY, JUAN DE AV.","tipo":"Ciclovías","barrio":"Constitucion"},"geometry":{"type":"LineString","coordinates":[[-58.380185,-34.62637],[-58.382234,-34.626939]]}},{"type":"Feature","properties":{"nombre":"11 DE SEPTIEMBRE DE 1888","tipo":"Ciclovías","barrio":"Belgrano"},"geometry":{"type":"LineString","coordinates":[[-58.454302,-34.554951],[-58.454374,-34.554868],[-58.455042,-34.554088]]}},{"type":"Feature","properties":{"nombre":"DE LOS OMBUES AV.","tipo":"Ciclovías","barrio":"Palermo"},"geometry":{"type":"LineString","coordinates":[[-58.427357,-34.559284],[-58.42775,-34.559723],[-58.427916,-34.559895],[-58.428006,-34.559981]]}},{"type":"Feature","properties":{"nombre":"DIAZ, CESAR, GRAL.","tipo":"Ciclovías","barrio":"Villa Santa Rita"},"geometry":{"type":"LineString","coordinates":[[-58.485071,-34.617602],[-58.48586,-34.618015]]}},{"type":"Feature","properties":{"nombre":"HORNOS, GRAL.","tipo":"Ciclovías","barrio":"Barracas"},"geometry":{"type":"LineString","coordinates":[[-58.375845,-34.639532],[-58.375799,-34.639714],[-58.3757,-34.640619]]}},{"type":"Feature","properties":{"nombre":"POTOSI","tipo":"Ciclovías","barrio":"Almagro"},"geometry":{"type":"LineString","coordinates":[[-58.421415,-34.607267],[-58.421608,-34.607266],[-58.422916,-34.607268]]}},{"type":"Feature","properties":{"nombre":"HUMBOLDT","tipo":"Ciclovías","barrio":"Chacarita"},"geometry":{"type":"LineString","coordinates":[[-58.440385,-34.588905],[-58.440046,-34.588627],[-58.439391,-34.588108]]}},{"type":"Feature","properties":{"nombre":"LINIERS VIRREY","tipo":"Ciclovías","barrio":"Almagro"},"geometry":{"type":"LineString","coordinates":[[-58.414205,-34.617149],[-58.414094,-34.618237]]}},{"type":"Feature","properties":{"nombre":"CABOTO","tipo":"Ciclovías","barrio":"La Boca"},"geometry":{"type":"LineString","coordinates":[[-58.356406,-34.631223],[-58.356002,-34.631891],[-58.355894,-34.632071]]}},{"type":"Feature","properties":{"nombre":"SERRANO","tipo":"Ciclovías","barrio":"Palermo"},"geometry":{"type":"LineString","coordinates":[[-58.43054,-34.588952],[-58.429956,-34.588872]]}},{"type":"Feature","properties":{"nombre":"CERETTI","tipo":"Ciclovías","barrio":"Villa Urquiza"},"geometry":{"type":"LineString","coordinates":[[-58.496961,-34.573336],[-58.497079,-34.57319],[-58.497735,-34.572378]]}},{"type":"Feature","properties":{"nombre":"YRURTIA, ROGELIO","tipo":"Ciclovías","barrio":"Saavedra"},"geometry":{"type":"LineString","coordinates":[[-58.502443,-34.563789],[-58.502479,-34.563851],[-58.50253,-34.563916],[-58.502585,-34.563977],[-58.502663,-34.564043]]}},{"type":"Feature","properties":{"nombre":"RODO, JOSE E.","tipo":"Ciclovías","barrio":"Parque Avellaneda"},"geometry":{"type":"LineString","coordinates":[[-58.490174,-34.646829],[-58.490664,-34.647255]]}},{"type":"Feature","properties":{"nombre":"PICHEUTA","tipo":"Ciclovías","barrio":"Parque Chacabuco"},"geometry":{"type":"LineString","coordinates":[[-58.434159,-34.639017],[-58.433925,-34.639666]]}},{"type":"Feature","properties":{"nombre":"ESTADO PLURINACIONAL DE BOLIVIA","tipo":"Ciclovías","barrio":"Villa Pueyrredon"},"geometry":{"type":"LineString","coordinates":[[-58.49544,-34.587879],[-58.496091,-34.587158]]}},{"type":"Feature","properties":{"nombre":"MORON","tipo":"Ciclovías","barrio":"Floresta"},"geometry":{"type":"LineString","coordinates":[[-58.478656,-34.625784],[-58.478845,-34.625833],[-58.479754,-34.62607]]}},{"type":"Feature","properties":{"nombre":"ANTARTIDA ARGENTINA AV.","tipo":"Ciclovías","barrio":"Retiro"},"geometry":{"type":"LineString","coordinates":[[-58.370307,-34.591752],[-58.370341,-34.591292]]}},{"type":"Feature","properties":{"nombre":"MORON","tipo":"Ciclovías","barrio":"Flores"},"geometry":{"type":"LineString","coordinates":[[-58.474209,-34.624617],[-58.475361,-34.624923]]}},{"type":"Feature","properties":{"nombre":"ESTADO DE ISRAEL AV.","tipo":"Ciclovías mano única","barrio":"Villa Crespo"},"geometry":{"type":"LineString","coordinates":[[-58.431874,-34.601697],[-58.4322,-34.602072]]}},{"type":"Feature","properties":{"nombre":"LUGONES","tipo":"Ciclovías","barrio":"Villa Urquiza"},"geometry":{"type":"LineString","coordinates":[[-58.478507,-34.572247],[-58.47932,-34.57133]]}},{"type":"Feature","properties":{"nombre":"HERRERA","tipo":"Ciclovías","barrio":"Barracas"},"geometry":{"type":"LineString","coordinates":[[-58.379514,-34.63221],[-58.379312,-34.632864]]}},{"type":"Feature","properties":{"nombre":"LOYOLA","tipo":"Ciclovías","barrio":"Villa Crespo"},"geometry":{"type":"LineString","coordinates":[[-58.436196,-34.595235],[-58.437043,-34.594331]]}},{"type":"Feature","properties":{"nombre":"ALVAREZ, JULIAN","tipo":"Ciclovías","barrio":"Palermo"},"geometry":{"type":"LineString","coordinates":[[-58.422457,-34.5916],[-58.420244,-34.590067]]}},{"type":"Feature","properties":{"nombre":"SERRANO","tipo":"Ciclovías","barrio":"Villa Crespo"},"geometry":{"type":"LineString","coordinates":[[-58.443686,-34.597243],[-58.442592,-34.596351]]}},{"type":"Feature","properties":{"nombre":"PERON, JUAN DOMINGO, TTE. GENERAL","tipo":"Ciclovías mano única","barrio":"Balvanera"},"geometry":{"type":"LineString","coordinates":[[-58.392115,-34.606788],[-58.392318,-34.606808],[-58.393568,-34.606923]]}},{"type":"Feature","properties":{"nombre":"CULPINA","tipo":"Ciclovías","barrio":"Flores"},"geometry":{"type":"LineString","coordinates":[[-58.463429,-34.637647],[-58.462146,-34.638593]]}},{"type":"Feature","properties":{"nombre":"DEL LIBERTADOR AV.","tipo":"Ciclovías","barrio":"Recoleta"},"geometry":{"type":"LineString","coordinates":[[-58.399278,-34.58273],[-58.399365,-34.582715]]}},{"type":"Feature","properties":{"nombre":"ALVAREZ, JULIAN","tipo":"Ciclovías","barrio":"Palermo"},"geometry":{"type":"LineString","coordinates":[[-58.414063,-34.586404],[-58.413161,-34.585725]]}},{"type":"Feature","properties":{"nombre":"CERETTI","tipo":"Ciclovías","barrio":"Villa Urquiza"},"geometry":{"type":"LineString","coordinates":[[-58.498621,-34.571282],[-58.498713,-34.571168],[-58.499441,-34.570272]]}},{"type":"Feature","properties":{"nombre":"RINCON","tipo":"Ciclovías","barrio":"San Cristobal"},"geometry":{"type":"LineString","coordinates":[[-58.394433,-34.626679],[-58.394296,-34.627641]]}},{"type":"Feature","properties":{"nombre":"BLANCO ENCALADA","tipo":"Ciclovías","barrio":"Villa Urquiza"},"geometry":{"type":"LineString","coordinates":[[-58.475618,-34.569069],[-58.476532,-34.569627]]}},{"type":"Feature","properties":{"nombre":"ALSINA, ADOLFO","tipo":"Ciclovías","barrio":"Balvanera"},"geometry":{"type":"LineString","coordinates":[[-58.398966,-34.611983],[-58.399211,-34.612],[-58.40032,-34.612082]]}},{"type":"Feature","properties":{"nombre":"QUILMES","tipo":"Ciclovías","barrio":"Nueva Pompeya"},"geometry":{"type":"LineString","coordinates":[[-58.417371,-34.644203],[-58.417369,-34.644401],[-58.417384,-34.645276]]}},{"type":"Feature","properties":{"nombre":"IBERA","tipo":"Ciclovías","barrio":"Nuñez"},"geometry":{"type":"LineString","coordinates":[[-58.462702,-34.552577],[-58.463476,-34.552974]]}},{"type":"Feature","properties":{"nombre":"SAN MARTIN","tipo":"Ciclovías","barrio":"San Nicolas"},"geometry":{"type":"LineString","coordinates":[[-58.373998,-34.600961],[-58.374003,-34.600891],[-58.374081,-34.599885],[-58.374087,-34.599786]]}},{"type":"Feature","properties":{"nombre":"DEL LIBERTADOR AV.","tipo":"Ciclovías","barrio":"Palermo"},"geometry":{"type":"LineString","coordinates":[[-58.403673,-34.581292],[-58.404648,-34.580515]]}},{"type":"Feature","properties":{"nombre":"GONZALEZ, ELPIDIO","tipo":"Ciclovías","barrio":"Monte Castro"},"geometry":{"type":"LineString","coordinates":[[-58.505133,-34.623863],[-58.505223,-34.623948],[-58.505768,-34.624458]]}},{"type":"Feature","properties":{"nombre":"RAWSON","tipo":"Ciclovías","barrio":"Almagro"},"geometry":{"type":"LineString","coordinates":[[-58.42494,-34.613197],[-58.424949,-34.613102],[-58.425576,-34.61213]]}},{"type":"Feature","properties":{"nombre":"DEAN FUNES","tipo":"Ciclovías","barrio":"Parque Patricios"},"geometry":{"type":"LineString","coordinates":[[-58.404542,-34.633162],[-58.404303,-34.634372]]}},{"type":"Feature","properties":{"nombre":"TACUARI","tipo":"Ciclovías","barrio":"Constitucion"},"geometry":{"type":"LineString","coordinates":[[-58.378699,-34.619731],[-58.378696,-34.619835],[-58.378676,-34.620765],[-58.378668,-34.620878]]}},{"type":"Feature","properties":{"nombre":"SARMIENTO AV.","tipo":"Ciclovías","barrio":"Palermo"},"geometry":{"type":"LineString","coordinates":[[-58.420587,-34.580794],[-58.41727,-34.577349]]}},{"type":"Feature","properties":{"nombre":"DEL LIBERTADOR AV.","tipo":"Ciclovías","barrio":"Retiro"},"geometry":{"type":"LineString","coordinates":[[-58.375335,-34.592765],[-58.376674,-34.591854]]}},{"type":"Feature","properties":{"nombre":"OTAMENDI","tipo":"Ciclovías","barrio":"Caballito"},"geometry":{"type":"LineString","coordinates":[[-58.433157,-34.612129],[-58.433229,-34.611965],[-58.43345,-34.611488]]}},{"type":"Feature","properties":{"nombre":"SASTRE, MARCOS","tipo":"Ciclovías","barrio":"Monte Castro"},"geometry":{"type":"LineString","coordinates":[[-58.50663,-34.614394],[-58.506968,-34.614602]]}},{"type":"Feature","properties":{"nombre":"CORDOBA AV.","tipo":"Ciclovías mano única","barrio":"Palermo"},"geometry":{"type":"LineString","coordinates":[[-58.420165,-34.597763],[-58.420435,-34.597757],[-58.42178,-34.597734]]}},{"type":"Feature","properties":{"nombre":"PERON, JUAN DOMINGO, TTE. GENERAL","tipo":"Ciclovías mano única","barrio":"Balvanera"},"geometry":{"type":"LineString","coordinates":[[-58.403469,-34.607526],[-58.403636,-34.607534],[-58.404751,-34.607624]]}},{"type":"Feature","properties":{"nombre":"11 DE SEPTIEMBRE DE 1888","tipo":"Ciclovías","barrio":"Belgrano"},"geometry":{"type":"LineString","coordinates":[[-58.447912,-34.562546],[-58.448591,-34.561752],[-58.448721,-34.561601]]}},{"type":"Feature","properties":{"nombre":"RIVADAVIA AV.","tipo":"Ciclovías","barrio":"Caballito"},"geometry":{"type":"LineString","coordinates":[[-58.431361,-34.616038],[-58.431636,-34.61616]]}},{"type":"Feature","properties":{"nombre":"ECHEVERRIA","tipo":"Ciclovías","barrio":"Belgrano"},"geometry":{"type":"LineString","coordinates":[[-58.453947,-34.561847],[-58.454869,-34.562394]]}},{"type":"Feature","properties":{"nombre":"ZAPATA","tipo":"Ciclovías","barrio":"Palermo"},"geometry":{"type":"LineString","coordinates":[[-58.440686,-34.573753],[-58.440872,-34.573624],[-58.441705,-34.573074]]}},{"type":"Feature","properties":{"nombre":"SASTRE, MARCOS","tipo":"Ciclovías","barrio":"Monte Castro"},"geometry":{"type":"LineString","coordinates":[[-58.507767,-34.615096],[-58.507931,-34.615198],[-58.50809,-34.615296]]}},{"type":"Feature","properties":{"nombre":"MEXICO","tipo":"Ciclovías","barrio":"Balvanera"},"geometry":{"type":"LineString","coordinates":[[-58.404141,-34.617044],[-58.40547,-34.617463]]}},{"type":"Feature","properties":{"nombre":"CUBA","tipo":"Ciclovías","barrio":"Nuñez"},"geometry":{"type":"LineString","coordinates":[[-58.469938,-34.542726],[-58.470039,-34.542589],[-58.470515,-34.541944]]}},{"type":"Feature","properties":{"nombre":"VALLESE, FELIPE","tipo":"Ciclovías","barrio":"Caballito"},"geometry":{"type":"LineString","coordinates":[[-58.445763,-34.613236],[-58.446191,-34.613394]]}},{"type":"Feature","properties":{"nombre":"AZOPARDO","tipo":"Ciclovías","barrio":"Monserrat"},"geometry":{"type":"LineString","coordinates":[[-58.367825,-34.613456],[-58.367707,-34.614473],[-58.367689,-34.614637]]}},{"type":"Feature","properties":{"nombre":"FOREST AV.","tipo":"Ciclovías mano única","barrio":"Chacarita"},"geometry":{"type":"LineString","coordinates":[[-58.453966,-34.585182],[-58.454185,-34.58494],[-58.454634,-34.584446]]}},{"type":"Feature","properties":{"nombre":"CUCHA CUCHA","tipo":"Ciclovías","barrio":"Paternal"},"geometry":{"type":"LineString","coordinates":[[-58.463585,-34.600507],[-58.465051,-34.600196]]}},{"type":"Feature","properties":{"nombre":"GARCIA, JUAN AGUSTIN","tipo":"Ciclovías","barrio":"Villa Santa Rita"},"geometry":{"type":"LineString","coordinates":[[-58.483228,-34.610937],[-58.483515,-34.611088]]}},{"type":"Feature","properties":{"nombre":"PATRICIAS ARGENTINAS AV.","tipo":"Ciclovías","barrio":"Caballito"},"geometry":{"type":"LineString","coordinates":[[-58.434241,-34.608501],[-58.433783,-34.60828],[-58.433687,-34.60822],[-58.433615,-34.608169],[-58.433528,-34.6081],[-58.433452,-34.608031],[-58.4334,-34.607979]]}},{"type":"Feature","properties":{"nombre":"ESTRADA","tipo":"Ciclovías","barrio":"Parque Chacabuco"},"geometry":{"type":"LineString","coordinates":[[-58.432202,-34.631337],[-58.432413,-34.631371],[-58.433022,-34.631469]]}},{"type":"Feature","properties":{"nombre":"CALVO, CARLOS","tipo":"Ciclovías","barrio":"San Cristobal"},"geometry":{"type":"LineString","coordinates":[[-58.407363,-34.622049],[-58.409108,-34.622406]]}},{"type":"Feature","properties":{"nombre":"GUIRALDES, INT.","tipo":"Ciclovías","barrio":"Belgrano"},"geometry":{"type":"LineString","coordinates":[[-58.438917,-34.54552],[-58.439057,-34.54545],[-58.439217,-34.545383]]}},{"type":"Feature","properties":{"nombre":"PUAN","tipo":"Ciclovías","barrio":"Caballito"},"geometry":{"type":"LineString","coordinates":[[-58.447033,-34.627473],[-58.446571,-34.628598]]}},{"type":"Feature","properties":{"nombre":"PERON, JUAN DOMINGO, TTE. GENERAL","tipo":"Ciclovías mano única","barrio":"San Nicolas"},"geometry":{"type":"LineString","coordinates":[[-58.387815,-34.606527],[-58.387943,-34.606542],[-58.389311,-34.606629]]}},{"type":"Feature","properties":{"nombre":"ACUÑA DE FIGUEROA, FRANCISCO","tipo":"Ciclovías","barrio":"Almagro"},"geometry":{"type":"LineString","coordinates":[[-58.422383,-34.601751],[-58.42223,-34.600653],[-58.422213,-34.600539]]}},{"type":"Feature","properties":{"nombre":"MIRO","tipo":"Ciclovías","barrio":"Parque Chacabuco"},"geometry":{"type":"LineString","coordinates":[[-58.443635,-34.638253],[-58.443323,-34.639608]]}},{"type":"Feature","properties":{"nombre":"POTOSI","tipo":"Ciclovías","barrio":"Almagro"},"geometry":{"type":"LineString","coordinates":[[-58.427036,-34.607281],[-58.427553,-34.607283],[-58.427664,-34.607275]]}},{"type":"Feature","properties":{"nombre":"RODO, JOSE E.","tipo":"Ciclovías","barrio":"Mataderos"},"geometry":{"type":"LineString","coordinates":[[-58.493001,-34.649261],[-58.493776,-34.649932]]}},{"type":"Feature","properties":{"nombre":"CORDOBA AV.","tipo":"Ciclovías mano única","barrio":"Retiro"},"geometry":{"type":"LineString","coordinates":[[-58.379746,-34.598971],[-58.381024,-34.59902],[-58.381254,-34.599031]]}},{"type":"Feature","properties":{"nombre":"BARCO CENTENERA DEL","tipo":"Ciclovías","barrio":"Parque Chacabuco"},"geometry":{"type":"LineString","coordinates":[[-58.437366,-34.632103],[-58.437025,-34.632615],[-58.436781,-34.632988]]}},{"type":"Feature","properties":{"nombre":"BARROS PAZOS, JOSE","tipo":"Ciclovías mano única","barrio":"Villa Lugano"},"geometry":{"type":"LineString","coordinates":[[-58.470475,-34.679424],[-58.471443,-34.680269]]}},{"type":"Feature","properties":{"nombre":"CAMINO DE SIRGA","tipo":"Ciclovías","barrio":"Barracas"},"geometry":{"type":"LineString","coordinates":[[-58.385225,-34.657821],[-58.385074,-34.657755],[-58.384742,-34.657649],[-58.38446,-34.657579],[-58.384043,-34.657508],[-58.3836,-34.657473],[-58.383276,-34.657472],[-58.382956,-34.657476],[-58.382765,-34.657416],[-58.382484,-34.65743],[-58.38193,-34.657472],[-58.381376,-34.657436],[-58.381095,-34.657415],[-58.380712,-34.65745],[-58.379988,-34.657414],[-58.379519,-34.657414],[-58.379067,-34.657378],[-58.378471,-34.657307],[-58.378214,-34.657241]]}},{"type":"Feature","properties":{"nombre":"PERON, JUAN DOMINGO, TTE. GENERAL","tipo":"Ciclovías mano única","barrio":"Balvanera"},"geometry":{"type":"LineString","coordinates":[[-58.401971,-34.60747],[-58.402109,-34.607478],[-58.403319,-34.607519],[-58.403469,-34.607526]]}},{"type":"Feature","properties":{"nombre":"ROCA, CNEL. AV.","tipo":"Ciclovías","barrio":"Villa Riachuelo"},"geometry":{"type":"LineString","coordinates":[[-58.461839,-34.690686],[-58.462313,-34.691122]]}},{"type":"Feature","properties":{"nombre":"PEDRAZA, MANUELA","tipo":"Ciclovías","barrio":"Villa Urquiza"},"geometry":{"type":"LineString","coordinates":[[-58.483385,-34.560865],[-58.484205,-34.561254]]}},{"type":"Feature","properties":{"nombre":"CHIVILCOY AV.","tipo":"Ciclovías mano única","barrio":"Villa Devoto"},"geometry":{"type":"LineString","coordinates":[[-58.510397,-34.60149],[-58.511015,-34.600799]]}},{"type":"Feature","properties":{"nombre":"SERRANO","tipo":"Ciclovías","barrio":"Villa Crespo"},"geometry":{"type":"LineString","coordinates":[[-58.444693,-34.598063],[-58.444585,-34.597976],[-58.443686,-34.597243]]}},{"type":"Feature","properties":{"nombre":"PEDRAZA, MANUELA","tipo":"Ciclovías","barrio":"Villa Urquiza"},"geometry":{"type":"LineString","coordinates":[[-58.495837,-34.566885],[-58.496942,-34.567496]]}},{"type":"Feature","properties":{"nombre":"FIGUEROA ALCORTA, PRES. AV.","tipo":"Ciclovías","barrio":"Belgrano"},"geometry":{"type":"LineString","coordinates":[[-58.436743,-34.55161],[-58.437427,-34.550818],[-58.437566,-34.550659]]}},{"type":"Feature","properties":{"nombre":"CORDOBA AV.","tipo":"Ciclovías mano única","barrio":"Recoleta"},"geometry":{"type":"LineString","coordinates":[[-58.390144,-34.599471],[-58.391379,-34.599553],[-58.391556,-34.599564]]}},{"type":"Feature","properties":{"nombre":"ECHEVERRIA","tipo":"Ciclovías","barrio":"Belgrano"},"geometry":{"type":"LineString","coordinates":[[-58.459535,-34.565141],[-58.460489,-34.565701]]}},{"type":"Feature","properties":{"nombre":"CORDOBA AV.","tipo":"Ciclovías mano única","barrio":"Palermo"},"geometry":{"type":"LineString","coordinates":[[-58.431221,-34.593539],[-58.43236,-34.592781]]}},{"type":"Feature","properties":{"nombre":"ROCA, CNEL. AV.","tipo":"Ciclovías","barrio":"Villa Soldati"},"geometry":{"type":"LineString","coordinates":[[-58.451142,-34.680536],[-58.451176,-34.680686],[-58.451136,-34.680806],[-58.451012,-34.680859],[-58.450851,-34.680845],[-58.450686,-34.680723],[-58.450319,-34.680426]]}},{"type":"Feature","properties":{"nombre":"ROCA, CNEL. AV.","tipo":"Ciclovías","barrio":"Villa Soldati"},"geometry":{"type":"LineString","coordinates":[[-58.440025,-34.666255],[-58.440203,-34.666432],[-58.44078,-34.666965]]}},{"type":"Feature","properties":{"nombre":"VALLESE, FELIPE","tipo":"Ciclovías","barrio":"Caballito"},"geometry":{"type":"LineString","coordinates":[[-58.44475,-34.612868],[-58.445763,-34.613236]]}},{"type":"Feature","properties":{"nombre":"GORRITI","tipo":"Ciclovías","barrio":"Palermo"},"geometry":{"type":"LineString","coordinates":[[-58.433948,-34.587495],[-58.43448,-34.587065],[-58.43466,-34.586918]]}},{"type":"Feature","properties":{"nombre":"MOLDES","tipo":"Ciclovías","barrio":"Colegiales"},"geometry":{"type":"LineString","coordinates":[[-58.45292,-34.569648],[-58.453839,-34.569118]]}},{"type":"Feature","properties":{"nombre":"MONTEVIDEO","tipo":"Ciclovías","barrio":"Recoleta"},"geometry":{"type":"LineString","coordinates":[[-58.390021,-34.593233],[-58.389461,-34.592823]]}},{"type":"Feature","properties":{"nombre":"VERA PEÑALOZA,  ROSARIO","tipo":"Ciclovías","barrio":"Puerto Madero"},"geometry":{"type":"LineString","coordinates":[[-58.362884,-34.617573],[-58.362137,-34.617495],[-58.361943,-34.617418]]}},{"type":"Feature","properties":{"nombre":"RIVADAVIA MARTIN, COMODORO","tipo":"Ciclovías","barrio":"Nuñez"},"geometry":{"type":"LineString","coordinates":[[-58.463882,-34.542234],[-58.464209,-34.542932]]}},{"type":"Feature","properties":{"nombre":"BALBASTRO","tipo":"Ciclovías","barrio":"Parque Chacabuco"},"geometry":{"type":"LineString","coordinates":[[-58.444497,-34.639745],[-58.445296,-34.640462]]}},{"type":"Feature","properties":{"nombre":"FIGUEROA ALCORTA, PRES. AV.","tipo":"Ciclovías","barrio":"Recoleta"},"geometry":{"type":"LineString","coordinates":[[-58.391672,-34.583681],[-58.392726,-34.583201],[-58.393126,-34.583014]]}},{"type":"Feature","properties":{"nombre":"RONDEAU","tipo":"Ciclovías","barrio":"Parque Patricios"},"geometry":{"type":"LineString","coordinates":[[-58.400917,-34.635033],[-58.401221,-34.635075],[-58.402447,-34.635177]]}},{"type":"Feature","properties":{"nombre":"FIGUEROA ALCORTA, PRES. AV.","tipo":"Ciclovías","barrio":"Belgrano"},"geometry":{"type":"LineString","coordinates":[[-58.444023,-34.547505],[-58.447291,-34.547013]]}},{"type":"Feature","properties":{"nombre":"DEAN FUNES","tipo":"Ciclovías","barrio":"San Cristobal"},"geometry":{"type":"LineString","coordinates":[[-58.406247,-34.620551],[-58.406175,-34.621666],[-58.406154,-34.621818]]}},{"type":"Feature","properties":{"nombre":"ESTIVAO","tipo":"Ciclovías","barrio":"Caballito"},"geometry":{"type":"LineString","coordinates":[[-58.433171,-34.608039],[-58.4334,-34.607979]]}},{"type":"Feature","properties":{"nombre":"MORON","tipo":"Ciclovías","barrio":"Velez Sarsfield"},"geometry":{"type":"LineString","coordinates":[[-58.495367,-34.63109],[-58.496558,-34.631573]]}},{"type":"Feature","properties":{"nombre":"TRES ARROYOS","tipo":"Ciclovías","barrio":"Caballito"},"geometry":{"type":"LineString","coordinates":[[-58.458945,-34.608111],[-58.459071,-34.608171],[-58.460142,-34.608675]]}},{"type":"Feature","properties":{"nombre":"CUCHA CUCHA","tipo":"Ciclovías","barrio":"Paternal"},"geometry":{"type":"LineString","coordinates":[[-58.466387,-34.599911],[-58.466576,-34.59987]]}},{"type":"Feature","properties":{"nombre":"UNANUE","tipo":"Ciclovías mano única","barrio":"Villa Lugano"},"geometry":{"type":"LineString","coordinates":[[-58.47141,-34.678687],[-58.472223,-34.679439],[-58.472349,-34.679554]]}},{"type":"Feature","properties":{"nombre":"SAN MARTIN","tipo":"Ciclovías","barrio":"San Nicolas"},"geometry":{"type":"LineString","coordinates":[[-58.373718,-34.605615],[-58.373725,-34.605467],[-58.373783,-34.6046],[-58.37379,-34.604464]]}},{"type":"Feature","properties":{"nombre":"HERRERA","tipo":"Ciclovías","barrio":"Barracas"},"geometry":{"type":"LineString","coordinates":[[-58.376497,-34.642685],[-58.376231,-34.643696]]}},{"type":"Feature","properties":{"nombre":"RAWSON","tipo":"Ciclovías","barrio":"Almagro"},"geometry":{"type":"LineString","coordinates":[[-58.426026,-34.610312],[-58.426239,-34.60885],[-58.426249,-34.608668]]}},{"type":"Feature","properties":{"nombre":"SUPERI","tipo":"Ciclovías","barrio":"Saavedra"},"geometry":{"type":"LineString","coordinates":[[-58.482756,-34.547858],[-58.483335,-34.547089]]}},{"type":"Feature","properties":{"nombre":"LINIERS VIRREY","tipo":"Ciclovías","barrio":"Boedo"},"geometry":{"type":"LineString","coordinates":[[-58.413033,-34.633333],[-58.412737,-34.634282]]}},{"type":"Feature","properties":{"nombre":"FIGUEROA ALCORTA, PRES. AV.","tipo":"Ciclovías","barrio":"Palermo"},"geometry":{"type":"LineString","coordinates":[[-58.411222,-34.572009],[-58.411557,-34.571913],[-58.411783,-34.571861]]}},{"type":"Feature","properties":{"nombre":"DEL LIBERTADOR AV.","tipo":"Ciclovías","barrio":"Recoleta"},"geometry":{"type":"LineString","coordinates":[[-58.39391,-34.584053],[-58.395354,-34.583592]]}},{"type":"Feature","properties":{"nombre":"MILLER","tipo":"Ciclovías","barrio":"Saavedra"},"geometry":{"type":"LineString","coordinates":[[-58.489086,-34.561739],[-58.490022,-34.560391]]}},{"type":"Feature","properties":{"nombre":"MORON","tipo":"Ciclovías","barrio":"Floresta"},"geometry":{"type":"LineString","coordinates":[[-58.47649,-34.625223],[-58.477609,-34.625512]]}},{"type":"Feature","properties":{"nombre":"SERRANO","tipo":"Ciclovías","barrio":"Villa Crespo"},"geometry":{"type":"LineString","coordinates":[[-58.435608,-34.592193],[-58.434365,-34.591448]]}},{"type":"Feature","properties":{"nombre":"NUEVA YORK","tipo":"Ciclovías","barrio":"Agronomia"},"geometry":{"type":"LineString","coordinates":[[-58.501496,-34.593844],[-58.502141,-34.594243]]}},{"type":"Feature","properties":{"nombre":"PATRON","tipo":"Ciclovías","barrio":"Liniers"},"geometry":{"type":"LineString","coordinates":[[-58.511083,-34.644169],[-58.511152,-34.644229]]}},{"type":"Feature","properties":{"nombre":"PERON, JUAN DOMINGO, TTE. GENERAL","tipo":"Ciclovías mano única","barrio":"San Nicolas"},"geometry":{"type":"LineString","coordinates":[[-58.382082,-34.60614],[-58.382214,-34.606146],[-58.383454,-34.606224],[-58.383585,-34.606235]]}},{"type":"Feature","properties":{"nombre":"CASARES AV.","tipo":"Ciclovías","barrio":"Palermo"},"geometry":{"type":"LineString","coordinates":[[-58.407998,-34.575022],[-58.407815,-34.574827],[-58.407609,-34.574505]]}},{"type":"Feature","properties":{"nombre":"RABANAL, FRANCISCO, INTENDENTE AV.","tipo":"Ciclovías","barrio":"Villa Soldati"},"geometry":{"type":"LineString","coordinates":[[-58.436575,-34.664505],[-58.437809,-34.665037],[-58.438842,-34.665489]]}},{"type":"Feature","properties":{"nombre":"ALVEAR, MARCELO T. DE","tipo":"Ciclovías","barrio":"Retiro"},"geometry":{"type":"LineString","coordinates":[[-58.376958,-34.596279],[-58.377064,-34.596282],[-58.378317,-34.596355],[-58.378442,-34.596367]]}},{"type":"Feature","properties":{"nombre":"ALCORTA, AMANCIO AV.","tipo":"Ciclovías","barrio":"Barracas"},"geometry":{"type":"LineString","coordinates":[[-58.383697,-34.633344],[-58.383739,-34.633421],[-58.385614,-34.63592]]}},{"type":"Feature","properties":{"nombre":"MONROE","tipo":"Ciclovías","barrio":"Belgrano"},"geometry":{"type":"LineString","coordinates":[[-58.452123,-34.55366],[-58.453275,-34.554342]]}},{"type":"Feature","properties":{"nombre":"ROCA, JULIO A., PRESIDENTE DIAGONAL SUR AV.","tipo":"Ciclovías mano única","barrio":"Monserrat"},"geometry":{"type":"LineString","coordinates":[[-58.374785,-34.610267],[-58.374759,-34.610339]]}},{"type":"Feature","properties":{"nombre":"RODO, JOSE E.","tipo":"Ciclovías","barrio":"Parque Avellaneda"},"geometry":{"type":"LineString","coordinates":[[-58.483017,-34.642082],[-58.482971,-34.642128],[-58.482943,-34.642194],[-58.482978,-34.642292]]}},{"type":"Feature","properties":{"nombre":"FRENCH","tipo":"Ciclovías","barrio":"Recoleta"},"geometry":{"type":"LineString","coordinates":[[-58.406626,-34.586326],[-58.407629,-34.58556]]}},{"type":"Feature","properties":{"nombre":"LOYOLA","tipo":"Ciclovías","barrio":"Villa Crespo"},"geometry":{"type":"LineString","coordinates":[[-58.440672,-34.590462],[-58.441089,-34.590017],[-58.441376,-34.589711]]}},{"type":"Feature","properties":{"nombre":"FIGUEROA ALCORTA, PRES. AV.","tipo":"Ciclovías","barrio":"Belgrano"},"geometry":{"type":"LineString","coordinates":[[-58.434655,-34.553594],[-58.435309,-34.553157]]}},{"type":"Feature","properties":{"nombre":"TRES ARROYOS","tipo":"Ciclovías","barrio":"Villa Crespo"},"geometry":{"type":"LineString","coordinates":[[-58.446666,-34.60107],[-58.447507,-34.601599],[-58.447646,-34.601687]]}},{"type":"Feature","properties":{"nombre":"GONZALEZ, ELPIDIO","tipo":"Ciclovías","barrio":"Monte Castro"},"geometry":{"type":"LineString","coordinates":[[-58.493709,-34.615868],[-58.493853,-34.615991],[-58.494705,-34.616723]]}},{"type":"Feature","properties":{"nombre":"PEDRAZA, MANUELA","tipo":"Ciclovías","barrio":"Villa Urquiza"},"geometry":{"type":"LineString","coordinates":[[-58.482751,-34.560536],[-58.483385,-34.560865]]}},{"type":"Feature","properties":{"nombre":"JUSTO, JUAN B. AV.","tipo":"Ciclovías","barrio":"Villa Crespo"},"geometry":{"type":"LineString","coordinates":[[-58.455953,-34.602773],[-58.45602,-34.602818]]}},{"type":"Feature","properties":{"nombre":"MENDEZ DE ANDES","tipo":"Ciclovías","barrio":"Flores"},"geometry":{"type":"LineString","coordinates":[[-58.462225,-34.620992],[-58.462723,-34.621215],[-58.46318,-34.621416]]}},{"type":"Feature","properties":{"nombre":"ESTADO DE ISRAEL AV.","tipo":"Ciclovías mano única","barrio":"Villa Crespo"},"geometry":{"type":"LineString","coordinates":[[-58.423369,-34.597745],[-58.423757,-34.597824],[-58.424956,-34.597851]]}},{"type":"Feature","properties":{"nombre":"OTAMENDI","tipo":"Ciclovías","barrio":"Caballito"},"geometry":{"type":"LineString","coordinates":[[-58.43345,-34.611488],[-58.43375,-34.610839]]}},{"type":"Feature","properties":{"nombre":"VERTIZ VIRREY AV.","tipo":"Ciclovías","barrio":"Belgrano"},"geometry":{"type":"LineString","coordinates":[[-58.448193,-34.559864],[-58.449399,-34.559147]]}},{"type":"Feature","properties":{"nombre":"CORRIENTES AV.","tipo":"Ciclovías mano única","barrio":"San Nicolas"},"geometry":{"type":"LineString","coordinates":[[-58.37522,-34.603316],[-58.376663,-34.603404]]}},{"type":"Feature","properties":{"nombre":"PATRICIAS ARGENTINAS AV.","tipo":"Ciclovías","barrio":"Caballito"},"geometry":{"type":"LineString","coordinates":[[-58.432878,-34.606504],[-58.432906,-34.606353]]}},{"type":"Feature","properties":{"nombre":"PERDRIEL","tipo":"Ciclovías","barrio":"Barracas"},"geometry":{"type":"LineString","coordinates":[[-58.387325,-34.635844],[-58.38658,-34.636952],[-58.386478,-34.637038]]}},{"type":"Feature","properties":{"nombre":"MOREAU DE JUSTO, ALICIA AV.","tipo":"Ciclovías","barrio":"Puerto Madero"},"geometry":{"type":"LineString","coordinates":[[-58.366086,-34.614545],[-58.365982,-34.615473],[-58.365967,-34.615607]]}},{"type":"Feature","properties":{"nombre":"MOREAU DE JUSTO, ALICIA AV.","tipo":"Ciclovías","barrio":"Puerto Madero"},"geometry":{"type":"LineString","coordinates":[[-58.366213,-34.613421],[-58.366086,-34.614545]]}},{"type":"Feature","properties":{"nombre":"PICHINCHA AV.","tipo":"Ciclovías","barrio":"Parque Patricios"},"geometry":{"type":"LineString","coordinates":[[-58.396546,-34.629195],[-58.3963,-34.630227],[-58.396261,-34.630366]]}},{"type":"Feature","properties":{"nombre":"CORRIENTES AV.","tipo":"Ciclovías mano única","barrio":"Balvanera"},"geometry":{"type":"LineString","coordinates":[[-58.403634,-34.60475],[-58.404483,-34.604664]]}},{"type":"Feature","properties":{"nombre":"ALVAREZ, JULIAN","tipo":"Ciclovías","barrio":"Palermo"},"geometry":{"type":"LineString","coordinates":[[-58.428091,-34.595515],[-58.427373,-34.595015]]}},{"type":"Feature","properties":{"nombre":"PINTO","tipo":"Ciclovías","barrio":"Saavedra"},"geometry":{"type":"LineString","coordinates":[[-58.477042,-34.55025],[-58.477248,-34.549981]]}},{"type":"Feature","properties":{"nombre":"CORDOBA AV.","tipo":"Ciclovías mano única","barrio":"Recoleta"},"geometry":{"type":"LineString","coordinates":[[-58.397189,-34.59973],[-58.398726,-34.59976]]}},{"type":"Feature","properties":{"nombre":"AMENABAR","tipo":"Ciclovías","barrio":"Belgrano"},"geometry":{"type":"LineString","coordinates":[[-58.45775,-34.564092],[-58.457856,-34.563969],[-58.458567,-34.563142]]}},{"type":"Feature","properties":{"nombre":"RIVADAVIA MARTIN, COMODORO","tipo":"Ciclovías","barrio":"Nuñez"},"geometry":{"type":"LineString","coordinates":[[-58.464209,-34.542932],[-58.464379,-34.543307]]}},{"type":"Feature","properties":{"nombre":"SASTRE, MARCOS","tipo":"Ciclovías","barrio":"Monte Castro"},"geometry":{"type":"LineString","coordinates":[[-58.507357,-34.614843],[-58.507509,-34.614937],[-58.507767,-34.615096]]}},{"type":"Feature","properties":{"nombre":"MOREAU DE JUSTO, ALICIA AV.","tipo":"Ciclovías","barrio":"Puerto Madero"},"geometry":{"type":"LineString","coordinates":[[-58.366947,-34.605291],[-58.366887,-34.605881],[-58.366845,-34.606341]]}},{"type":"Feature","properties":{"nombre":"RODO, JOSE E.","tipo":"Ciclovías","barrio":"Mataderos"},"geometry":{"type":"LineString","coordinates":[[-58.491414,-34.64791],[-58.491545,-34.648024],[-58.492219,-34.648597]]}},{"type":"Feature","properties":{"nombre":"MANSILLA, LUCIO NORBERTO, GENERAL","tipo":"Ciclovías","barrio":"Palermo"},"geometry":{"type":"LineString","coordinates":[[-58.41288,-34.592319],[-58.413649,-34.591764],[-58.413749,-34.591691]]}},{"type":"Feature","properties":{"nombre":"BULLRICH, INT. AV.","tipo":"Ciclovías","barrio":"Palermo"},"geometry":{"type":"LineString","coordinates":[[-58.423247,-34.571168],[-58.424856,-34.574281],[-58.42499,-34.574556]]}},{"type":"Feature","properties":{"nombre":"ARAOZ DE LAMADRID, GREGORIO, GRAL.","tipo":"Ciclovías","barrio":"La Boca"},"geometry":{"type":"LineString","coordinates":[[-58.363678,-34.639306],[-58.365162,-34.63954]]}},{"type":"Feature","properties":{"nombre":"ARAOZ DE LAMADRID, GREGORIO, GRAL.","tipo":"Ciclovías","barrio":"La Boca"},"geometry":{"type":"LineString","coordinates":[[-58.360815,-34.638116],[-58.36208,-34.638621],[-58.362234,-34.638684]]}},{"type":"Feature","properties":{"nombre":"ECUADOR","tipo":"Ciclovías","barrio":"Recoleta"},"geometry":{"type":"LineString","coordinates":[[-58.404586,-34.596073],[-58.40418,-34.595234]]}},{"type":"Feature","properties":{"nombre":"PEDRAZA, MANUELA","tipo":"Ciclovías","barrio":"Villa Urquiza"},"geometry":{"type":"LineString","coordinates":[[-58.487185,-34.562647],[-58.488139,-34.563102]]}},{"type":"Feature","properties":{"nombre":"ZAPATA","tipo":"Ciclovías","barrio":"Colegiales"},"geometry":{"type":"LineString","coordinates":[[-58.44334,-34.571999],[-58.444351,-34.571316]]}},{"type":"Feature","properties":{"nombre":"ALVEAR, MARCELO T. DE","tipo":"Ciclovías","barrio":"Retiro"},"geometry":{"type":"LineString","coordinates":[[-58.375418,-34.596244],[-58.375603,-34.596308],[-58.375927,-34.59633],[-58.376263,-34.59627]]}},{"type":"Feature","properties":{"nombre":"CUBA","tipo":"Ciclovías","barrio":"Nuñez"},"geometry":{"type":"LineString","coordinates":[[-58.463257,-34.55182],[-58.463825,-34.551045]]}},{"type":"Feature","properties":{"nombre":"MOREAU DE JUSTO, ALICIA AV.","tipo":"Ciclovías","barrio":"Puerto Madero"},"geometry":{"type":"LineString","coordinates":[[-58.366845,-34.606341],[-58.366787,-34.606527],[-58.366715,-34.607096]]}},{"type":"Feature","properties":{"nombre":"MILLER","tipo":"Ciclovías","barrio":"Saavedra"},"geometry":{"type":"LineString","coordinates":[[-58.496114,-34.551639],[-58.496665,-34.550853]]}},{"type":"Feature","properties":{"nombre":"ALBERTI","tipo":"Ciclovías","barrio":"Parque Patricios"},"geometry":{"type":"LineString","coordinates":[[-58.398298,-34.63339],[-58.397871,-34.634507]]}},{"type":"Feature","properties":{"nombre":"ARTIGAS, JOSE GERVASIO, GRAL.","tipo":"Ciclovías","barrio":"Villa Gral. Mitre"},"geometry":{"type":"LineString","coordinates":[[-58.474723,-34.61073],[-58.475523,-34.609725]]}},{"type":"Feature","properties":{"nombre":"GORRITI","tipo":"Ciclovías","barrio":"Palermo"},"geometry":{"type":"LineString","coordinates":[[-58.426867,-34.592179],[-58.428035,-34.591428]]}},{"type":"Feature","properties":{"nombre":"LOYOLA","tipo":"Ciclovías","barrio":"Villa Crespo"},"geometry":{"type":"LineString","coordinates":[[-58.437812,-34.593511],[-58.438586,-34.592686]]}},{"type":"Feature","properties":{"nombre":"GORRITI","tipo":"Ciclovías","barrio":"Palermo"},"geometry":{"type":"LineString","coordinates":[[-58.428035,-34.591428],[-58.429187,-34.590688]]}},{"type":"Feature","properties":{"nombre":"FIGUEROA ALCORTA, PRES. AV.","tipo":"Ciclovías","barrio":"Palermo"},"geometry":{"type":"LineString","coordinates":[[-58.420088,-34.565396],[-58.421638,-34.564739],[-58.422049,-34.56454],[-58.422332,-34.564341],[-58.422566,-34.564098],[-58.422602,-34.564037]]}},{"type":"Feature","properties":{"nombre":"AZOPARDO","tipo":"Ciclovías","barrio":"Monserrat"},"geometry":{"type":"LineString","coordinates":[[-58.367689,-34.614637],[-58.367572,-34.615684]]}},{"type":"Feature","properties":{"nombre":"SARMIENTO","tipo":"Ciclovías","barrio":"San Nicolas"},"geometry":{"type":"LineString","coordinates":[[-58.37379,-34.604464],[-58.375029,-34.604555],[-58.375166,-34.604564]]}},{"type":"Feature","properties":{"nombre":"LINIERS VIRREY","tipo":"Ciclovías","barrio":"Boedo"},"geometry":{"type":"LineString","coordinates":[[-58.413656,-34.624207],[-58.413574,-34.62514]]}},{"type":"Feature","properties":{"nombre":"ECHEVERRIA","tipo":"Ciclovías","barrio":"Belgrano"},"geometry":{"type":"LineString","coordinates":[[-58.455873,-34.562989],[-58.456855,-34.563566]]}},{"type":"Feature","properties":{"nombre":"ALVAREZ, JULIAN","tipo":"Ciclovías","barrio":"Villa Crespo"},"geometry":{"type":"LineString","coordinates":[[-58.43729,-34.601409],[-58.436224,-34.600725]]}},{"type":"Feature","properties":{"nombre":"POLA","tipo":"Ciclovías","barrio":"Liniers"},"geometry":{"type":"LineString","coordinates":[[-58.505419,-34.645948],[-58.504919,-34.646347]]}},{"type":"Feature","properties":{"nombre":"CHIVILCOY","tipo":"Ciclovías","barrio":"Floresta"},"geometry":{"type":"LineString","coordinates":[[-58.492364,-34.620033],[-58.493312,-34.619279],[-58.49344,-34.619177]]}},{"type":"Feature","properties":{"nombre":"AMENABAR","tipo":"Ciclovías","barrio":"Belgrano"},"geometry":{"type":"LineString","coordinates":[[-58.459382,-34.562194],[-58.459491,-34.562067],[-58.460173,-34.561272]]}},{"type":"Feature","properties":{"nombre":"PATRON","tipo":"Ciclovías","barrio":"Liniers"},"geometry":{"type":"LineString","coordinates":[[-58.51202,-34.645009],[-58.512958,-34.645854]]}},{"type":"Feature","properties":{"nombre":"OLAGUER Y FELIU, VIRREY","tipo":"Ciclovías","barrio":"Colegiales"},"geometry":{"type":"LineString","coordinates":[[-58.453284,-34.568408],[-58.453839,-34.569118]]}},{"type":"Feature","properties":{"nombre":"GONZALEZ, ELPIDIO","tipo":"Ciclovías","barrio":"Monte Castro"},"geometry":{"type":"LineString","coordinates":[[-58.506968,-34.625585],[-58.507071,-34.625681],[-58.508165,-34.626705],[-58.508311,-34.62683]]}},{"type":"Feature","properties":{"nombre":"OBLIGADO RAFAEL, AV.COSTANERA","tipo":"Ciclovías","barrio":"Palermo"},"geometry":{"type":"LineString","coordinates":[[-58.423581,-34.553127],[-58.424111,-34.552947],[-58.424811,-34.552733],[-58.426026,-34.552298]]}},{"type":"Feature","properties":{"nombre":"IBERA","tipo":"Ciclovías","barrio":"Coghlan"},"geometry":{"type":"LineString","coordinates":[[-58.478078,-34.560944],[-58.478588,-34.56122]]}},{"type":"Feature","properties":{"nombre":"SUPERI","tipo":"Ciclovías","barrio":"Colegiales"},"geometry":{"type":"LineString","coordinates":[[-58.46155,-34.573508],[-58.461731,-34.573432]]}},{"type":"Feature","properties":{"nombre":"SARMIENTO AV.","tipo":"Ciclovías","barrio":"Palermo"},"geometry":{"type":"LineString","coordinates":[[-58.405163,-34.567119],[-58.404766,-34.567315],[-58.404011,-34.567601],[-58.403249,-34.567778],[-58.402445,-34.567881],[-58.402215,-34.567917]]}},{"type":"Feature","properties":{"nombre":"TUCUMAN","tipo":"Ciclovías","barrio":"Balvanera"},"geometry":{"type":"LineString","coordinates":[[-58.3985,-34.602203],[-58.399597,-34.602222],[-58.399721,-34.602221]]}},{"type":"Feature","properties":{"nombre":"DEL LIBERTADOR AV.","tipo":"Ciclovías","barrio":"Recoleta"},"geometry":{"type":"LineString","coordinates":[[-58.383847,-34.587678],[-58.385029,-34.587035]]}},{"type":"Feature","properties":{"nombre":"FINOCHIETTO ENRIQUE DR.","tipo":"Ciclovías","barrio":"Barracas"},"geometry":{"type":"LineString","coordinates":[[-58.382553,-34.633182],[-58.383136,-34.633563]]}},{"type":"Feature","properties":{"nombre":"CORRIENTES AV.","tipo":"Ciclovías mano única","barrio":"Villa Crespo"},"geometry":{"type":"LineString","coordinates":[[-58.441653,-34.597222],[-58.442592,-34.596351]]}},{"type":"Feature","properties":{"nombre":"SARMIENTO","tipo":"Ciclovías","barrio":"San Nicolas"},"geometry":{"type":"LineString","coordinates":[[-58.376583,-34.604656],[-58.377857,-34.604733],[-58.37801,-34.604743]]}},{"type":"Feature","properties":{"nombre":"SASTRE, MARCOS","tipo":"Ciclovías","barrio":"Monte Castro"},"geometry":{"type":"LineString","coordinates":[[-58.516906,-34.621844],[-58.51789,-34.622714]]}},{"type":"Feature","properties":{"nombre":"BOLIVAR","tipo":"Ciclovías","barrio":"Monserrat"},"geometry":{"type":"LineString","coordinates":[[-58.37332,-34.612554],[-58.37326,-34.613599],[-58.373253,-34.61372]]}},{"type":"Feature","properties":{"nombre":"CONSTITUCION","tipo":"Ciclovías","barrio":"San Cristobal"},"geometry":{"type":"LineString","coordinates":[[-58.393453,-34.625358],[-58.393638,-34.625374],[-58.394604,-34.625472]]}},{"type":"Feature","properties":{"nombre":"DEL LIBERTADOR AV.","tipo":"Ciclovías","barrio":"Palermo"},"geometry":{"type":"LineString","coordinates":[[-58.401535,-34.582045],[-58.401657,-34.582006]]}},{"type":"Feature","properties":{"nombre":"CEVALLOS, VIRREY","tipo":"Ciclovías","barrio":"Constitucion"},"geometry":{"type":"LineString","coordinates":[[-58.388392,-34.624938],[-58.388311,-34.626202]]}},{"type":"Feature","properties":{"nombre":"STORNI ALFONSINA","tipo":"Ciclovías","barrio":"Saavedra"},"geometry":{"type":"LineString","coordinates":[[-58.502912,-34.564753],[-58.503022,-34.564234]]}},{"type":"Feature","properties":{"nombre":"COMPLEJO CIUDAD UNIVERSITARIA (SIN NOMBRE OFICIAL)","tipo":"Ciclovías","barrio":"Belgrano"},"geometry":{"type":"LineString","coordinates":[[-58.441034,-34.543791],[-58.441114,-34.543617],[-58.441213,-34.543476],[-58.441332,-34.543389]]}},{"type":"Feature","properties":{"nombre":"SANCHEZ DE LORIA","tipo":"Ciclovías","barrio":"Balvanera"},"geometry":{"type":"LineString","coordinates":[[-58.413438,-34.612614],[-58.413316,-34.612854],[-58.413119,-34.613416]]}},{"type":"Feature","properties":{"nombre":"GARCIA, JUAN AGUSTIN","tipo":"Ciclovías","barrio":"Villa Gral. Mitre"},"geometry":{"type":"LineString","coordinates":[[-58.471082,-34.604704],[-58.471237,-34.604771],[-58.472438,-34.605287]]}},{"type":"Feature","properties":{"nombre":"CERETTI","tipo":"Ciclovías","barrio":"Villa Urquiza"},"geometry":{"type":"LineString","coordinates":[[-58.49383,-34.577238],[-58.494342,-34.576594],[-58.494437,-34.576477]]}},{"type":"Feature","properties":{"nombre":"DEL LIBERTADOR AV.","tipo":"Ciclovías","barrio":"Belgrano"},"geometry":{"type":"LineString","coordinates":[[-58.442411,-34.561968],[-58.443371,-34.561718]]}},{"type":"Feature","properties":{"nombre":"DOBLAS","tipo":"Ciclovías","barrio":"Parque Chacabuco"},"geometry":{"type":"LineString","coordinates":[[-58.428714,-34.630834],[-58.428497,-34.63158]]}},{"type":"Feature","properties":{"nombre":"COCHABAMBA","tipo":"Ciclovías","barrio":"San Telmo"},"geometry":{"type":"LineString","coordinates":[[-58.366775,-34.622699],[-58.368191,-34.62281]]}},{"type":"Feature","properties":{"nombre":"UDAONDO, GUILLERMO AV.","tipo":"Ciclovías","barrio":"Nuñez"},"geometry":{"type":"LineString","coordinates":[[-58.452848,-34.547257],[-58.453606,-34.548239]]}},{"type":"Feature","properties":{"nombre":"CORRIENTES AV.","tipo":"Ciclovías mano única","barrio":"Almagro"},"geometry":{"type":"LineString","coordinates":[[-58.424105,-34.602862],[-58.424842,-34.602789],[-58.425647,-34.602709]]}},{"type":"Feature","properties":{"nombre":"JUNCAL","tipo":"Ciclovías","barrio":"Recoleta"},"geometry":{"type":"LineString","coordinates":[[-58.3972,-34.592953],[-58.39747,-34.592873]]}},{"type":"Feature","properties":{"nombre":"UNANUE","tipo":"Ciclovías mano única","barrio":"Villa Lugano"},"geometry":{"type":"LineString","coordinates":[[-58.467847,-34.675372],[-58.468582,-34.676058]]}},{"type":"Feature","properties":{"nombre":"CUBA","tipo":"Ciclovías","barrio":"Nuñez"},"geometry":{"type":"LineString","coordinates":[[-58.463825,-34.551045],[-58.464392,-34.550271]]}},{"type":"Feature","properties":{"nombre":"CONSTITUCION","tipo":"Ciclovías","barrio":"San Cristobal"},"geometry":{"type":"LineString","coordinates":[[-58.39254,-34.625299],[-58.393245,-34.62534],[-58.393453,-34.625358]]}},{"type":"Feature","properties":{"nombre":"GUIRALDES, INT.","tipo":"Ciclovías","barrio":"Belgrano"},"geometry":{"type":"LineString","coordinates":[[-58.438655,-34.545967],[-58.43874,-34.545671],[-58.438917,-34.54552]]}},{"type":"Feature","properties":{"nombre":"CHILE","tipo":"Ciclovías","barrio":"Monserrat"},"geometry":{"type":"LineString","coordinates":[[-58.381184,-34.616468],[-58.381569,-34.616487]]}},{"type":"Feature","properties":{"nombre":"IBERA","tipo":"Ciclovías","barrio":"Coghlan"},"geometry":{"type":"LineString","coordinates":[[-58.471911,-34.55759],[-58.4721,-34.557691],[-58.472756,-34.558054]]}},{"type":"Feature","properties":{"nombre":"CHIVILCOY AV.","tipo":"Ciclovías mano única","barrio":"Villa Devoto"},"geometry":{"type":"LineString","coordinates":[[-58.514275,-34.597269],[-58.514932,-34.596553]]}},{"type":"Feature","properties":{"nombre":"ARTIGAS, JOSE GERVASIO, GRAL.","tipo":"Ciclovías","barrio":"Villa Gral. Mitre"},"geometry":{"type":"LineString","coordinates":[[-58.470723,-34.615751],[-58.471123,-34.61525]]}},{"type":"Feature","properties":{"nombre":"MILLER","tipo":"Ciclovías","barrio":"Villa Urquiza"},"geometry":{"type":"LineString","coordinates":[[-58.484689,-34.566857],[-58.484814,-34.566715],[-58.485384,-34.566096],[-58.485498,-34.565972]]}},{"type":"Feature","properties":{"nombre":"LOYOLA","tipo":"Ciclovías","barrio":"Villa Crespo"},"geometry":{"type":"LineString","coordinates":[[-58.432212,-34.599495],[-58.432995,-34.598658]]}},{"type":"Feature","properties":{"nombre":"VALLESE, FELIPE","tipo":"Ciclovías","barrio":"Caballito"},"geometry":{"type":"LineString","coordinates":[[-58.443281,-34.612302],[-58.44462,-34.61282],[-58.44475,-34.612868]]}},{"type":"Feature","properties":{"nombre":"LINIERS VIRREY","tipo":"Ciclovías","barrio":"Boedo"},"geometry":{"type":"LineString","coordinates":[[-58.412185,-34.636019],[-58.411912,-34.637063]]}},{"type":"Feature","properties":{"nombre":"JUNCAL","tipo":"Ciclovías","barrio":"Recoleta"},"geometry":{"type":"LineString","coordinates":[[-58.395755,-34.593385],[-58.396857,-34.593055]]}},{"type":"Feature","properties":{"nombre":"RINCON","tipo":"Ciclovías","barrio":"Balvanera"},"geometry":{"type":"LineString","coordinates":[[-58.396152,-34.612975],[-58.39614,-34.613914],[-58.396138,-34.614136]]}},{"type":"Feature","properties":{"nombre":"BONIFACIO, JOSE","tipo":"Ciclovías","barrio":"Flores"},"geometry":{"type":"LineString","coordinates":[[-58.459544,-34.631891],[-58.461247,-34.632404]]}},{"type":"Feature","properties":{"nombre":"MONROE","tipo":"Ciclovías","barrio":"Belgrano"},"geometry":{"type":"LineString","coordinates":[[-58.444279,-34.549011],[-58.445375,-34.54966]]}},{"type":"Feature","properties":{"nombre":"CHIVILCOY","tipo":"Ciclovías","barrio":"Monte Castro"},"geometry":{"type":"LineString","coordinates":[[-58.500531,-34.612571],[-58.500649,-34.61243],[-58.501398,-34.611556],[-58.501542,-34.611386]]}},{"type":"Feature","properties":{"nombre":"CHIVILCOY","tipo":"Ciclovías","barrio":"Villa Devoto"},"geometry":{"type":"LineString","coordinates":[[-58.504473,-34.608075],[-58.504597,-34.607937],[-58.505033,-34.607453],[-58.505153,-34.60732]]}},{"type":"Feature","properties":{"nombre":"CEVALLOS, VIRREY","tipo":"Ciclovías","barrio":"Constitucion"},"geometry":{"type":"LineString","coordinates":[[-58.388745,-34.621386],[-58.388676,-34.622319],[-58.388654,-34.622559]]}},{"type":"Feature","properties":{"nombre":"TREINTA Y TRES ORIENTALES","tipo":"Ciclovías","barrio":"Boedo"},"geometry":{"type":"LineString","coordinates":[[-58.420325,-34.637445],[-58.420243,-34.637657],[-58.419926,-34.638482]]}},{"type":"Feature","properties":{"nombre":"RODRIGUEZ, MARTIN","tipo":"Ciclovías","barrio":"La Boca"},"geometry":{"type":"LineString","coordinates":[[-58.361873,-34.633471],[-58.361437,-34.634179],[-58.361373,-34.634283]]}},{"type":"Feature","properties":{"nombre":"RODO, JOSE E.","tipo":"Ciclovías","barrio":"Mataderos"},"geometry":{"type":"LineString","coordinates":[[-58.500765,-34.655761],[-58.50156,-34.656422],[-58.501756,-34.656558]]}},{"type":"Feature","properties":{"nombre":"11 DE SEPTIEMBRE DE 1888","tipo":"Ciclovías","barrio":"Belgrano"},"geometry":{"type":"LineString","coordinates":[[-58.455042,-34.554088],[-58.45578,-34.553227]]}},{"type":"Feature","properties":{"nombre":"CALVO, CARLOS","tipo":"Ciclovías","barrio":"San Cristobal"},"geometry":{"type":"LineString","coordinates":[[-58.409108,-34.622406],[-58.409223,-34.62243],[-58.410591,-34.622693]]}},{"type":"Feature","properties":{"nombre":"FOREST AV.","tipo":"Ciclovías mano única","barrio":"Chacarita"},"geometry":{"type":"LineString","coordinates":[[-58.454829,-34.584231],[-58.455072,-34.583963],[-58.45577,-34.583194]]}},{"type":"Feature","properties":{"nombre":"IBERA","tipo":"Ciclovías","barrio":"Nuñez"},"geometry":{"type":"LineString","coordinates":[[-58.468927,-34.555954],[-58.469881,-34.556492]]}},{"type":"Feature","properties":{"nombre":"PINTO","tipo":"Ciclovías","barrio":"Saavedra"},"geometry":{"type":"LineString","coordinates":[[-58.477248,-34.549981],[-58.47763,-34.549482]]}},{"type":"Feature","properties":{"nombre":"ECUADOR","tipo":"Ciclovías","barrio":"Balvanera"},"geometry":{"type":"LineString","coordinates":[[-58.408229,-34.605352],[-58.407869,-34.604422],[-58.407815,-34.604257]]}},{"type":"Feature","properties":{"nombre":"SARMIENTO AV.","tipo":"Ciclovías","barrio":"Palermo"},"geometry":{"type":"LineString","coordinates":[[-58.409458,-34.569009],[-58.408621,-34.568118],[-58.408225,-34.567686],[-58.407993,-34.567393],[-58.407863,-34.567268]]}},{"type":"Feature","properties":{"nombre":"POLA","tipo":"Ciclovías","barrio":"Liniers"},"geometry":{"type":"LineString","coordinates":[[-58.511904,-34.640988],[-58.510729,-34.641886]]}},{"type":"Feature","properties":{"nombre":"BLANCO ENCALADA","tipo":"Ciclovías","barrio":"Belgrano"},"geometry":{"type":"LineString","coordinates":[[-58.470898,-34.566252],[-58.471866,-34.566799]]}},{"type":"Feature","properties":{"nombre":"SENDERO PEATONAL PUEYRREDON","tipo":"Ciclovías","barrio":"Recoleta"},"geometry":{"type":"LineString","coordinates":[[-58.391722,-34.584756],[-58.391849,-34.584611],[-58.391913,-34.584525],[-58.391887,-34.584444],[-58.391813,-34.584374],[-58.391681,-34.58429],[-58.391522,-34.584205],[-58.391446,-34.584116]]}},{"type":"Feature","properties":{"nombre":"ARENALES","tipo":"Ciclovías","barrio":"Retiro"},"geometry":{"type":"LineString","coordinates":[[-58.380038,-34.59411],[-58.380168,-34.594112],[-58.381394,-34.594158],[-58.381596,-34.594179]]}},{"type":"Feature","properties":{"nombre":"DEAN FUNES","tipo":"Ciclovías","barrio":"Balvanera"},"geometry":{"type":"LineString","coordinates":[[-58.406473,-34.618703],[-58.40639,-34.619432]]}},{"type":"Feature","properties":{"nombre":"BLANCO ENCALADA","tipo":"Ciclovías","barrio":"Villa Urquiza"},"geometry":{"type":"LineString","coordinates":[[-58.480237,-34.57189],[-58.481638,-34.572748]]}},{"type":"Feature","properties":{"nombre":"CHIVILCOY","tipo":"Ciclovías","barrio":"Floresta"},"geometry":{"type":"LineString","coordinates":[[-58.488585,-34.623027],[-58.48892,-34.622763],[-58.489134,-34.622593]]}},{"type":"Feature","properties":{"nombre":"DEAN FUNES","tipo":"Ciclovías","barrio":"San Cristobal"},"geometry":{"type":"LineString","coordinates":[[-58.40639,-34.619432],[-58.406362,-34.619678],[-58.406256,-34.620413],[-58.406247,-34.620551]]}},{"type":"Feature","properties":{"nombre":"COMBATE DE LOS POZOS","tipo":"Ciclovías","barrio":"Parque Patricios"},"geometry":{"type":"LineString","coordinates":[[-58.391725,-34.629507],[-58.3915,-34.630664]]}},{"type":"Feature","properties":{"nombre":"BONIFACIO, JOSE","tipo":"Ciclovías","barrio":"Flores"},"geometry":{"type":"LineString","coordinates":[[-58.461247,-34.632404],[-58.462527,-34.632789],[-58.462621,-34.632819]]}},{"type":"Feature","properties":{"nombre":"BAVIO, ERNESTO A.","tipo":"Ciclovías","barrio":"Nuñez"},"geometry":{"type":"LineString","coordinates":[[-58.452848,-34.547257],[-58.453115,-34.547196],[-58.455179,-34.546113]]}},{"type":"Feature","properties":{"nombre":"PERON, JUAN DOMINGO, TTE. GENERAL","tipo":"Ciclovías mano única","barrio":"San Nicolas"},"geometry":{"type":"LineString","coordinates":[[-58.379324,-34.606009],[-58.37944,-34.606016],[-58.380263,-34.606056]]}},{"type":"Feature","properties":{"nombre":"DE LOS OMBUES AV.","tipo":"Ciclovías","barrio":"Palermo"},"geometry":{"type":"LineString","coordinates":[[-58.431088,-34.561161],[-58.431293,-34.561623]]}},{"type":"Feature","properties":{"nombre":"AMENABAR","tipo":"Ciclovías","barrio":"Saavedra"},"geometry":{"type":"LineString","coordinates":[[-58.470158,-34.550055],[-58.47024,-34.549948],[-58.470848,-34.549147]]}},{"type":"Feature","properties":{"nombre":"DEL LIBERTADOR AV.","tipo":"Ciclovías","barrio":"Recoleta"},"geometry":{"type":"LineString","coordinates":[[-58.385849,-34.586588],[-58.387444,-34.585903]]}},{"type":"Feature","properties":{"nombre":"DEL LIBERTADOR AV.","tipo":"Ciclovías","barrio":"Palermo"},"geometry":{"type":"LineString","coordinates":[[-58.42055,-34.572364],[-58.421744,-34.571823]]}},{"type":"Feature","properties":{"nombre":"QUILMES","tipo":"Ciclovías","barrio":"Nueva Pompeya"},"geometry":{"type":"LineString","coordinates":[[-58.417647,-34.643036],[-58.417372,-34.644054],[-58.417371,-34.644203]]}},{"type":"Feature","properties":{"nombre":"CHIVILCOY","tipo":"Ciclovías","barrio":"Villa Devoto"},"geometry":{"type":"LineString","coordinates":[[-58.505153,-34.60732],[-58.505792,-34.606539]]}},{"type":"Feature","properties":{"nombre":"PERON, JUAN DOMINGO, TTE. GENERAL","tipo":"Ciclovías mano única","barrio":"San Nicolas"},"geometry":{"type":"LineString","coordinates":[[-58.385457,-34.606378],[-58.38638,-34.606436]]}},{"type":"Feature","properties":{"nombre":"SERRANO","tipo":"Ciclovías","barrio":"Villa Crespo"},"geometry":{"type":"LineString","coordinates":[[-58.441049,-34.595448],[-58.440021,-34.594833]]}},{"type":"Feature","properties":{"nombre":"CABOTO","tipo":"Ciclovías","barrio":"La Boca"},"geometry":{"type":"LineString","coordinates":[[-58.355894,-34.632071],[-58.355407,-34.632882]]}},{"type":"Feature","properties":{"nombre":"BOUCHARD","tipo":"Ciclovías","barrio":"San Nicolas"},"geometry":{"type":"LineString","coordinates":[[-58.369159,-34.601806],[-58.369293,-34.600686],[-58.36932,-34.600512]]}},{"type":"Feature","properties":{"nombre":"MENDEZ DE ANDES","tipo":"Ciclovías","barrio":"Flores"},"geometry":{"type":"LineString","coordinates":[[-58.465093,-34.622259],[-58.465679,-34.622516]]}},{"type":"Feature","properties":{"nombre":"MONTEVIDEO","tipo":"Ciclovías","barrio":"San Nicolas"},"geometry":{"type":"LineString","coordinates":[[-58.389176,-34.609078],[-58.389271,-34.607815]]}},{"type":"Feature","properties":{"nombre":"GORRITI","tipo":"Ciclovías","barrio":"Palermo"},"geometry":{"type":"LineString","coordinates":[[-58.423012,-34.5953],[-58.423638,-34.594805]]}},{"type":"Feature","properties":{"nombre":"GRANADEROS","tipo":"Ciclovías","barrio":"Flores"},"geometry":{"type":"LineString","coordinates":[[-58.458854,-34.627548],[-58.459372,-34.626554],[-58.45945,-34.626405]]}},{"type":"Feature","properties":{"nombre":"RODO, JOSE E.","tipo":"Ciclovías","barrio":"Parque Avellaneda"},"geometry":{"type":"LineString","coordinates":[[-58.483236,-34.642266],[-58.484581,-34.642548]]}},{"type":"Feature","properties":{"nombre":"NEWBERY, JORGE AV.","tipo":"Ciclovías","barrio":"Chacarita"},"geometry":{"type":"LineString","coordinates":[[-58.449217,-34.58383],[-58.449555,-34.584888]]}},{"type":"Feature","properties":{"nombre":"CHIVILCOY AV.","tipo":"Ciclovías mano única","barrio":"Villa Devoto"},"geometry":{"type":"LineString","coordinates":[[-58.505792,-34.606539],[-58.505946,-34.606449],[-58.506814,-34.605473]]}},{"type":"Feature","properties":{"nombre":"PEDRAZA, MANUELA","tipo":"Ciclovías","barrio":"Nuñez"},"geometry":{"type":"LineString","coordinates":[[-58.460642,-34.548395],[-58.461317,-34.548733]]}},{"type":"Feature","properties":{"nombre":"ALVAREZ, JULIAN","tipo":"Ciclovías","barrio":"Villa Crespo"},"geometry":{"type":"LineString","coordinates":[[-58.430838,-34.597277],[-58.430219,-34.596879],[-58.429773,-34.596593]]}},{"type":"Feature","properties":{"nombre":"DIAZ, CNEL. AV.","tipo":"Ciclovías","barrio":"Palermo"},"geometry":{"type":"LineString","coordinates":[[-58.412465,-34.591835],[-58.412393,-34.59175]]}},{"type":"Feature","properties":{"nombre":"RIGLOS","tipo":"Ciclovías","barrio":"Parque Chacabuco"},"geometry":{"type":"LineString","coordinates":[[-58.435649,-34.628287],[-58.435346,-34.629611]]}},{"type":"Feature","properties":{"nombre":"RODO, JOSE E.","tipo":"Ciclovías","barrio":"Parque Avellaneda"},"geometry":{"type":"LineString","coordinates":[[-58.485709,-34.642958],[-58.486406,-34.643559]]}},{"type":"Feature","properties":{"nombre":"VALLE","tipo":"Ciclovías","barrio":"Caballito"},"geometry":{"type":"LineString","coordinates":[[-58.438348,-34.624765],[-58.439263,-34.624858]]}},{"type":"Feature","properties":{"nombre":"DOBLAS","tipo":"Ciclovías","barrio":"Caballito"},"geometry":{"type":"LineString","coordinates":[[-58.43131,-34.619847],[-58.431126,-34.620767],[-58.431093,-34.620931]]}},{"type":"Feature","properties":{"nombre":"DEL LIBERTADOR AV.","tipo":"Ciclovías","barrio":"Belgrano"},"geometry":{"type":"LineString","coordinates":[[-58.454024,-34.549519],[-58.454159,-34.549405]]}},{"type":"Feature","properties":{"nombre":"GORRITI","tipo":"Ciclovías","barrio":"Palermo"},"geometry":{"type":"LineString","coordinates":[[-58.44033,-34.58257],[-58.441377,-34.581787]]}},{"type":"Feature","properties":{"nombre":"IBERA","tipo":"Ciclovías","barrio":"Coghlan"},"geometry":{"type":"LineString","coordinates":[[-58.472756,-34.558054],[-58.473366,-34.558392]]}},{"type":"Feature","properties":{"nombre":"AMENABAR","tipo":"Ciclovías","barrio":"Nuñez"},"geometry":{"type":"LineString","coordinates":[[-58.469317,-34.551155],[-58.470158,-34.550055]]}},{"type":"Feature","properties":{"nombre":"CONGRESO","tipo":"Ciclovías","barrio":"Nuñez"},"geometry":{"type":"LineString","coordinates":[[-58.459473,-34.553876],[-58.46041,-34.554368]]}},{"type":"Feature","properties":{"nombre":"BLANES, JUAN MANUEL","tipo":"Ciclovías","barrio":"La Boca"},"geometry":{"type":"LineString","coordinates":[[-58.362446,-34.631079],[-58.363307,-34.63199]]}},{"type":"Feature","properties":{"nombre":"PRIMERA JUNTA","tipo":"Ciclovías","barrio":"Flores"},"geometry":{"type":"LineString","coordinates":[[-58.46359,-34.643025],[-58.464662,-34.64371]]}},{"type":"Feature","properties":{"nombre":"TACUARI","tipo":"Ciclovías","barrio":"Monserrat"},"geometry":{"type":"LineString","coordinates":[[-58.379022,-34.612944],[-58.379017,-34.613124],[-58.378986,-34.6141]]}},{"type":"Feature","properties":{"nombre":"FRAGATA PRES. SARMIENTO","tipo":"Ciclovías","barrio":"Caballito"},"geometry":{"type":"LineString","coordinates":[[-58.456354,-34.609694],[-58.456887,-34.608936]]}},{"type":"Feature","properties":{"nombre":"SERRANO","tipo":"Ciclovías","barrio":"Palermo"},"geometry":{"type":"LineString","coordinates":[[-58.431715,-34.589719],[-58.43121,-34.589389]]}},{"type":"Feature","properties":{"nombre":"ECUADOR","tipo":"Ciclovías","barrio":"Recoleta"},"geometry":{"type":"LineString","coordinates":[[-58.405589,-34.59804],[-58.405494,-34.597838],[-58.405181,-34.597232]]}},{"type":"Feature","properties":{"nombre":"SERRANO","tipo":"Ciclovías","barrio":"Palermo"},"geometry":{"type":"LineString","coordinates":[[-58.433435,-34.590841],[-58.432171,-34.590017]]}},{"type":"Feature","properties":{"nombre":"CORDOBA AV.","tipo":"Ciclovías mano única","barrio":"Palermo"},"geometry":{"type":"LineString","coordinates":[[-58.424845,-34.597061],[-58.426026,-34.596614],[-58.426242,-34.596511]]}},{"type":"Feature","properties":{"nombre":"JAURETCHE, ARTURO","tipo":"Ciclovías","barrio":"Caballito"},"geometry":{"type":"LineString","coordinates":[[-58.434279,-34.6097],[-58.4357,-34.610296]]}},{"type":"Feature","properties":{"nombre":"FIGUEROA ALCORTA, PRES. AV.","tipo":"Ciclovías","barrio":"Belgrano"},"geometry":{"type":"LineString","coordinates":[[-58.448046,-34.546899],[-58.448775,-34.54679]]}},{"type":"Feature","properties":{"nombre":"GONZALEZ, ELPIDIO","tipo":"Ciclovías","barrio":"Villa Luro"},"geometry":{"type":"LineString","coordinates":[[-58.510168,-34.628457],[-58.51064,-34.628883]]}},{"type":"Feature","properties":{"nombre":"VILELA","tipo":"Ciclovías","barrio":"Saavedra"},"geometry":{"type":"LineString","coordinates":[[-58.480453,-34.549205],[-58.480671,-34.549253],[-58.481015,-34.549343],[-58.481341,-34.549462],[-58.481492,-34.549533]]}},{"type":"Feature","properties":{"nombre":"CORDOBA AV.","tipo":"Ciclovías mano única","barrio":"Recoleta"},"geometry":{"type":"LineString","coordinates":[[-58.39582,-34.599703],[-58.397189,-34.59973]]}},{"type":"Feature","properties":{"nombre":"LINIERS VIRREY","tipo":"Ciclovías","barrio":"Boedo"},"geometry":{"type":"LineString","coordinates":[[-58.413441,-34.626665],[-58.413363,-34.627554],[-58.41335,-34.627687]]}},{"type":"Feature","properties":{"nombre":"MORON","tipo":"Ciclovías","barrio":"Velez Sarsfield"},"geometry":{"type":"LineString","coordinates":[[-58.491407,-34.629481],[-58.492482,-34.630005]]}},{"type":"Feature","properties":{"nombre":"TUCUMAN","tipo":"Ciclovías","barrio":"Balvanera"},"geometry":{"type":"LineString","coordinates":[[-58.409181,-34.600843],[-58.410865,-34.600527]]}},{"type":"Feature","properties":{"nombre":"TACUARI","tipo":"Ciclovías","barrio":"Constitucion"},"geometry":{"type":"LineString","coordinates":[[-58.378732,-34.618522],[-58.378699,-34.619731]]}},{"type":"Feature","properties":{"nombre":"EL MAESTRO","tipo":"Ciclovías","barrio":"Caballito"},"geometry":{"type":"LineString","coordinates":[[-58.431361,-34.616038],[-58.430908,-34.617299],[-58.430873,-34.617425]]}},{"type":"Feature","properties":{"nombre":"GORRITI","tipo":"Ciclovías","barrio":"Palermo"},"geometry":{"type":"LineString","coordinates":[[-58.429187,-34.590688],[-58.430252,-34.590004]]}},{"type":"Feature","properties":{"nombre":"CALVO, CARLOS","tipo":"Ciclovías","barrio":"Constitucion"},"geometry":{"type":"LineString","coordinates":[[-58.380161,-34.619761],[-58.380348,-34.61976],[-58.380445,-34.61976],[-58.380619,-34.619759]]}},{"type":"Feature","properties":{"nombre":"URIBURU JOSE E., PRES.","tipo":"Ciclovías","barrio":"Recoleta"},"geometry":{"type":"LineString","coordinates":[[-58.398525,-34.595389],[-58.398126,-34.594428]]}},{"type":"Feature","properties":{"nombre":"ROCA, CNEL. AV.","tipo":"Ciclovías","barrio":"Villa Riachuelo"},"geometry":{"type":"LineString","coordinates":[[-58.468337,-34.696645],[-58.469573,-34.697776],[-58.469827,-34.698008]]}},{"type":"Feature","properties":{"nombre":"CORRIENTES AV.","tipo":"Ciclovías mano única","barrio":"San Nicolas"},"geometry":{"type":"LineString","coordinates":[[-58.382209,-34.603739],[-58.383715,-34.603827]]}},{"type":"Feature","properties":{"nombre":"BARROS PAZOS, JOSE","tipo":"Ciclovías mano única","barrio":"Villa Riachuelo"},"geometry":{"type":"LineString","coordinates":[[-58.476154,-34.684425],[-58.476914,-34.685111]]}},{"type":"Feature","properties":{"nombre":"OROÑO, NICASIO","tipo":"Ciclovías","barrio":"Paternal"},"geometry":{"type":"LineString","coordinates":[[-58.460014,-34.59906],[-58.459975,-34.598938],[-58.459695,-34.598123],[-58.459652,-34.597995]]}},{"type":"Feature","properties":{"nombre":"HUGO, VICTOR","tipo":"Ciclovías","barrio":"Villa Luro"},"geometry":{"type":"LineString","coordinates":[[-58.507102,-34.632301],[-58.508133,-34.631525]]}},{"type":"Feature","properties":{"nombre":"PATRON","tipo":"Ciclovías","barrio":"Liniers"},"geometry":{"type":"LineString","coordinates":[[-58.517771,-34.650154],[-58.518267,-34.650601]]}},{"type":"Feature","properties":{"nombre":"DEL LIBERTADOR AV.","tipo":"Ciclovías","barrio":"Palermo"},"geometry":{"type":"LineString","coordinates":[[-58.417952,-34.573538],[-58.418176,-34.573432],[-58.419207,-34.572972]]}},{"type":"Feature","properties":{"nombre":"CASARES AV.","tipo":"Ciclovías","barrio":"Palermo"},"geometry":{"type":"LineString","coordinates":[[-58.408218,-34.575254],[-58.407998,-34.575022]]}},{"type":"Feature","properties":{"nombre":"PAVON","tipo":"Ciclovías","barrio":"Constitucion"},"geometry":{"type":"LineString","coordinates":[[-58.38288,-34.625989],[-58.384366,-34.626052]]}},{"type":"Feature","properties":{"nombre":"CUCHA CUCHA","tipo":"Ciclovías","barrio":"Paternal"},"geometry":{"type":"LineString","coordinates":[[-58.457533,-34.601794],[-58.459195,-34.601441]]}},{"type":"Feature","properties":{"nombre":"GRANADEROS","tipo":"Ciclovías","barrio":"Flores"},"geometry":{"type":"LineString","coordinates":[[-58.461202,-34.623006],[-58.4618,-34.621833]]}},{"type":"Feature","properties":{"nombre":"GOLFARINI, JUAN ANGEL, DR.","tipo":"Ciclovías","barrio":"Belgrano"},"geometry":{"type":"LineString","coordinates":[[-58.453079,-34.557055],[-58.453887,-34.556125]]}},{"type":"Feature","properties":{"nombre":"GARCIA, JUAN AGUSTIN","tipo":"Ciclovías","barrio":"Villa Santa Rita"},"geometry":{"type":"LineString","coordinates":[[-58.487297,-34.613074],[-58.487808,-34.61335]]}},{"type":"Feature","properties":{"nombre":"CUBA","tipo":"Ciclovías","barrio":"Nuñez"},"geometry":{"type":"LineString","coordinates":[[-58.466493,-34.547405],[-58.466751,-34.547055]]}},{"type":"Feature","properties":{"nombre":"MANSILLA, LUCIO NORBERTO, GENERAL","tipo":"Ciclovías","barrio":"Palermo"},"geometry":{"type":"LineString","coordinates":[[-58.416486,-34.589729],[-58.416675,-34.589679],[-58.416814,-34.589605]]}},{"type":"Feature","properties":{"nombre":"ESTRADA","tipo":"Ciclovías","barrio":"Parque Chacabuco"},"geometry":{"type":"LineString","coordinates":[[-58.433661,-34.631567],[-58.434858,-34.631745]]}},{"type":"Feature","properties":{"nombre":"ZAPATA","tipo":"Ciclovías","barrio":"Colegiales"},"geometry":{"type":"LineString","coordinates":[[-58.442794,-34.572356],[-58.44334,-34.571999]]}},{"type":"Feature","properties":{"nombre":"SUIPACHA","tipo":"Ciclovías","barrio":"San Nicolas"},"geometry":{"type":"LineString","coordinates":[[-58.379671,-34.600132],[-58.379734,-34.599161],[-58.379746,-34.598971]]}},{"type":"Feature","properties":{"nombre":"SUPERI","tipo":"Ciclovías","barrio":"Belgrano"},"geometry":{"type":"LineString","coordinates":[[-58.46816,-34.565997],[-58.468962,-34.565074]]}},{"type":"Feature","properties":{"nombre":"OBLIGADO RAFAEL, AV.COSTANERA","tipo":"Ciclovías","barrio":"Palermo"},"geometry":{"type":"LineString","coordinates":[[-58.407507,-34.560578],[-58.407584,-34.560421],[-58.40861,-34.559367]]}},{"type":"Feature","properties":{"nombre":"AZOPARDO","tipo":"Ciclovías","barrio":"Monserrat"},"geometry":{"type":"LineString","coordinates":[[-58.368023,-34.611746],[-58.367989,-34.612026],[-58.367967,-34.612221]]}},{"type":"Feature","properties":{"nombre":"COMPLEJO CIUDAD UNIVERSITARIA (SIN NOMBRE OFICIAL)","tipo":"Ciclovías","barrio":"Belgrano"},"geometry":{"type":"LineString","coordinates":[[-58.44897,-34.539163],[-58.449121,-34.539037],[-58.44926,-34.539039],[-58.449412,-34.539192]]}},{"type":"Feature","properties":{"nombre":"POTOSI","tipo":"Ciclovías","barrio":"Almagro"},"geometry":{"type":"LineString","coordinates":[[-58.418667,-34.607286],[-58.419965,-34.607277]]}},{"type":"Feature","properties":{"nombre":"DEL LIBERTADOR AV.","tipo":"Ciclovías","barrio":"Palermo"},"geometry":{"type":"LineString","coordinates":[[-58.419207,-34.572972],[-58.419502,-34.572839],[-58.420025,-34.572603]]}},{"type":"Feature","properties":{"nombre":"DEL LIBERTADOR AV.","tipo":"Ciclovías","barrio":"Palermo"},"geometry":{"type":"LineString","coordinates":[[-58.431229,-34.566776],[-58.432247,-34.56617]]}},{"type":"Feature","properties":{"nombre":"TRONADOR","tipo":"Ciclovías","barrio":"Coghlan"},"geometry":{"type":"LineString","coordinates":[[-58.480994,-34.560479],[-58.481046,-34.560406]]}},{"type":"Feature","properties":{"nombre":"MOLDES","tipo":"Ciclovías","barrio":"Colegiales"},"geometry":{"type":"LineString","coordinates":[[-58.452081,-34.570133],[-58.45292,-34.569648]]}},{"type":"Feature","properties":{"nombre":"LA PAMPA","tipo":"Ciclovías","barrio":"Villa Urquiza"},"geometry":{"type":"LineString","coordinates":[[-58.471806,-34.575033],[-58.471959,-34.57512],[-58.472743,-34.575572]]}},{"type":"Feature","properties":{"nombre":"SERRANO","tipo":"Ciclovías","barrio":"Villa Crespo"},"geometry":{"type":"LineString","coordinates":[[-58.437812,-34.593511],[-58.436708,-34.592851]]}},{"type":"Feature","properties":{"nombre":"DON PEDRO DE MENDOZA AV.","tipo":"Ciclovías","barrio":"La Boca"},"geometry":{"type":"LineString","coordinates":[[-58.360208,-34.641286],[-58.359653,-34.641425],[-58.359145,-34.641563],[-58.358654,-34.641726]]}},{"type":"Feature","properties":{"nombre":"ALVEAR, MARCELO T. DE","tipo":"Ciclovías","barrio":"Retiro"},"geometry":{"type":"LineString","coordinates":[[-58.384178,-34.596902],[-58.385445,-34.596961],[-58.385653,-34.596971]]}},{"type":"Feature","properties":{"nombre":"OLLEROS AV.","tipo":"Ciclovías","barrio":"Palermo"},"geometry":{"type":"LineString","coordinates":[[-58.43629,-34.563426],[-58.436309,-34.563507],[-58.436409,-34.563695]]}},{"type":"Feature","properties":{"nombre":"ESTIVAO","tipo":"Ciclovías","barrio":"Caballito"},"geometry":{"type":"LineString","coordinates":[[-58.431585,-34.607456],[-58.432355,-34.607777]]}},{"type":"Feature","properties":{"nombre":"CORRIENTES AV.","tipo":"Ciclovías mano única","barrio":"Villa Crespo"},"geometry":{"type":"LineString","coordinates":[[-58.437602,-34.600264],[-58.438766,-34.599874]]}},{"type":"Feature","properties":{"nombre":"TACUARI","tipo":"Ciclovías","barrio":"Barracas"},"geometry":{"type":"LineString","coordinates":[[-58.374794,-34.629913],[-58.374649,-34.630078],[-58.374337,-34.630403]]}},{"type":"Feature","properties":{"nombre":"DEL LIBERTADOR AV.","tipo":"Ciclovías","barrio":"Nuñez"},"geometry":{"type":"LineString","coordinates":[[-58.461295,-34.543328],[-58.461984,-34.542688]]}},{"type":"Feature","properties":{"nombre":"COMPLEJO CIUDAD UNIVERSITARIA (SIN NOMBRE OFICIAL)","tipo":"Ciclovías","barrio":"Belgrano"},"geometry":{"type":"LineString","coordinates":[[-58.449679,-34.539523],[-58.449412,-34.539192]]}},{"type":"Feature","properties":{"nombre":"COMPLEJO PARQUE DE LOS NIÑOS (SIN NOMBRE OFICIAL)","tipo":"Ciclovías","barrio":"Nuñez"},"geometry":{"type":"LineString","coordinates":[[-58.454521,-34.530718],[-58.455053,-34.530135]]}},{"type":"Feature","properties":{"nombre":"ROSETI","tipo":"Ciclovías","barrio":"Chacarita"},"geometry":{"type":"LineString","coordinates":[[-58.445403,-34.586624],[-58.447465,-34.585765]]}},{"type":"Feature","properties":{"nombre":"BOLIVAR","tipo":"Ciclovías","barrio":"Monserrat"},"geometry":{"type":"LineString","coordinates":[[-58.373518,-34.608024],[-58.373515,-34.608173],[-58.373508,-34.608512]]}},{"type":"Feature","properties":{"nombre":"BLANES, JUAN MANUEL","tipo":"Ciclovías","barrio":"La Boca"},"geometry":{"type":"LineString","coordinates":[[-58.359843,-34.628442],[-58.359943,-34.628548]]}},{"type":"Feature","properties":{"nombre":"DIAZ, CESAR, GRAL.","tipo":"Ciclovías","barrio":"Villa Santa Rita"},"geometry":{"type":"LineString","coordinates":[[-58.48586,-34.618015],[-58.486858,-34.618897]]}},{"type":"Feature","properties":{"nombre":"CHILE","tipo":"Ciclovías","barrio":"Balvanera"},"geometry":{"type":"LineString","coordinates":[[-58.396056,-34.617196],[-58.39628,-34.617215],[-58.397627,-34.617326]]}},{"type":"Feature","properties":{"nombre":"USPALLATA","tipo":"Ciclovías","barrio":"Parque Patricios"},"geometry":{"type":"LineString","coordinates":[[-58.396579,-34.637924],[-58.397621,-34.638109],[-58.398006,-34.63818]]}},{"type":"Feature","properties":{"nombre":"CEVALLOS, VIRREY","tipo":"Ciclovías","barrio":"Constitucion"},"geometry":{"type":"LineString","coordinates":[[-58.387945,-34.630116],[-58.387931,-34.630234],[-58.38783,-34.631171],[-58.387808,-34.63132]]}},{"type":"Feature","properties":{"nombre":"CORRIENTES AV.","tipo":"Ciclovías mano única","barrio":"Almagro"},"geometry":{"type":"LineString","coordinates":[[-58.418034,-34.603468],[-58.419512,-34.603319]]}},{"type":"Feature","properties":{"nombre":"HORNOS, GRAL.","tipo":"Ciclovías","barrio":"Barracas"},"geometry":{"type":"LineString","coordinates":[[-58.375242,-34.644],[-58.37517,-34.64429],[-58.37514,-34.644421]]}},{"type":"Feature","properties":{"nombre":"GURRUCHAGA","tipo":"Ciclovías","barrio":"Villa Crespo"},"geometry":{"type":"LineString","coordinates":[[-58.446151,-34.6009],[-58.445754,-34.600575]]}},{"type":"Feature","properties":{"nombre":"VALLESE, FELIPE","tipo":"Ciclovías","barrio":"Caballito"},"geometry":{"type":"LineString","coordinates":[[-58.441135,-34.611477],[-58.442141,-34.611862]]}},{"type":"Feature","properties":{"nombre":"ESTADO PLURINACIONAL DE BOLIVIA","tipo":"Ciclovías","barrio":"Agronomia"},"geometry":{"type":"LineString","coordinates":[[-58.492907,-34.590682],[-58.493529,-34.589993]]}},{"type":"Feature","properties":{"nombre":"GALLARDO, ANGEL AV.","tipo":"Ciclovías mano única","barrio":"Villa Crespo"},"geometry":{"type":"LineString","coordinates":[[-58.4322,-34.602072],[-58.432242,-34.602133],[-58.433143,-34.602578]]}},{"type":"Feature","properties":{"nombre":"GONZALEZ, ELPIDIO","tipo":"Ciclovías","barrio":"Villa Luro"},"geometry":{"type":"LineString","coordinates":[[-58.51064,-34.628883],[-58.511106,-34.629304]]}},{"type":"Feature","properties":{"nombre":"OROÑO, NICASIO","tipo":"Ciclovías","barrio":"Paternal"},"geometry":{"type":"LineString","coordinates":[[-58.459652,-34.597995],[-58.459209,-34.596693]]}},{"type":"Feature","properties":{"nombre":"PEDRAZA, MANUELA","tipo":"Ciclovías","barrio":"Coghlan"},"geometry":{"type":"LineString","coordinates":[[-58.481452,-34.559832],[-58.481591,-34.559907],[-58.482475,-34.560384]]}},{"type":"Feature","properties":{"nombre":"POLA","tipo":"Ciclovías","barrio":"Mataderos"},"geometry":{"type":"LineString","coordinates":[[-58.502307,-34.648428],[-58.501738,-34.648881]]}},{"type":"Feature","properties":{"nombre":"PUAN","tipo":"Ciclovías","barrio":"Parque Chacabuco"},"geometry":{"type":"LineString","coordinates":[[-58.445103,-34.632025],[-58.444728,-34.632883]]}},{"type":"Feature","properties":{"nombre":"PATRON","tipo":"Ciclovías","barrio":"Liniers"},"geometry":{"type":"LineString","coordinates":[[-58.516388,-34.648916],[-58.517099,-34.649552]]}},{"type":"Feature","properties":{"nombre":"RODO, JOSE E.","tipo":"Ciclovías","barrio":"Mataderos"},"geometry":{"type":"LineString","coordinates":[[-58.499787,-34.654947],[-58.500765,-34.655761]]}},{"type":"Feature","properties":{"nombre":"ECHEVERRIA","tipo":"Ciclovías","barrio":"Belgrano"},"geometry":{"type":"LineString","coordinates":[[-58.451262,-34.560253],[-58.452151,-34.560781]]}},{"type":"Feature","properties":{"nombre":"URIBURU JOSE E., PRES.","tipo":"Ciclovías","barrio":"Balvanera"},"geometry":{"type":"LineString","coordinates":[[-58.398373,-34.603304],[-58.398489,-34.602304],[-58.3985,-34.602203]]}},{"type":"Feature","properties":{"nombre":"VALLESE, FELIPE","tipo":"Ciclovías","barrio":"Caballito"},"geometry":{"type":"LineString","coordinates":[[-58.446457,-34.613491],[-58.446591,-34.61354],[-58.447441,-34.61389]]}},{"type":"Feature","properties":{"nombre":"ARENALES","tipo":"Ciclovías","barrio":"Recoleta"},"geometry":{"type":"LineString","coordinates":[[-58.389201,-34.594695],[-58.38974,-34.59436],[-58.390064,-34.594274]]}},{"type":"Feature","properties":{"nombre":"BARROS PAZOS, JOSE","tipo":"Ciclovías mano única","barrio":"Villa Riachuelo"},"geometry":{"type":"LineString","coordinates":[[-58.477675,-34.685797],[-58.478438,-34.686487]]}},{"type":"Feature","properties":{"nombre":"CEVALLOS, VIRREY","tipo":"Ciclovías","barrio":"Constitucion"},"geometry":{"type":"LineString","coordinates":[[-58.388968,-34.617996],[-58.388917,-34.618872]]}},{"type":"Feature","properties":{"nombre":"SASTRE, MARCOS","tipo":"Ciclovías","barrio":"Monte Castro"},"geometry":{"type":"LineString","coordinates":[[-58.503687,-34.612664],[-58.503911,-34.612796],[-58.5044,-34.613084],[-58.504558,-34.613175]]}},{"type":"Feature","properties":{"nombre":"RIVADAVIA AV.","tipo":"Ciclovías","barrio":"Caballito"},"geometry":{"type":"LineString","coordinates":[[-58.431636,-34.61616],[-58.432213,-34.616416]]}},{"type":"Feature","properties":{"nombre":"AZCUENAGA","tipo":"Ciclovías","barrio":"Recoleta"},"geometry":{"type":"LineString","coordinates":[[-58.395189,-34.587734],[-58.395062,-34.58758],[-58.394411,-34.586817]]}},{"type":"Feature","properties":{"nombre":"BOLIVAR","tipo":"Ciclovías","barrio":"Monserrat"},"geometry":{"type":"LineString","coordinates":[[-58.373188,-34.614854],[-58.373182,-34.614957],[-58.373132,-34.616029]]}},{"type":"Feature","properties":{"nombre":"PEDERNERA","tipo":"Ciclovías","barrio":"Flores"},"geometry":{"type":"LineString","coordinates":[[-58.453004,-34.642876],[-58.452314,-34.643422]]}},{"type":"Feature","properties":{"nombre":"VERA PEÑALOZA,  ROSARIO","tipo":"Ciclovías","barrio":"Puerto Madero"},"geometry":{"type":"LineString","coordinates":[[-58.361943,-34.617418],[-58.361845,-34.617397],[-58.361754,-34.617401]]}},{"type":"Feature","properties":{"nombre":"BONIFACIO, JOSE","tipo":"Ciclovías","barrio":"Flores"},"geometry":{"type":"LineString","coordinates":[[-58.469485,-34.634931],[-58.469633,-34.634976],[-58.47067,-34.635299]]}},{"type":"Feature","properties":{"nombre":"GONZALEZ, ELPIDIO","tipo":"Ciclovías","barrio":"Monte Castro"},"geometry":{"type":"LineString","coordinates":[[-58.504455,-34.623304],[-58.505133,-34.623863]]}},{"type":"Feature","properties":{"nombre":"PASEO COLON AV.","tipo":"Ciclovías","barrio":"San Telmo"},"geometry":{"type":"LineString","coordinates":[[-58.368064,-34.624071],[-58.367979,-34.625008],[-58.367975,-34.625194]]}},{"type":"Feature","properties":{"nombre":"RABANAL, FRANCISCO, INTENDENTE AV.","tipo":"Ciclovías","barrio":"Villa Soldati"},"geometry":{"type":"LineString","coordinates":[[-58.431808,-34.662069],[-58.43285,-34.662641],[-58.433082,-34.662718]]}},{"type":"Feature","properties":{"nombre":"CALVO, CARLOS","tipo":"Ciclovías","barrio":"Constitucion"},"geometry":{"type":"LineString","coordinates":[[-58.3902,-34.620136],[-58.390411,-34.620149],[-58.391313,-34.620204],[-58.391626,-34.620223]]}},{"type":"Feature","properties":{"nombre":"ALVAREZ, JULIAN","tipo":"Ciclovías","barrio":"Villa Crespo"},"geometry":{"type":"LineString","coordinates":[[-58.434073,-34.599347],[-58.432995,-34.598658]]}},{"type":"Feature","properties":{"nombre":"ALVAREZ, JULIAN","tipo":"Ciclovías","barrio":"Palermo"},"geometry":{"type":"LineString","coordinates":[[-58.417916,-34.588686],[-58.417069,-34.588185]]}},{"type":"Feature","properties":{"nombre":"GONZALEZ, ELPIDIO","tipo":"Ciclovías","barrio":"Monte Castro"},"geometry":{"type":"LineString","coordinates":[[-58.499274,-34.620518],[-58.499752,-34.620778]]}},{"type":"Feature","properties":{"nombre":"TRES ARROYOS","tipo":"Ciclovías","barrio":"Villa Crespo"},"geometry":{"type":"LineString","coordinates":[[-58.451585,-34.604153],[-58.452569,-34.604763]]}},{"type":"Feature","properties":{"nombre":"GORRITI","tipo":"Ciclovías","barrio":"Palermo"},"geometry":{"type":"LineString","coordinates":[[-58.418534,-34.595471],[-58.419781,-34.595423]]}},{"type":"Feature","properties":{"nombre":"BOLIVAR","tipo":"Ciclovías","barrio":"Monserrat"},"geometry":{"type":"LineString","coordinates":[[-58.373508,-34.608512],[-58.3735,-34.608932],[-58.373503,-34.609028]]}},{"type":"Feature","properties":{"nombre":"ARENALES","tipo":"Ciclovías","barrio":"Retiro"},"geometry":{"type":"LineString","coordinates":[[-58.385824,-34.594563],[-58.385916,-34.594571],[-58.387143,-34.594631],[-58.387294,-34.594644]]}},{"type":"Feature","properties":{"nombre":"FOREST AV.","tipo":"Ciclovías mano única","barrio":"Chacarita"},"geometry":{"type":"LineString","coordinates":[[-58.457983,-34.580756],[-58.458903,-34.579746]]}},{"type":"Feature","properties":{"nombre":"GALLARDO, ANGEL AV.","tipo":"Ciclovías mano única","barrio":"Villa Crespo"},"geometry":{"type":"LineString","coordinates":[[-58.433143,-34.602578],[-58.433336,-34.602673]]}},{"type":"Feature","properties":{"nombre":"FINOCHIETTO ENRIQUE DR.","tipo":"Ciclovías mano única","barrio":"Barracas"},"geometry":{"type":"LineString","coordinates":[[-58.386442,-34.634637],[-58.387883,-34.635019]]}},{"type":"Feature","properties":{"nombre":"ALVEAR, MARCELO T. DE","tipo":"Ciclovías","barrio":"Recoleta"},"geometry":{"type":"LineString","coordinates":[[-58.39181,-34.597218],[-58.393195,-34.597231]]}},{"type":"Feature","properties":{"nombre":"USPALLATA","tipo":"Ciclovías","barrio":"Barracas"},"geometry":{"type":"LineString","coordinates":[[-58.372778,-34.630252],[-58.373463,-34.630961]]}},{"type":"Feature","properties":{"nombre":"TREINTA Y TRES ORIENTALES","tipo":"Ciclovías","barrio":"Boedo"},"geometry":{"type":"LineString","coordinates":[[-58.42268,-34.627101],[-58.422529,-34.627742]]}},{"type":"Feature","properties":{"nombre":"PATRICIAS ARGENTINAS AV.","tipo":"Ciclovías","barrio":"Caballito"},"geometry":{"type":"LineString","coordinates":[[-58.4334,-34.607979],[-58.433375,-34.607954],[-58.433308,-34.607879],[-58.433196,-34.607743],[-58.433166,-34.607703],[-58.433107,-34.607615]]}},{"type":"Feature","properties":{"nombre":"RABANAL, FRANCISCO, INTENDENTE AV.","tipo":"Ciclovías","barrio":"Nueva Pompeya"},"geometry":{"type":"LineString","coordinates":[[-58.423317,-34.657445],[-58.424348,-34.657935],[-58.424482,-34.658001]]}},{"type":"Feature","properties":{"nombre":"BOLIVAR","tipo":"Ciclovías","barrio":"San Telmo"},"geometry":{"type":"LineString","coordinates":[[-58.373132,-34.616029],[-58.373128,-34.616116],[-58.373087,-34.617157]]}},{"type":"Feature","properties":{"nombre":"BOLIVAR","tipo":"Ciclovías","barrio":"San Telmo"},"geometry":{"type":"LineString","coordinates":[[-58.373023,-34.618503],[-58.373009,-34.618621],[-58.372953,-34.619477],[-58.372942,-34.619603]]}},{"type":"Feature","properties":{"nombre":"LINIERS VIRREY","tipo":"Ciclovías","barrio":"Boedo"},"geometry":{"type":"LineString","coordinates":[[-58.413253,-34.628739],[-58.413181,-34.629525]]}},{"type":"Feature","properties":{"nombre":"USPALLATA","tipo":"Ciclovías","barrio":"Parque Patricios"},"geometry":{"type":"LineString","coordinates":[[-58.390167,-34.63651],[-58.390496,-34.636586],[-58.391196,-34.636749]]}},{"type":"Feature","properties":{"nombre":"DEL LIBERTADOR AV.","tipo":"Ciclovías","barrio":"Nuñez"},"geometry":{"type":"LineString","coordinates":[[-58.46433,-34.539881],[-58.464836,-34.539063]]}},{"type":"Feature","properties":{"nombre":"ALSINA, ADOLFO","tipo":"Ciclovías","barrio":"Balvanera"},"geometry":{"type":"LineString","coordinates":[[-58.40557,-34.612421],[-58.406944,-34.612503]]}},{"type":"Feature","properties":{"nombre":"HORNOS, GRAL.","tipo":"Ciclovías","barrio":"Barracas"},"geometry":{"type":"LineString","coordinates":[[-58.377459,-34.633355],[-58.377391,-34.633576],[-58.377184,-34.63452],[-58.377137,-34.634712]]}},{"type":"Feature","properties":{"nombre":"RIVADAVIA MARTIN, COMODORO","tipo":"Ciclovías","barrio":"Nuñez"},"geometry":{"type":"LineString","coordinates":[[-58.466493,-34.547405],[-58.466941,-34.54763],[-58.46722,-34.547776],[-58.467437,-34.547872]]}},{"type":"Feature","properties":{"nombre":"ROCA, CNEL. AV.","tipo":"Ciclovías","barrio":"Villa Soldati"},"geometry":{"type":"LineString","coordinates":[[-58.4469,-34.674553],[-58.447502,-34.675549],[-58.448055,-34.676441]]}},{"type":"Feature","properties":{"nombre":"ACUÑA DE FIGUEROA, FRANCISCO","tipo":"Ciclovías","barrio":"Palermo"},"geometry":{"type":"LineString","coordinates":[[-58.421517,-34.596431],[-58.421302,-34.595365]]}},{"type":"Feature","properties":{"nombre":"CULPINA","tipo":"Ciclovías","barrio":"Flores"},"geometry":{"type":"LineString","coordinates":[[-58.462146,-34.638593],[-58.460849,-34.639549]]}},{"type":"Feature","properties":{"nombre":"ALSINA, ADOLFO","tipo":"Ciclovías","barrio":"Balvanera"},"geometry":{"type":"LineString","coordinates":[[-58.408716,-34.61261],[-58.410074,-34.612692]]}},{"type":"Feature","properties":{"nombre":"SAN JUAN AV.","tipo":"Ciclovías","barrio":"San Cristobal"},"geometry":{"type":"LineString","coordinates":[[-58.394947,-34.622945],[-58.395368,-34.622973]]}},{"type":"Feature","properties":{"nombre":"BILBAO, FRANCISCO","tipo":"Ciclovías","barrio":"Flores"},"geometry":{"type":"LineString","coordinates":[[-58.453871,-34.632533],[-58.454993,-34.632889]]}},{"type":"Feature","properties":{"nombre":"TUCUMAN","tipo":"Ciclovías","barrio":"Almagro"},"geometry":{"type":"LineString","coordinates":[[-58.412281,-34.600243],[-58.413438,-34.600009],[-58.413721,-34.599939]]}},{"type":"Feature","properties":{"nombre":"RIGLOS","tipo":"Ciclovías","barrio":"Caballito"},"geometry":{"type":"LineString","coordinates":[[-58.4362,-34.625989],[-58.436052,-34.626522]]}},{"type":"Feature","properties":{"nombre":"ECUADOR","tipo":"Ciclovías","barrio":"Balvanera"},"geometry":{"type":"LineString","coordinates":[[-58.407815,-34.604257],[-58.40741,-34.603022]]}},{"type":"Feature","properties":{"nombre":"ALVEAR, MARCELO T. DE","tipo":"Ciclovías","barrio":"Recoleta"},"geometry":{"type":"LineString","coordinates":[[-58.394769,-34.597269],[-58.395971,-34.597302],[-58.396103,-34.597298]]}},{"type":"Feature","properties":{"nombre":"MOREAU DE JUSTO, ALICIA AV.","tipo":"Ciclovías","barrio":"Puerto Madero"},"geometry":{"type":"LineString","coordinates":[[-58.365827,-34.616832],[-58.3657,-34.617851],[-58.365719,-34.617976]]}},{"type":"Feature","properties":{"nombre":"ROCA, CNEL. AV.","tipo":"Ciclovías","barrio":"Villa Riachuelo"},"geometry":{"type":"LineString","coordinates":[[-58.456499,-34.68593],[-58.457165,-34.686603],[-58.457993,-34.687308]]}},{"type":"Feature","properties":{"nombre":"LA PAMPA","tipo":"Ciclovías","barrio":"Villa Urquiza"},"geometry":{"type":"LineString","coordinates":[[-58.472743,-34.575572],[-58.472887,-34.575655],[-58.473547,-34.576033],[-58.473685,-34.576108]]}},{"type":"Feature","properties":{"nombre":"ESTADO PLURINACIONAL DE BOLIVIA","tipo":"Ciclovías","barrio":"Agronomia"},"geometry":{"type":"LineString","coordinates":[[-58.492239,-34.59142],[-58.492907,-34.590682]]}},{"type":"Feature","properties":{"nombre":"GRIVEO","tipo":"Ciclovías","barrio":"Villa Pueyrredon"},"geometry":{"type":"LineString","coordinates":[[-58.506382,-34.586192],[-58.50704,-34.586597]]}},{"type":"Feature","properties":{"nombre":"URIBURU JOSE E., PRES.","tipo":"Ciclovías","barrio":"Recoleta"},"geometry":{"type":"LineString","coordinates":[[-58.399035,-34.598286],[-58.398888,-34.597126],[-58.398872,-34.597048]]}},{"type":"Feature","properties":{"nombre":"GARCIA DEL RIO","tipo":"Ciclovías","barrio":"Saavedra"},"geometry":{"type":"LineString","coordinates":[[-58.477665,-34.551145],[-58.477742,-34.551214],[-58.478018,-34.551417],[-58.478221,-34.551548],[-58.478452,-34.551663],[-58.478543,-34.551707]]}},{"type":"Feature","properties":{"nombre":"BLANCO ENCALADA","tipo":"Ciclovías","barrio":"Belgrano"},"geometry":{"type":"LineString","coordinates":[[-58.471866,-34.566799],[-58.472783,-34.567354]]}},{"type":"Feature","properties":{"nombre":"TRES ARROYOS","tipo":"Ciclovías","barrio":"Caballito"},"geometry":{"type":"LineString","coordinates":[[-58.454003,-34.605651],[-58.454468,-34.605913]]}},{"type":"Feature","properties":{"nombre":"SUPERI","tipo":"Ciclovías","barrio":"Coghlan"},"geometry":{"type":"LineString","coordinates":[[-58.474325,-34.558914],[-58.475028,-34.557997]]}},{"type":"Feature","properties":{"nombre":"STORNI ALFONSINA","tipo":"Ciclovías","barrio":"Saavedra"},"geometry":{"type":"LineString","coordinates":[[-58.502693,-34.565789],[-58.5028,-34.56528]]}},{"type":"Feature","properties":{"nombre":"LINIERS VIRREY","tipo":"Ciclovías","barrio":"Boedo"},"geometry":{"type":"LineString","coordinates":[[-58.413074,-34.630672],[-58.413054,-34.630878],[-58.413011,-34.631317]]}},{"type":"Feature","properties":{"nombre":"DEL LIBERTADOR AV.","tipo":"Ciclovías","barrio":"Palermo"},"geometry":{"type":"LineString","coordinates":[[-58.410942,-34.5768],[-58.41175,-34.576435]]}},{"type":"Feature","properties":{"nombre":"FIGUEROA ALCORTA, PRES. AV.","tipo":"Ciclovías","barrio":"Palermo"},"geometry":{"type":"LineString","coordinates":[[-58.427252,-34.559367],[-58.427357,-34.559284]]}},{"type":"Feature","properties":{"nombre":"ZAÑARTU","tipo":"Ciclovías","barrio":"Parque Chacabuco"},"geometry":{"type":"LineString","coordinates":[[-58.427953,-34.638768],[-58.428123,-34.638799],[-58.429083,-34.638974]]}},{"type":"Feature","properties":{"nombre":"POLA","tipo":"Ciclovías","barrio":"Liniers"},"geometry":{"type":"LineString","coordinates":[[-58.51264,-34.640426],[-58.511904,-34.640988]]}},{"type":"Feature","properties":{"nombre":"BARROS PAZOS, JOSE","tipo":"Ciclovías mano única","barrio":"Villa Lugano"},"geometry":{"type":"LineString","coordinates":[[-58.473537,-34.682095],[-58.474117,-34.682601]]}},{"type":"Feature","properties":{"nombre":"BLANCO ENCALADA","tipo":"Ciclovías","barrio":"Villa Urquiza"},"geometry":{"type":"LineString","coordinates":[[-58.491272,-34.578433],[-58.491408,-34.578514],[-58.492335,-34.579059]]}},{"type":"Feature","properties":{"nombre":"DEAN FUNES","tipo":"Ciclovías","barrio":"Parque Patricios"},"geometry":{"type":"LineString","coordinates":[[-58.405552,-34.629296],[-58.405005,-34.630191],[-58.404971,-34.630376]]}},{"type":"Feature","properties":{"nombre":"ARTIGAS, JOSE GERVASIO, GRAL.","tipo":"Ciclovías","barrio":"Villa Gral. Mitre"},"geometry":{"type":"LineString","coordinates":[[-58.469094,-34.617797],[-58.469923,-34.616756]]}},{"type":"Feature","properties":{"nombre":"BEIRO, FRANCISCO AV.","tipo":"Ciclovías","barrio":"Agronomia"},"geometry":{"type":"LineString","coordinates":[[-58.490627,-34.592776],[-58.491137,-34.59309]]}},{"type":"Feature","properties":{"nombre":"PICHEUTA","tipo":"Ciclovías","barrio":"Parque Chacabuco"},"geometry":{"type":"LineString","coordinates":[[-58.435709,-34.634623],[-58.435475,-34.635363]]}},{"type":"Feature","properties":{"nombre":"ALVAREZ, JULIAN","tipo":"Ciclovías","barrio":"Palermo"},"geometry":{"type":"LineString","coordinates":[[-58.422545,-34.591661],[-58.422457,-34.5916]]}},{"type":"Feature","properties":{"nombre":"AZCUENAGA","tipo":"Ciclovías","barrio":"Recoleta"},"geometry":{"type":"LineString","coordinates":[[-58.398745,-34.592497],[-58.398371,-34.591914],[-58.398106,-34.591507]]}},{"type":"Feature","properties":{"nombre":"FIGUEROA ALCORTA, PRES. AV.","tipo":"Ciclovías","barrio":"Palermo"},"geometry":{"type":"LineString","coordinates":[[-58.417961,-34.566739],[-58.418406,-34.566512],[-58.418495,-34.566465],[-58.418549,-34.566436],[-58.418604,-34.566404],[-58.418648,-34.566377],[-58.418704,-34.56634],[-58.418806,-34.56627],[-58.418857,-34.566234],[-58.418923,-34.566186],[-58.418965,-34.566155],[-58.419007,-34.566123],[-58.419075,-34.566069],[-58.419178,-34.565988],[-58.41923,-34.565948],[-58.419282,-34.565907],[-58.41935,-34.565855],[-58.419452,-34.565776],[-58.419504,-34.565737],[-58.419556,-34.565698],[-58.419608,-34.56566],[-58.419693,-34.565601],[-58.41983,-34.56553]]}},{"type":"Feature","properties":{"nombre":"RONDEAU","tipo":"Ciclovías","barrio":"Boedo"},"geometry":{"type":"LineString","coordinates":[[-58.422095,-34.637754],[-58.422848,-34.63789]]}},{"type":"Feature","properties":{"nombre":"RAWSON","tipo":"Ciclovías","barrio":"Almagro"},"geometry":{"type":"LineString","coordinates":[[-58.426249,-34.608668],[-58.426256,-34.608531],[-58.426182,-34.607278]]}},{"type":"Feature","properties":{"nombre":"ROCA, CNEL. AV.","tipo":"Ciclovías","barrio":"Villa Riachuelo"},"geometry":{"type":"LineString","coordinates":[[-58.455075,-34.684465],[-58.455856,-34.685192]]}},{"type":"Feature","properties":{"nombre":"DEL LIBERTADOR AV.","tipo":"Ciclovías","barrio":"Belgrano"},"geometry":{"type":"LineString","coordinates":[[-58.446872,-34.557637],[-58.447695,-34.55668]]}},{"type":"Feature","properties":{"nombre":"COMPLEJO PARQUE DE LOS NIÑOS (SIN NOMBRE OFICIAL)","tipo":"Ciclovías","barrio":"Nuñez"},"geometry":{"type":"LineString","coordinates":[[-58.464706,-34.533678],[-58.464613,-34.533785],[-58.464496,-34.533848],[-58.464203,-34.533934],[-58.464012,-34.533976],[-58.463901,-34.534016]]}},{"type":"Feature","properties":{"nombre":"VALLESE, FELIPE","tipo":"Ciclovías","barrio":"Caballito"},"geometry":{"type":"LineString","coordinates":[[-58.446191,-34.613394],[-58.446457,-34.613491]]}},{"type":"Feature","properties":{"nombre":"GARCIA, TEODORO","tipo":"Ciclovías","barrio":"Palermo"},"geometry":{"type":"LineString","coordinates":[[-58.440601,-34.5639],[-58.441269,-34.56461]]}},{"type":"Feature","properties":{"nombre":"ESTADOS UNIDOS","tipo":"Ciclovías","barrio":"Boedo"},"geometry":{"type":"LineString","coordinates":[[-58.423478,-34.623146],[-58.424859,-34.623305]]}},{"type":"Feature","properties":{"nombre":"CORRIENTES AV.","tipo":"Ciclovías mano única","barrio":"Balvanera"},"geometry":{"type":"LineString","coordinates":[[-58.40214,-34.604713],[-58.403634,-34.60475]]}},{"type":"Feature","properties":{"nombre":"MELIAN AV.","tipo":"Ciclovías","barrio":"Saavedra"},"geometry":{"type":"LineString","coordinates":[[-58.482797,-34.551133],[-58.482796,-34.550942]]}},{"type":"Feature","properties":{"nombre":"GARCIA, TEODORO","tipo":"Ciclovías","barrio":"Palermo"},"geometry":{"type":"LineString","coordinates":[[-58.442355,-34.56584],[-58.443052,-34.566631]]}},{"type":"Feature","properties":{"nombre":"BILLINGHURST","tipo":"Ciclovías","barrio":"Almagro"},"geometry":{"type":"LineString","coordinates":[[-58.414906,-34.599449],[-58.41463,-34.597897]]}},{"type":"Feature","properties":{"nombre":"BALBASTRO","tipo":"Ciclovías","barrio":"Flores"},"geometry":{"type":"LineString","coordinates":[[-58.448055,-34.642933],[-58.448213,-34.643075],[-58.449462,-34.644139]]}},{"type":"Feature","properties":{"nombre":"LAUTARO","tipo":"Ciclovías","barrio":"Flores"},"geometry":{"type":"LineString","coordinates":[[-58.455488,-34.63185],[-58.454993,-34.632889]]}},{"type":"Feature","properties":{"nombre":"FREIRE, RAMON, CAP. GRAL.","tipo":"Ciclovías","barrio":"Colegiales"},"geometry":{"type":"LineString","coordinates":[[-58.442284,-34.580728],[-58.443067,-34.580169],[-58.443441,-34.580159],[-58.443613,-34.580106]]}},{"type":"Feature","properties":{"nombre":"MONTEVIDEO","tipo":"Ciclovías","barrio":"Recoleta"},"geometry":{"type":"LineString","coordinates":[[-58.38594,-34.589786],[-58.384953,-34.588792]]}},{"type":"Feature","properties":{"nombre":"FRAGATA PRES. SARMIENTO","tipo":"Ciclovías","barrio":"Caballito"},"geometry":{"type":"LineString","coordinates":[[-58.450231,-34.618867],[-58.450702,-34.618],[-58.450785,-34.617877]]}},{"type":"Feature","properties":{"nombre":"PUEYRREDON AV.","tipo":"Ciclovías","barrio":"Recoleta"},"geometry":{"type":"LineString","coordinates":[[-58.39332,-34.58554],[-58.392343,-34.585063],[-58.391722,-34.584756]]}},{"type":"Feature","properties":{"nombre":"PUAN","tipo":"Ciclovías","barrio":"Caballito"},"geometry":{"type":"LineString","coordinates":[[-58.447887,-34.62539],[-58.447483,-34.626377]]}},{"type":"Feature","properties":{"nombre":"RODO, JOSE E.","tipo":"Ciclovías","barrio":"Parque Avellaneda"},"geometry":{"type":"LineString","coordinates":[[-58.487101,-34.644159],[-58.487431,-34.644435]]}},{"type":"Feature","properties":{"nombre":"CEVALLOS, VIRREY","tipo":"Ciclovías","barrio":"Monserrat"},"geometry":{"type":"LineString","coordinates":[[-58.388977,-34.61557],[-58.388977,-34.615734],[-58.389047,-34.61657],[-58.389054,-34.616734]]}},{"type":"Feature","properties":{"nombre":"IRALA","tipo":"Ciclovías","barrio":"La Boca"},"geometry":{"type":"LineString","coordinates":[[-58.36872,-34.629563],[-58.368391,-34.630602]]}},{"type":"Feature","properties":{"nombre":"DEL LIBERTADOR AV.","tipo":"Ciclovías","barrio":"Palermo"},"geometry":{"type":"LineString","coordinates":[[-58.40249,-34.581737],[-58.403197,-34.581509],[-58.403541,-34.581398],[-58.403673,-34.581292]]}},{"type":"Feature","properties":{"nombre":"PEPIRI","tipo":"Ciclovías","barrio":"Parque Patricios"},"geometry":{"type":"LineString","coordinates":[[-58.408912,-34.640461],[-58.409124,-34.641672]]}},{"type":"Feature","properties":{"nombre":"RABANAL, FRANCISCO, INTENDENTE AV.","tipo":"Ciclovías","barrio":"Villa Soldati"},"geometry":{"type":"LineString","coordinates":[[-58.426443,-34.659071],[-58.426968,-34.659365],[-58.427408,-34.659611]]}},{"type":"Feature","properties":{"nombre":"YRURTIA, ROGELIO","tipo":"Ciclovías","barrio":"Saavedra"},"geometry":{"type":"LineString","coordinates":[[-58.502663,-34.564043],[-58.502743,-34.564121],[-58.502875,-34.564191],[-58.503022,-34.564234]]}},{"type":"Feature","properties":{"nombre":"AMENABAR","tipo":"Ciclovías","barrio":"Belgrano"},"geometry":{"type":"LineString","coordinates":[[-58.461779,-34.559394],[-58.461864,-34.559293],[-58.462413,-34.558653]]}},{"type":"Feature","properties":{"nombre":"TRES ARROYOS","tipo":"Ciclovías","barrio":"Villa Crespo"},"geometry":{"type":"LineString","coordinates":[[-58.446311,-34.600847],[-58.446666,-34.60107]]}},{"type":"Feature","properties":{"nombre":"BOUCHARD","tipo":"Ciclovías","barrio":"San Nicolas"},"geometry":{"type":"LineString","coordinates":[[-58.36932,-34.600512],[-58.369346,-34.600338],[-58.369462,-34.599391]]}},{"type":"Feature","properties":{"nombre":"UNANUE","tipo":"Ciclovías mano única","barrio":"Villa Lugano"},"geometry":{"type":"LineString","coordinates":[[-58.473796,-34.680825],[-58.473902,-34.680917],[-58.47445,-34.681394]]}},{"type":"Feature","properties":{"nombre":"COMPLEJO CIUDAD UNIVERSITARIA (SIN NOMBRE OFICIAL)","tipo":"Ciclovías","barrio":"Belgrano"},"geometry":{"type":"LineString","coordinates":[[-58.441127,-34.54539],[-58.441034,-34.543791]]}},{"type":"Feature","properties":{"nombre":"PRIMERA JUNTA","tipo":"Ciclovías","barrio":"Parque Avellaneda"},"geometry":{"type":"LineString","coordinates":[[-58.467646,-34.645594],[-58.467798,-34.645704],[-58.4689,-34.646479]]}},{"type":"Feature","properties":{"nombre":"OLLEROS","tipo":"Ciclovías","barrio":"Colegiales"},"geometry":{"type":"LineString","coordinates":[[-58.444896,-34.572198],[-58.445413,-34.573036]]}},{"type":"Feature","properties":{"nombre":"USPALLATA","tipo":"Ciclovías","barrio":"Parque Patricios"},"geometry":{"type":"LineString","coordinates":[[-58.395125,-34.63766],[-58.395325,-34.637702],[-58.396579,-34.637924]]}},{"type":"Feature","properties":{"nombre":"LA PAMPA","tipo":"Ciclovías","barrio":"Villa Urquiza"},"geometry":{"type":"LineString","coordinates":[[-58.487033,-34.583799],[-58.488103,-34.584419]]}},{"type":"Feature","properties":{"nombre":"TRES ARROYOS","tipo":"Ciclovías","barrio":"Caballito"},"geometry":{"type":"LineString","coordinates":[[-58.457833,-34.607594],[-58.457988,-34.607666],[-58.458816,-34.608049],[-58.458945,-34.608111]]}},{"type":"Feature","properties":{"nombre":"PATRICIAS ARGENTINAS AV.","tipo":"Ciclovías","barrio":"Caballito"},"geometry":{"type":"LineString","coordinates":[[-58.435354,-34.604461],[-58.435565,-34.604433]]}},{"type":"Feature","properties":{"nombre":"PERON, JUAN DOMINGO, TTE. GENERAL","tipo":"Ciclovías mano única","barrio":"San Nicolas"},"geometry":{"type":"LineString","coordinates":[[-58.380839,-34.606084],[-58.381267,-34.606104]]}},{"type":"Feature","properties":{"nombre":"FIGUEROA ALCORTA, PRES. AV.","tipo":"Ciclovías","barrio":"Palermo"},"geometry":{"type":"LineString","coordinates":[[-58.416729,-34.568113],[-58.416811,-34.568031],[-58.416845,-34.567995],[-58.416882,-34.56795],[-58.416918,-34.567901],[-58.416958,-34.567812],[-58.416975,-34.567762],[-58.416988,-34.567713],[-58.417002,-34.567647],[-58.417018,-34.567567],[-58.417029,-34.567489],[-58.417056,-34.567401],[-58.417078,-34.567344],[-58.417099,-34.567289],[-58.417124,-34.567247],[-58.417191,-34.567169],[-58.417228,-34.567131],[-58.417276,-34.567091],[-58.41734,-34.567046],[-58.417385,-34.567018],[-58.417436,-34.566988],[-58.417509,-34.566948],[-58.417605,-34.566901],[-58.417656,-34.566877],[-58.417752,-34.566833],[-58.417961,-34.566739]]}},{"type":"Feature","properties":{"nombre":"SAN MARTIN","tipo":"Ciclovías","barrio":"San Nicolas"},"geometry":{"type":"LineString","coordinates":[[-58.373653,-34.606771],[-58.373712,-34.605735],[-58.373718,-34.605615]]}},{"type":"Feature","properties":{"nombre":"MACHU PICCHU","tipo":"Ciclovías","barrio":"Retiro"},"geometry":{"type":"LineString","coordinates":[[-58.37726,-34.586055],[-58.377177,-34.586032],[-58.377127,-34.58597],[-58.37708,-34.585895],[-58.377052,-34.585809],[-58.377001,-34.585765],[-58.376979,-34.585731],[-58.377037,-34.585682],[-58.37704,-34.585657]]}},{"type":"Feature","properties":{"nombre":"HERRERA","tipo":"Ciclovías","barrio":"Barracas"},"geometry":{"type":"LineString","coordinates":[[-58.378708,-34.634818],[-58.378171,-34.636555],[-58.378134,-34.636685]]}},{"type":"Feature","properties":{"nombre":"MORON","tipo":"Ciclovías","barrio":"Velez Sarsfield"},"geometry":{"type":"LineString","coordinates":[[-58.498275,-34.632269],[-58.498984,-34.632556]]}},{"type":"Feature","properties":{"nombre":"RONDEAU","tipo":"Ciclovías","barrio":"Parque Patricios"},"geometry":{"type":"LineString","coordinates":[[-58.404054,-34.635538],[-58.405431,-34.635847],[-58.405751,-34.635919]]}},{"type":"Feature","properties":{"nombre":"PATRON","tipo":"Ciclovías","barrio":"Liniers"},"geometry":{"type":"LineString","coordinates":[[-58.517099,-34.649552],[-58.517658,-34.650052],[-58.517771,-34.650154]]}},{"type":"Feature","properties":{"nombre":"MARTINEZ, ENRIQUE, GRAL.","tipo":"Ciclovías","barrio":"Colegiales"},"geometry":{"type":"LineString","coordinates":[[-58.445955,-34.580905],[-58.446413,-34.580672]]}},{"type":"Feature","properties":{"nombre":"ALSINA, ADOLFO","tipo":"Ciclovías","barrio":"Balvanera"},"geometry":{"type":"LineString","coordinates":[[-58.393307,-34.611602],[-58.394515,-34.611675],[-58.394772,-34.611692]]}},{"type":"Feature","properties":{"nombre":"DEL LIBERTADOR AV.","tipo":"Ciclovías","barrio":"Palermo"},"geometry":{"type":"LineString","coordinates":[[-58.415056,-34.574571],[-58.41532,-34.574565],[-58.415862,-34.574454],[-58.4161,-34.574365],[-58.416623,-34.574176]]}},{"type":"Feature","properties":{"nombre":"BARROS PAZOS, JOSE","tipo":"Ciclovías mano única","barrio":"Villa Riachuelo"},"geometry":{"type":"LineString","coordinates":[[-58.47462,-34.683045],[-58.475391,-34.683739]]}},{"type":"Feature","properties":{"nombre":"GARCIA, JUAN AGUSTIN","tipo":"Ciclovías","barrio":"Villa Santa Rita"},"geometry":{"type":"LineString","coordinates":[[-58.487808,-34.61335],[-58.488257,-34.613592]]}},{"type":"Feature","properties":{"nombre":"D'ESPOSITO, ARNALDO","tipo":"Ciclovías","barrio":"La Boca"},"geometry":{"type":"LineString","coordinates":[[-58.364058,-34.62659],[-58.364242,-34.626638],[-58.365231,-34.626875]]}},{"type":"Feature","properties":{"nombre":"MONTEVIDEO","tipo":"Ciclovías","barrio":"San Nicolas"},"geometry":{"type":"LineString","coordinates":[[-58.389532,-34.601799],[-58.389595,-34.600713]]}},{"type":"Feature","properties":{"nombre":"ROCA, JULIO A., PRESIDENTE DIAGONAL SUR AV.","tipo":"Ciclovías mano única","barrio":"Monserrat"},"geometry":{"type":"LineString","coordinates":[[-58.374785,-34.610267],[-58.374854,-34.610247]]}},{"type":"Feature","properties":{"nombre":"CORRIENTES AV.","tipo":"Ciclovías mano única","barrio":"Chacarita"},"geometry":{"type":"LineString","coordinates":[[-58.44875,-34.590616],[-58.449174,-34.590214]]}},{"type":"Feature","properties":{"nombre":"CORDOBA AV.","tipo":"Ciclovías mano única","barrio":"Palermo"},"geometry":{"type":"LineString","coordinates":[[-58.435312,-34.590822],[-58.436038,-34.590342],[-58.436175,-34.590249]]}},{"type":"Feature","properties":{"nombre":"DORREGO","tipo":"Ciclovías","barrio":"Palermo"},"geometry":{"type":"LineString","coordinates":[[-58.437084,-34.57626],[-58.43688,-34.5761]]}},{"type":"Feature","properties":{"nombre":"IBERA","tipo":"Ciclovías","barrio":"Coghlan"},"geometry":{"type":"LineString","coordinates":[[-58.476184,-34.55992],[-58.477142,-34.560438]]}},{"type":"Feature","properties":{"nombre":"ECUADOR","tipo":"Ciclovías","barrio":"Balvanera"},"geometry":{"type":"LineString","coordinates":[[-58.408741,-34.606681],[-58.408525,-34.606117],[-58.408229,-34.605352]]}},{"type":"Feature","properties":{"nombre":"FOREST AV.","tipo":"Ciclovías mano única","barrio":"Colegiales"},"geometry":{"type":"LineString","coordinates":[[-58.460226,-34.578295],[-58.460548,-34.577943],[-58.461606,-34.576837]]}},{"type":"Feature","properties":{"nombre":"CHIVILCOY","tipo":"Ciclovías","barrio":"Floresta"},"geometry":{"type":"LineString","coordinates":[[-58.48697,-34.624308],[-58.487089,-34.624209],[-58.487898,-34.62357],[-58.488042,-34.623456]]}},{"type":"Feature","properties":{"nombre":"DON BOSCO","tipo":"Ciclovías","barrio":"Almagro"},"geometry":{"type":"LineString","coordinates":[[-58.417837,-34.612493],[-58.419147,-34.612816]]}},{"type":"Feature","properties":{"nombre":"IBERA","tipo":"Ciclovías","barrio":"Nuñez"},"geometry":{"type":"LineString","coordinates":[[-58.463637,-34.553056],[-58.464281,-34.553386],[-58.46452,-34.553513]]}},{"type":"Feature","properties":{"nombre":"DEL LIBERTADOR AV.","tipo":"Ciclovías","barrio":"Nuñez"},"geometry":{"type":"LineString","coordinates":[[-58.465809,-34.537489],[-58.466304,-34.536688]]}},{"type":"Feature","properties":{"nombre":"ALVAREZ, JULIAN","tipo":"Ciclovías","barrio":"Palermo"},"geometry":{"type":"LineString","coordinates":[[-58.413161,-34.585725],[-58.412523,-34.585246]]}},{"type":"Feature","properties":{"nombre":"HORNOS, GRAL.","tipo":"Ciclovías","barrio":"Barracas"},"geometry":{"type":"LineString","coordinates":[[-58.37514,-34.644421],[-58.375098,-34.644603],[-58.374418,-34.646635],[-58.374303,-34.646985]]}},{"type":"Feature","properties":{"nombre":"LIMA","tipo":"Ciclovías","barrio":"Constitucion"},"geometry":{"type":"LineString","coordinates":[[-58.379822,-34.627213],[-58.379733,-34.627441],[-58.379616,-34.627779]]}},{"type":"Feature","properties":{"nombre":"BLANCO ENCALADA","tipo":"Ciclovías","barrio":"Villa Urquiza"},"geometry":{"type":"LineString","coordinates":[[-58.483589,-34.573896],[-58.484832,-34.574627]]}},{"type":"Feature","properties":{"nombre":"PERON, JUAN DOMINGO, TTE. GENERAL","tipo":"Ciclovías mano única","barrio":"Balvanera"},"geometry":{"type":"LineString","coordinates":[[-58.399259,-34.607322],[-58.400499,-34.607388],[-58.400637,-34.607396]]}},{"type":"Feature","properties":{"nombre":"URIBURU JOSE E., PRES.","tipo":"Ciclovías","barrio":"Recoleta"},"geometry":{"type":"LineString","coordinates":[[-58.398726,-34.59976],[-58.398767,-34.599686],[-58.398798,-34.599622],[-58.398821,-34.599349],[-58.398848,-34.599229],[-58.398876,-34.599121],[-58.398934,-34.599038],[-58.398975,-34.598982],[-58.399025,-34.598746],[-58.399034,-34.598541],[-58.399035,-34.598286]]}},{"type":"Feature","properties":{"nombre":"CORRIENTES AV.","tipo":"Ciclovías mano única","barrio":"Balvanera"},"geometry":{"type":"LineString","coordinates":[[-58.410347,-34.60403],[-58.410478,-34.604026],[-58.411587,-34.604077],[-58.411745,-34.604083]]}},{"type":"Feature","properties":{"nombre":"GONZALEZ, ELPIDIO","tipo":"Ciclovías","barrio":"Villa Luro"},"geometry":{"type":"LineString","coordinates":[[-58.512086,-34.630187],[-58.5122,-34.63029],[-58.513021,-34.631037]]}},{"type":"Feature","properties":{"nombre":"VALLE","tipo":"Ciclovías","barrio":"Caballito"},"geometry":{"type":"LineString","coordinates":[[-58.436228,-34.624559],[-58.437404,-34.624675],[-58.437711,-34.624704]]}},{"type":"Feature","properties":{"nombre":"UNANUE","tipo":"Ciclovías mano única","barrio":"Villa Lugano"},"geometry":{"type":"LineString","coordinates":[[-58.47962,-34.685587],[-58.480385,-34.686277]]}},{"type":"Feature","properties":{"nombre":"CUCHA CUCHA","tipo":"Ciclovías","barrio":"Villa Crespo"},"geometry":{"type":"LineString","coordinates":[[-58.45602,-34.602818],[-58.456415,-34.602389]]}},{"type":"Feature","properties":{"nombre":"RODO, JOSE E.","tipo":"Ciclovías","barrio":"Parque Avellaneda"},"geometry":{"type":"LineString","coordinates":[[-58.484581,-34.642548],[-58.485396,-34.642688]]}},{"type":"Feature","properties":{"nombre":"ROCA, CNEL. AV.","tipo":"Ciclovías","barrio":"Villa Riachuelo"},"geometry":{"type":"LineString","coordinates":[[-58.467588,-34.695959],[-58.468337,-34.696645]]}},{"type":"Feature","properties":{"nombre":"HORNOS, GRAL.","tipo":"Ciclovías","barrio":"Barracas"},"geometry":{"type":"LineString","coordinates":[[-58.375343,-34.643554],[-58.375278,-34.643851],[-58.375242,-34.644]]}},{"type":"Feature","properties":{"nombre":"MONROE","tipo":"Ciclovías","barrio":"Villa Urquiza"},"geometry":{"type":"LineString","coordinates":[[-58.493064,-34.578205],[-58.49454,-34.579069]]}},{"type":"Feature","properties":{"nombre":"LAS CASAS","tipo":"Ciclovías","barrio":"Boedo"},"geometry":{"type":"LineString","coordinates":[[-58.419346,-34.635682],[-58.420842,-34.635839]]}},{"type":"Feature","properties":{"nombre":"ECUADOR","tipo":"Ciclovías","barrio":"Recoleta"},"geometry":{"type":"LineString","coordinates":[[-58.405181,-34.597232],[-58.404641,-34.596189],[-58.404586,-34.596073]]}},{"type":"Feature","properties":{"nombre":"GORRITI","tipo":"Ciclovías","barrio":"Palermo"},"geometry":{"type":"LineString","coordinates":[[-58.419781,-34.595423],[-58.421302,-34.595365]]}},{"type":"Feature","properties":{"nombre":"ARENALES","tipo":"Ciclovías","barrio":"Retiro"},"geometry":{"type":"LineString","coordinates":[[-58.377618,-34.594111],[-58.378541,-34.594098]]}},{"type":"Feature","properties":{"nombre":"GALLO","tipo":"Ciclovías","barrio":"Recoleta"},"geometry":{"type":"LineString","coordinates":[[-58.410333,-34.593929],[-58.410229,-34.593743]]}},{"type":"Feature","properties":{"nombre":"DIAZ, CESAR, GRAL.","tipo":"Ciclovías","barrio":"Villa Gral. Mitre"},"geometry":{"type":"LineString","coordinates":[[-58.473924,-34.611733],[-58.474094,-34.611822],[-58.475223,-34.61242]]}},{"type":"Feature","properties":{"nombre":"PEDRAZA, MANUELA","tipo":"Ciclovías","barrio":"Villa Urquiza"},"geometry":{"type":"LineString","coordinates":[[-58.492356,-34.565088],[-58.493476,-34.565645]]}},{"type":"Feature","properties":{"nombre":"RABANAL, FRANCISCO, INTENDENTE AV.","tipo":"Ciclovías","barrio":"Villa Soldati"},"geometry":{"type":"LineString","coordinates":[[-58.438842,-34.665489],[-58.439226,-34.665675],[-58.439475,-34.665814],[-58.439665,-34.665929],[-58.439802,-34.666039],[-58.439933,-34.666164]]}},{"type":"Feature","properties":{"nombre":"SAN MARTIN","tipo":"Ciclovías","barrio":"San Nicolas"},"geometry":{"type":"LineString","coordinates":[[-58.374087,-34.599786],[-58.374094,-34.599673],[-58.37418,-34.598782],[-58.374191,-34.598622]]}},{"type":"Feature","properties":{"nombre":"DEAN FUNES","tipo":"Ciclovías","barrio":"San Cristobal"},"geometry":{"type":"LineString","coordinates":[[-58.405986,-34.623013],[-58.405815,-34.624228]]}},{"type":"Feature","properties":{"nombre":"NUEVA YORK","tipo":"Ciclovías","barrio":"Agronomia"},"geometry":{"type":"LineString","coordinates":[[-58.493014,-34.588606],[-58.493579,-34.588956]]}},{"type":"Feature","properties":{"nombre":"AMENABAR","tipo":"Ciclovías","barrio":"Colegiales"},"geometry":{"type":"LineString","coordinates":[[-58.446334,-34.572433],[-58.447232,-34.571915]]}},{"type":"Feature","properties":{"nombre":"PEDRAZA, MANUELA","tipo":"Ciclovías","barrio":"Villa Urquiza"},"geometry":{"type":"LineString","coordinates":[[-58.489091,-34.563557],[-58.490043,-34.564011]]}},{"type":"Feature","properties":{"nombre":"MILLER","tipo":"Ciclovías","barrio":"Saavedra"},"geometry":{"type":"LineString","coordinates":[[-58.492387,-34.556987],[-58.492783,-34.556412]]}},{"type":"Feature","properties":{"nombre":"DEAN FUNES","tipo":"Ciclovías","barrio":"Parque Patricios"},"geometry":{"type":"LineString","coordinates":[[-58.404971,-34.630376],[-58.404934,-34.630578],[-58.404919,-34.630677]]}},{"type":"Feature","properties":{"nombre":"CHIVILCOY AV.","tipo":"Ciclovías mano única","barrio":"Villa Devoto"},"geometry":{"type":"LineString","coordinates":[[-58.518513,-34.592348],[-58.519142,-34.59164],[-58.51917,-34.591536]]}},{"type":"Feature","properties":{"nombre":"DIAZ, CNEL. AV.","tipo":"Ciclovías","barrio":"Palermo"},"geometry":{"type":"LineString","coordinates":[[-58.405187,-34.581561],[-58.404648,-34.580515]]}},{"type":"Feature","properties":{"nombre":"CHILE","tipo":"Ciclovías mano única","barrio":"Monserrat"},"geometry":{"type":"LineString","coordinates":[[-58.378847,-34.616358],[-58.378991,-34.616365],[-58.380123,-34.616417],[-58.380321,-34.616427]]}},{"type":"Feature","properties":{"nombre":"ESTADO PLURINACIONAL DE BOLIVIA","tipo":"Ciclovías","barrio":"Villa Pueyrredon"},"geometry":{"type":"LineString","coordinates":[[-58.50035,-34.582458],[-58.50045,-34.582349],[-58.50112,-34.581611]]}},{"type":"Feature","properties":{"nombre":"CUCHA CUCHA","tipo":"Ciclovías","barrio":"Villa Crespo"},"geometry":{"type":"LineString","coordinates":[[-58.453553,-34.605372],[-58.454405,-34.604452],[-58.454508,-34.60434]]}},{"type":"Feature","properties":{"nombre":"CONSTITUCION","tipo":"Ciclovías","barrio":"San Cristobal"},"geometry":{"type":"LineString","coordinates":[[-58.391332,-34.625227],[-58.39254,-34.625299]]}},{"type":"Feature","properties":{"nombre":"PRIMERA JUNTA","tipo":"Ciclovías","barrio":"Flores"},"geometry":{"type":"LineString","coordinates":[[-58.462519,-34.64234],[-58.46359,-34.643025]]}},{"type":"Feature","properties":{"nombre":"CHACO","tipo":"Ciclovías","barrio":"Caballito"},"geometry":{"type":"LineString","coordinates":[[-58.430341,-34.617301],[-58.430873,-34.617425]]}},{"type":"Feature","properties":{"nombre":"FOREST AV.","tipo":"Ciclovías mano única","barrio":"Chacarita"},"geometry":{"type":"LineString","coordinates":[[-58.45577,-34.583194],[-58.456707,-34.582163]]}},{"type":"Feature","properties":{"nombre":"CORDOBA AV.","tipo":"Ciclovías mano única","barrio":"Palermo"},"geometry":{"type":"LineString","coordinates":[[-58.434365,-34.591448],[-58.435312,-34.590822]]}},{"type":"Feature","properties":{"nombre":"ALVAREZ, JULIAN","tipo":"Ciclovías","barrio":"Palermo"},"geometry":{"type":"LineString","coordinates":[[-58.412523,-34.585246],[-58.411738,-34.584655]]}},{"type":"Feature","properties":{"nombre":"ALVAREZ, JULIAN","tipo":"Ciclovías","barrio":"Villa Crespo"},"geometry":{"type":"LineString","coordinates":[[-58.439775,-34.603004],[-58.438512,-34.602194]]}},{"type":"Feature","properties":{"nombre":"MILLER","tipo":"Ciclovías","barrio":"Saavedra"},"geometry":{"type":"LineString","coordinates":[[-58.492926,-34.556204],[-58.493171,-34.555849]]}},{"type":"Feature","properties":{"nombre":"MELIAN AV.","tipo":"Ciclovías","barrio":"Saavedra"},"geometry":{"type":"LineString","coordinates":[[-58.48206,-34.551783],[-58.482369,-34.551627],[-58.482586,-34.551432],[-58.482797,-34.551133]]}},{"type":"Feature","properties":{"nombre":"MORON","tipo":"Ciclovías","barrio":"Velez Sarsfield"},"geometry":{"type":"LineString","coordinates":[[-58.489285,-34.628447],[-58.490379,-34.62898]]}},{"type":"Feature","properties":{"nombre":"PRIMERA JUNTA","tipo":"Ciclovías","barrio":"Parque Avellaneda"},"geometry":{"type":"LineString","coordinates":[[-58.465596,-34.644306],[-58.466571,-34.644919]]}},{"type":"Feature","properties":{"nombre":"URIBURU JOSE E., PRES.","tipo":"Ciclovías","barrio":"Balvanera"},"geometry":{"type":"LineString","coordinates":[[-58.398222,-34.60458],[-58.398242,-34.604438],[-58.398373,-34.603304]]}},{"type":"Feature","properties":{"nombre":"PATRICIAS ARGENTINAS AV.","tipo":"Ciclovías","barrio":"Caballito"},"geometry":{"type":"LineString","coordinates":[[-58.434396,-34.608573],[-58.434241,-34.608501]]}},{"type":"Feature","properties":{"nombre":"BLANES, JUAN MANUEL","tipo":"Ciclovías","barrio":"La Boca"},"geometry":{"type":"LineString","coordinates":[[-58.362318,-34.630966],[-58.362446,-34.631079]]}},{"type":"Feature","properties":{"nombre":"PERON, JUAN DOMINGO, TTE. GENERAL","tipo":"Ciclovías","barrio":"Balvanera"},"geometry":{"type":"LineString","coordinates":[[-58.407694,-34.607837],[-58.408308,-34.607865],[-58.409117,-34.6079]]}},{"type":"Feature","properties":{"nombre":"DEL LIBERTADOR AV.","tipo":"Ciclovías","barrio":"Retiro"},"geometry":{"type":"LineString","coordinates":[[-58.382839,-34.588227],[-58.383847,-34.587678]]}},{"type":"Feature","properties":{"nombre":"PEDRAZA, MANUELA","tipo":"Ciclovías","barrio":"Villa Urquiza"},"geometry":{"type":"LineString","coordinates":[[-58.498028,-34.568096],[-58.498586,-34.568404]]}},{"type":"Feature","properties":{"nombre":"ALVAREZ, JULIAN","tipo":"Ciclovías","barrio":"Palermo"},"geometry":{"type":"LineString","coordinates":[[-58.42332,-34.592199],[-58.422545,-34.591661]]}},{"type":"Feature","properties":{"nombre":"CORRIENTES AV.","tipo":"Ciclovías mano única","barrio":"San Nicolas"},"geometry":{"type":"LineString","coordinates":[[-58.380979,-34.603669],[-58.38115,-34.603672]]}},{"type":"Feature","properties":{"nombre":"SUIPACHA","tipo":"Ciclovías","barrio":"Retiro"},"geometry":{"type":"LineString","coordinates":[[-58.379746,-34.598971],[-58.379756,-34.598807],[-58.379833,-34.597822],[-58.379838,-34.597725]]}},{"type":"Feature","properties":{"nombre":"MORON","tipo":"Ciclovías","barrio":"Flores"},"geometry":{"type":"LineString","coordinates":[[-58.467078,-34.622471],[-58.467213,-34.622512],[-58.468486,-34.62291]]}},{"type":"Feature","properties":{"nombre":"CUBA","tipo":"Ciclovías","barrio":"Nuñez"},"geometry":{"type":"LineString","coordinates":[[-58.46827,-34.544991],[-58.468845,-34.544209]]}},{"type":"Feature","properties":{"nombre":"CERETTI","tipo":"Ciclovías","barrio":"Villa Urquiza"},"geometry":{"type":"LineString","coordinates":[[-58.492335,-34.579059],[-58.493064,-34.578205]]}},{"type":"Feature","properties":{"nombre":"IBERA","tipo":"Ciclovías","barrio":"Coghlan"},"geometry":{"type":"LineString","coordinates":[[-58.475272,-34.559426],[-58.476184,-34.55992]]}},{"type":"Feature","properties":{"nombre":"NEWBERY, JORGE AV.","tipo":"Ciclovías","barrio":"Chacarita"},"geometry":{"type":"LineString","coordinates":[[-58.450527,-34.587936],[-58.450768,-34.588691]]}},{"type":"Feature","properties":{"nombre":"MORON","tipo":"Ciclovías","barrio":"Velez Sarsfield"},"geometry":{"type":"LineString","coordinates":[[-58.496558,-34.631573],[-58.498275,-34.632269]]}},{"type":"Feature","properties":{"nombre":"ESTADO DE ISRAEL AV.","tipo":"Ciclovías mano única","barrio":"Villa Crespo"},"geometry":{"type":"LineString","coordinates":[[-58.426567,-34.597915],[-58.426787,-34.597944],[-58.427775,-34.598328],[-58.427854,-34.598364]]}},{"type":"Feature","properties":{"nombre":"BILLINGHURST","tipo":"Ciclovías","barrio":"Recoleta"},"geometry":{"type":"LineString","coordinates":[[-58.412747,-34.593694],[-58.412123,-34.592875]]}},{"type":"Feature","properties":{"nombre":"GARCIA, JUAN AGUSTIN","tipo":"Ciclovías","barrio":"Villa Gral. Mitre"},"geometry":{"type":"LineString","coordinates":[[-58.478429,-34.608407],[-58.479043,-34.608732]]}},{"type":"Feature","properties":{"nombre":"CORDOBA AV.","tipo":"Ciclovías mano única","barrio":"Palermo"},"geometry":{"type":"LineString","coordinates":[[-58.42178,-34.597734],[-58.422841,-34.597713],[-58.423369,-34.597745]]}},{"type":"Feature","properties":{"nombre":"DEL LIBERTADOR AV.","tipo":"Ciclovías","barrio":"Palermo"},"geometry":{"type":"LineString","coordinates":[[-58.421744,-34.571823],[-58.422697,-34.57139],[-58.423247,-34.571168]]}},{"type":"Feature","properties":{"nombre":"BOLIVAR","tipo":"Ciclovías","barrio":"Monserrat"},"geometry":{"type":"LineString","coordinates":[[-58.373453,-34.610244],[-58.373388,-34.611298],[-58.373384,-34.611389]]}},{"type":"Feature","properties":{"nombre":"PERON, JUAN DOMINGO, TTE. GENERAL","tipo":"Ciclovías","barrio":"Balvanera"},"geometry":{"type":"LineString","coordinates":[[-58.406123,-34.607743],[-58.407694,-34.607837]]}},{"type":"Feature","properties":{"nombre":"CHIVILCOY AV.","tipo":"Ciclovías mano única","barrio":"Villa Devoto"},"geometry":{"type":"LineString","coordinates":[[-58.509594,-34.602262],[-58.509663,-34.602189]]}},{"type":"Feature","properties":{"nombre":"PELLEGRINI, CARLOS","tipo":"Ciclovías","barrio":"San Nicolas"},"geometry":{"type":"LineString","coordinates":[[-58.380717,-34.608375],[-58.380777,-34.607256]]}},{"type":"Feature","properties":{"nombre":"CORDOBA AV.","tipo":"Ciclovías mano única","barrio":"Palermo"},"geometry":{"type":"LineString","coordinates":[[-58.436175,-34.590249],[-58.437126,-34.589612]]}},{"type":"Feature","properties":{"nombre":"ALVAREZ, JULIAN","tipo":"Ciclovías","barrio":"Palermo"},"geometry":{"type":"LineString","coordinates":[[-58.415166,-34.587058],[-58.414063,-34.586404]]}},{"type":"Feature","properties":{"nombre":"SAN NICOLAS","tipo":"Ciclovías","barrio":"Villa Santa Rita"},"geometry":{"type":"LineString","coordinates":[[-58.491905,-34.616104],[-58.49298,-34.615246]]}},{"type":"Feature","properties":{"nombre":"DEL LIBERTADOR AV.","tipo":"Ciclovías","barrio":"Belgrano"},"geometry":{"type":"LineString","coordinates":[[-58.445236,-34.559539],[-58.446048,-34.558594]]}},{"type":"Feature","properties":{"nombre":"PEDRAZA, MANUELA","tipo":"Ciclovías","barrio":"Nuñez"},"geometry":{"type":"LineString","coordinates":[[-58.45971,-34.547928],[-58.460642,-34.548395]]}},{"type":"Feature","properties":{"nombre":"PERETTE, CARLOS H.","tipo":"Ciclovías","barrio":"Retiro"},"geometry":{"type":"LineString","coordinates":[[-58.378469,-34.582591],[-58.3789,-34.582344]]}},{"type":"Feature","properties":{"nombre":"HUMAHUACA","tipo":"Ciclovías","barrio":"Almagro"},"geometry":{"type":"LineString","coordinates":[[-58.429951,-34.601002],[-58.431156,-34.600881]]}},{"type":"Feature","properties":{"nombre":"RODO, JOSE E.","tipo":"Ciclovías","barrio":"Parque Avellaneda"},"geometry":{"type":"LineString","coordinates":[[-58.489595,-34.646325],[-58.490174,-34.646829]]}},{"type":"Feature","properties":{"nombre":"ISLAS GALAPAGOS","tipo":"Ciclovías","barrio":"Retiro"},"geometry":{"type":"LineString","coordinates":[[-58.379148,-34.582198],[-58.379032,-34.582041]]}},{"type":"Feature","properties":{"nombre":"MISIONES","tipo":"Ciclovías","barrio":"Balvanera"},"geometry":{"type":"LineString","coordinates":[[-58.404493,-34.611178],[-58.404476,-34.611376],[-58.404353,-34.612349]]}},{"type":"Feature","properties":{"nombre":"COMBATE DE LOS POZOS","tipo":"Ciclovías","barrio":"Parque Patricios"},"geometry":{"type":"LineString","coordinates":[[-58.3915,-34.630664],[-58.391301,-34.631685]]}},{"type":"Feature","properties":{"nombre":"MILLER","tipo":"Ciclovías","barrio":"Villa Urquiza"},"geometry":{"type":"LineString","coordinates":[[-58.487328,-34.563985],[-58.488139,-34.563102]]}},{"type":"Feature","properties":{"nombre":"FOREST AV.","tipo":"Ciclovías mano única","barrio":"Chacarita"},"geometry":{"type":"LineString","coordinates":[[-58.454634,-34.584446],[-58.454829,-34.584231]]}},{"type":"Feature","properties":{"nombre":"MOREAU DE JUSTO, ALICIA AV.","tipo":"Ciclovías","barrio":"Puerto Madero"},"geometry":{"type":"LineString","coordinates":[[-58.367522,-34.600103],[-58.367485,-34.600286],[-58.367406,-34.600958],[-58.367427,-34.601091]]}},{"type":"Feature","properties":{"nombre":"GARCIA, JUAN AGUSTIN","tipo":"Ciclovías","barrio":"Villa Santa Rita"},"geometry":{"type":"LineString","coordinates":[[-58.486038,-34.612412],[-58.486674,-34.612739]]}},{"type":"Feature","properties":{"nombre":"PAVON","tipo":"Ciclovías","barrio":"San Cristobal"},"geometry":{"type":"LineString","coordinates":[[-58.40679,-34.628128],[-58.40698,-34.628148],[-58.408488,-34.628332]]}},{"type":"Feature","properties":{"nombre":"BOLIVAR","tipo":"Ciclovías","barrio":"Barracas"},"geometry":{"type":"LineString","coordinates":[[-58.372549,-34.626783],[-58.372543,-34.626936],[-58.372495,-34.627358],[-58.372413,-34.62779]]}},{"type":"Feature","properties":{"nombre":"BONIFACIO, JOSE","tipo":"Ciclovías","barrio":"Flores"},"geometry":{"type":"LineString","coordinates":[[-58.458229,-34.631477],[-58.459406,-34.63185],[-58.459544,-34.631891]]}},{"type":"Feature","properties":{"nombre":"DEL LIBERTADOR AV.","tipo":"Ciclovías","barrio":"Palermo"},"geometry":{"type":"LineString","coordinates":[[-58.409866,-34.577281],[-58.409958,-34.57724]]}},{"type":"Feature","properties":{"nombre":"CASTELLI","tipo":"Ciclovías","barrio":"Balvanera"},"geometry":{"type":"LineString","coordinates":[[-58.404674,-34.608764],[-58.404751,-34.607624]]}},{"type":"Feature","properties":{"nombre":"PEPIRI","tipo":"Ciclovías","barrio":"Nueva Pompeya"},"geometry":{"type":"LineString","coordinates":[[-58.407517,-34.651394],[-58.407408,-34.651707]]}},{"type":"Feature","properties":{"nombre":"CEVALLOS, VIRREY","tipo":"Ciclovías","barrio":"Constitucion"},"geometry":{"type":"LineString","coordinates":[[-58.387721,-34.632469],[-58.387656,-34.633457]]}},{"type":"Feature","properties":{"nombre":"LOYOLA","tipo":"Ciclovías","barrio":"Chacarita"},"geometry":{"type":"LineString","coordinates":[[-58.443305,-34.58825],[-58.444283,-34.587509]]}},{"type":"Feature","properties":{"nombre":"CUBA","tipo":"Ciclovías","barrio":"Nuñez"},"geometry":{"type":"LineString","coordinates":[[-58.467274,-34.546345],[-58.467797,-34.545634]]}},{"type":"Feature","properties":{"nombre":"FIGUEROA ALCORTA, PRES. AV.","tipo":"Ciclovías","barrio":"Belgrano"},"geometry":{"type":"LineString","coordinates":[[-58.449488,-34.546682],[-58.449632,-34.546661]]}},{"type":"Feature","properties":{"nombre":"MONROE","tipo":"Ciclovías","barrio":"Villa Urquiza"},"geometry":{"type":"LineString","coordinates":[[-58.49454,-34.579069],[-58.495222,-34.579468]]}},{"type":"Feature","properties":{"nombre":"ESTRADA","tipo":"Ciclovías","barrio":"Parque Chacabuco"},"geometry":{"type":"LineString","coordinates":[[-58.434858,-34.631745],[-58.43643,-34.631979]]}},{"type":"Feature","properties":{"nombre":"FRAGATA PRES. SARMIENTO","tipo":"Ciclovías","barrio":"Caballito"},"geometry":{"type":"LineString","coordinates":[[-58.450785,-34.617877],[-58.450842,-34.617793],[-58.451438,-34.616766]]}},{"type":"Feature","properties":{"nombre":"AMENABAR","tipo":"Ciclovías","barrio":"Belgrano"},"geometry":{"type":"LineString","coordinates":[[-58.454788,-34.567537],[-58.455434,-34.566785]]}},{"type":"Feature","properties":{"nombre":"MILLER","tipo":"Ciclovías","barrio":"Saavedra"},"geometry":{"type":"LineString","coordinates":[[-58.495564,-34.552422],[-58.496031,-34.551758],[-58.496114,-34.551639]]}},{"type":"Feature","properties":{"nombre":"COMPLEJO CIUDAD UNIVERSITARIA (SIN NOMBRE OFICIAL)","tipo":"Ciclovías","barrio":"Belgrano"},"geometry":{"type":"LineString","coordinates":[[-58.441077,-34.543102],[-58.441176,-34.54309],[-58.441277,-34.543117]]}},{"type":"Feature","properties":{"nombre":"DIAZ, CNEL. AV.","tipo":"Ciclovías","barrio":"Palermo"},"geometry":{"type":"LineString","coordinates":[[-58.407095,-34.584798],[-58.406401,-34.583808]]}},{"type":"Feature","properties":{"nombre":"BILLINGHURST","tipo":"Ciclovías","barrio":"Recoleta"},"geometry":{"type":"LineString","coordinates":[[-58.413831,-34.595606],[-58.413536,-34.594731]]}},{"type":"Feature","properties":{"nombre":"ROCA, CNEL. AV.","tipo":"Ciclovías","barrio":"Villa Riachuelo"},"geometry":{"type":"LineString","coordinates":[[-58.455856,-34.685192],[-58.456499,-34.68593]]}},{"type":"Feature","properties":{"nombre":"SERRANO","tipo":"Ciclovías","barrio":"Villa Crespo"},"geometry":{"type":"LineString","coordinates":[[-58.440021,-34.594833],[-58.438918,-34.594173]]}},{"type":"Feature","properties":{"nombre":"DOBLAS","tipo":"Ciclovías","barrio":"Parque Chacabuco"},"geometry":{"type":"LineString","coordinates":[[-58.427031,-34.637248],[-58.426994,-34.63739],[-58.426704,-34.638544]]}},{"type":"Feature","properties":{"nombre":"LA RABIDA (S) AV.","tipo":"Ciclovías","barrio":"Monserrat"},"geometry":{"type":"LineString","coordinates":[[-58.368324,-34.607316],[-58.368291,-34.607441],[-58.368255,-34.607616],[-58.368241,-34.607741],[-58.36824,-34.607893],[-58.368243,-34.608122]]}},{"type":"Feature","properties":{"nombre":"CORRIENTES AV.","tipo":"Ciclovías mano única","barrio":"Almagro"},"geometry":{"type":"LineString","coordinates":[[-58.422561,-34.603015],[-58.424105,-34.602862]]}},{"type":"Feature","properties":{"nombre":"RAWSON","tipo":"Ciclovías","barrio":"Almagro"},"geometry":{"type":"LineString","coordinates":[[-58.425926,-34.610996],[-58.426026,-34.610312]]}},{"type":"Feature","properties":{"nombre":"FIGUEROA ALCORTA, PRES. AV.","tipo":"Ciclovías","barrio":"Palermo"},"geometry":{"type":"LineString","coordinates":[[-58.423905,-34.562017],[-58.427076,-34.559507],[-58.427252,-34.559367]]}},{"type":"Feature","properties":{"nombre":"OTAMENDI","tipo":"Ciclovías","barrio":"Caballito"},"geometry":{"type":"LineString","coordinates":[[-58.434279,-34.6097],[-58.434732,-34.608731]]}},{"type":"Feature","properties":{"nombre":"MARTINEZ, ENRIQUE, GRAL.","tipo":"Ciclovías","barrio":"Colegiales"},"geometry":{"type":"LineString","coordinates":[[-58.449984,-34.578927],[-58.450141,-34.57885],[-58.451089,-34.578393]]}},{"type":"Feature","properties":{"nombre":"CHIVILCOY AV.","tipo":"Ciclovías mano única","barrio":"Villa Devoto"},"geometry":{"type":"LineString","coordinates":[[-58.514147,-34.597189],[-58.514795,-34.596469]]}},{"type":"Feature","properties":{"nombre":"MENDEZ DE ANDES","tipo":"Ciclovías","barrio":"Caballito"},"geometry":{"type":"LineString","coordinates":[[-58.450012,-34.616232],[-58.451226,-34.616697],[-58.451438,-34.616766]]}},{"type":"Feature","properties":{"nombre":"LOYOLA","tipo":"Ciclovías","barrio":"Villa Crespo"},"geometry":{"type":"LineString","coordinates":[[-58.43143,-34.600332],[-58.432212,-34.599495]]}},{"type":"Feature","properties":{"nombre":"ALSINA, ADOLFO","tipo":"Ciclovías","barrio":"Balvanera"},"geometry":{"type":"LineString","coordinates":[[-58.403243,-34.612284],[-58.404353,-34.612349]]}},{"type":"Feature","properties":{"nombre":"ECHEVERRIA","tipo":"Ciclovías","barrio":"Belgrano"},"geometry":{"type":"LineString","coordinates":[[-58.456855,-34.563566],[-58.45775,-34.564092]]}},{"type":"Feature","properties":{"nombre":"POLA","tipo":"Ciclovías","barrio":"Mataderos"},"geometry":{"type":"LineString","coordinates":[[-58.494945,-34.654131],[-58.493954,-34.654915]]}},{"type":"Feature","properties":{"nombre":"JUNCAL","tipo":"Ciclovías","barrio":"Recoleta"},"geometry":{"type":"LineString","coordinates":[[-58.39308,-34.593815],[-58.39432,-34.59362]]}},{"type":"Feature","properties":{"nombre":"RIVADAVIA MARTIN, COMODORO","tipo":"Ciclovías","barrio":"Nuñez"},"geometry":{"type":"LineString","coordinates":[[-58.465159,-34.545691],[-58.465251,-34.545861],[-58.465447,-34.546285],[-58.465563,-34.546483],[-58.465751,-34.546669]]}},{"type":"Feature","properties":{"nombre":"CUBA","tipo":"Ciclovías","barrio":"Nuñez"},"geometry":{"type":"LineString","coordinates":[[-58.46637,-34.547582],[-58.466493,-34.547405]]}},{"type":"Feature","properties":{"nombre":"GARCIA, JUAN AGUSTIN","tipo":"Ciclovías","barrio":"Villa Gral. Mitre"},"geometry":{"type":"LineString","coordinates":[[-58.479043,-34.608732],[-58.479664,-34.609059]]}},{"type":"Feature","properties":{"nombre":"ACUÑA DE FIGUEROA, FRANCISCO","tipo":"Ciclovías","barrio":"Almagro"},"geometry":{"type":"LineString","coordinates":[[-58.422561,-34.603015],[-58.422537,-34.602853],[-58.422383,-34.601751]]}},{"type":"Feature","properties":{"nombre":"ARAOZ DE LAMADRID, GREGORIO, GRAL.","tipo":"Ciclovías","barrio":"La Boca"},"geometry":{"type":"LineString","coordinates":[[-58.365162,-34.63954],[-58.365828,-34.639646],[-58.366197,-34.639698]]}},{"type":"Feature","properties":{"nombre":"MARTINEZ CASTRO","tipo":"Ciclovías","barrio":"Parque Avellaneda"},"geometry":{"type":"LineString","coordinates":[[-58.470013,-34.645598],[-58.4689,-34.646479]]}},{"type":"Feature","properties":{"nombre":"CABOTO","tipo":"Ciclovías","barrio":"La Boca"},"geometry":{"type":"LineString","coordinates":[[-58.361422,-34.627137],[-58.360684,-34.627622]]}},{"type":"Feature","properties":{"nombre":"BOLIVAR","tipo":"Ciclovías","barrio":"San Telmo"},"geometry":{"type":"LineString","coordinates":[[-58.372736,-34.623137],[-58.372674,-34.624323]]}},{"type":"Feature","properties":{"nombre":"JUNCAL","tipo":"Ciclovías","barrio":"Recoleta"},"geometry":{"type":"LineString","coordinates":[[-58.392162,-34.59396],[-58.39308,-34.593815]]}},{"type":"Feature","properties":{"nombre":"CHIVILCOY AV.","tipo":"Ciclovías mano única","barrio":"Villa Devoto"},"geometry":{"type":"LineString","coordinates":[[-58.510948,-34.600759],[-58.511457,-34.600205],[-58.511526,-34.600138],[-58.511608,-34.600095]]}},{"type":"Feature","properties":{"nombre":"CORRIENTES AV.","tipo":"Ciclovías mano única","barrio":"Almagro"},"geometry":{"type":"LineString","coordinates":[[-58.420957,-34.603174],[-58.422561,-34.603015]]}},{"type":"Feature","properties":{"nombre":"COMPLEJO CIUDAD UNIVERSITARIA (SIN NOMBRE OFICIAL)","tipo":"Ciclovías","barrio":"Belgrano"},"geometry":{"type":"LineString","coordinates":[[-58.438017,-34.54271],[-58.440628,-34.542699]]}},{"type":"Feature","properties":{"nombre":"GONZALEZ, ELPIDIO","tipo":"Ciclovías","barrio":"Versalles"},"geometry":{"type":"LineString","coordinates":[[-58.513641,-34.631591],[-58.513748,-34.631686],[-58.514395,-34.632274]]}},{"type":"Feature","properties":{"nombre":"ROCA, CNEL. AV.","tipo":"Ciclovías","barrio":"Villa Riachuelo"},"geometry":{"type":"LineString","coordinates":[[-58.466821,-34.695257],[-58.467588,-34.695959]]}},{"type":"Feature","properties":{"nombre":"PERON, JUAN DOMINGO, TTE. GENERAL","tipo":"Ciclovías","barrio":"Balvanera"},"geometry":{"type":"LineString","coordinates":[[-58.404751,-34.607624],[-58.404874,-34.607633],[-58.406123,-34.607743]]}},{"type":"Feature","properties":{"nombre":"MORON","tipo":"Ciclovías","barrio":"Floresta"},"geometry":{"type":"LineString","coordinates":[[-58.485959,-34.627615],[-58.48615,-34.627661],[-58.487193,-34.627916]]}},{"type":"Feature","properties":{"nombre":"ANTARTIDA ARGENTINA AV.","tipo":"Ciclovías","barrio":"Retiro"},"geometry":{"type":"LineString","coordinates":[[-58.368595,-34.59691],[-58.369065,-34.595557],[-58.369173,-34.59539]]}},{"type":"Feature","properties":{"nombre":"MOLDES","tipo":"Ciclovías","barrio":"Colegiales"},"geometry":{"type":"LineString","coordinates":[[-58.450342,-34.571127],[-58.450514,-34.571038],[-58.451195,-34.570645]]}},{"type":"Feature","properties":{"nombre":"TUCUMAN","tipo":"Ciclovías","barrio":"Balvanera"},"geometry":{"type":"LineString","coordinates":[[-58.394105,-34.602065],[-58.395406,-34.602152],[-58.395538,-34.602161]]}},{"type":"Feature","properties":{"nombre":"SUPERI","tipo":"Ciclovías","barrio":"Coghlan"},"geometry":{"type":"LineString","coordinates":[[-58.476412,-34.556194],[-58.476991,-34.555441]]}},{"type":"Feature","properties":{"nombre":"MONTEVIDEO","tipo":"Ciclovías","barrio":"Recoleta"},"geometry":{"type":"LineString","coordinates":[[-58.386921,-34.590775],[-58.38594,-34.589786]]}},{"type":"Feature","properties":{"nombre":"PASCO","tipo":"Ciclovías","barrio":"Balvanera"},"geometry":{"type":"LineString","coordinates":[[-58.397475,-34.610682],[-58.397455,-34.610959],[-58.397439,-34.611872]]}},{"type":"Feature","properties":{"nombre":"COMPLEJO CIUDAD UNIVERSITARIA (SIN NOMBRE OFICIAL)","tipo":"Ciclovías","barrio":"Belgrano"},"geometry":{"type":"LineString","coordinates":[[-58.447393,-34.540242],[-58.447534,-34.540394]]}},{"type":"Feature","properties":{"nombre":"STORNI ALFONSINA","tipo":"Ciclovías","barrio":"Saavedra"},"geometry":{"type":"LineString","coordinates":[[-58.50256,-34.566416],[-58.502693,-34.565789]]}},{"type":"Feature","properties":{"nombre":"MANSILLA, LUCIO NORBERTO, GENERAL","tipo":"Ciclovías","barrio":"Palermo"},"geometry":{"type":"LineString","coordinates":[[-58.415347,-34.590538],[-58.416486,-34.589729]]}},{"type":"Feature","properties":{"nombre":"PEPIRI","tipo":"Ciclovías","barrio":"Parque Patricios"},"geometry":{"type":"LineString","coordinates":[[-58.409544,-34.644074],[-58.409715,-34.645048]]}},{"type":"Feature","properties":{"nombre":"AMENABAR","tipo":"Ciclovías","barrio":"Belgrano"},"geometry":{"type":"LineString","coordinates":[[-58.460173,-34.561272],[-58.460975,-34.560338]]}},{"type":"Feature","properties":{"nombre":"BLANES, JUAN MANUEL","tipo":"Ciclovías","barrio":"La Boca"},"geometry":{"type":"LineString","coordinates":[[-58.359683,-34.628279],[-58.359843,-34.628442]]}},{"type":"Feature","properties":{"nombre":"ROCA, CNEL. AV.","tipo":"Ciclovías","barrio":"Villa Riachuelo"},"geometry":{"type":"LineString","coordinates":[[-58.460433,-34.689399],[-58.460783,-34.689719]]}},{"type":"Feature","properties":{"nombre":"CORDOBA AV.","tipo":"Ciclovías mano única","barrio":"Palermo"},"geometry":{"type":"LineString","coordinates":[[-58.441399,-34.58678],[-58.442427,-34.586099]]}},{"type":"Feature","properties":{"nombre":"MORON","tipo":"Ciclovías","barrio":"Floresta"},"geometry":{"type":"LineString","coordinates":[[-58.483314,-34.626979],[-58.483457,-34.627015],[-58.484698,-34.627312]]}},{"type":"Feature","properties":{"nombre":"DEL LIBERTADOR AV.","tipo":"Ciclovías","barrio":"Palermo"},"geometry":{"type":"LineString","coordinates":[[-58.405835,-34.579561],[-58.406327,-34.579161]]}},{"type":"Feature","properties":{"nombre":"MACHU PICCHU","tipo":"Ciclovías","barrio":"Retiro"},"geometry":{"type":"LineString","coordinates":[[-58.377006,-34.585176],[-58.376862,-34.585109],[-58.376672,-34.58504],[-58.376584,-34.585007]]}},{"type":"Feature","properties":{"nombre":"CABOTO","tipo":"Ciclovías","barrio":"La Boca"},"geometry":{"type":"LineString","coordinates":[[-58.355407,-34.632882],[-58.354968,-34.633612],[-58.354897,-34.633734]]}},{"type":"Feature","properties":{"nombre":"GONZALEZ, ELPIDIO","tipo":"Ciclovías","barrio":"Monte Castro"},"geometry":{"type":"LineString","coordinates":[[-58.494705,-34.616723],[-58.494821,-34.616822],[-58.495598,-34.617469]]}},{"type":"Feature","properties":{"nombre":"CALVO, CARLOS","tipo":"Ciclovías","barrio":"Constitucion"},"geometry":{"type":"LineString","coordinates":[[-58.380619,-34.619759],[-58.381042,-34.619757]]}},{"type":"Feature","properties":{"nombre":"OBLIGADO RAFAEL, AV.COSTANERA","tipo":"Ciclovías","barrio":"Belgrano"},"geometry":{"type":"LineString","coordinates":[[-58.429218,-34.550847],[-58.429692,-34.550523]]}},{"type":"Feature","properties":{"nombre":"ALVEAR, MARCELO T. DE","tipo":"Ciclovías","barrio":"Recoleta"},"geometry":{"type":"LineString","coordinates":[[-58.388302,-34.597119],[-58.38843,-34.597125],[-58.38965,-34.597194],[-58.389786,-34.597195]]}},{"type":"Feature","properties":{"nombre":"LAS CASAS","tipo":"Ciclovías","barrio":"Boedo"},"geometry":{"type":"LineString","coordinates":[[-58.416777,-34.635413],[-58.417911,-34.635532]]}},{"type":"Feature","properties":{"nombre":"MARTINEZ, ENRIQUE, GRAL.","tipo":"Ciclovías","barrio":"Colegiales"},"geometry":{"type":"LineString","coordinates":[[-58.451089,-34.578393],[-58.452011,-34.577948]]}},{"type":"Feature","properties":{"nombre":"CALVO, CARLOS","tipo":"Ciclovías","barrio":"Boedo"},"geometry":{"type":"LineString","coordinates":[[-58.412044,-34.622974],[-58.412336,-34.623032]]}},{"type":"Feature","properties":{"nombre":"MARTINEZ CASTRO","tipo":"Ciclovías","barrio":"Parque Avellaneda"},"geometry":{"type":"LineString","coordinates":[[-58.475917,-34.640927],[-58.474804,-34.641809]]}},{"type":"Feature","properties":{"nombre":"CALVO, CARLOS","tipo":"Ciclovías","barrio":"Constitucion"},"geometry":{"type":"LineString","coordinates":[[-58.387323,-34.619956],[-58.387431,-34.619964],[-58.388841,-34.620052]]}},{"type":"Feature","properties":{"nombre":"ALVAREZ, JULIAN","tipo":"Ciclovías","barrio":"Villa Crespo"},"geometry":{"type":"LineString","coordinates":[[-58.436224,-34.600725],[-58.436152,-34.600673]]}},{"type":"Feature","properties":{"nombre":"GALLARDO, ANGEL AV.","tipo":"Ciclovías mano única","barrio":"Villa Crespo"},"geometry":{"type":"LineString","coordinates":[[-58.436618,-34.604283],[-58.437055,-34.604491],[-58.437176,-34.604552]]}},{"type":"Feature","properties":{"nombre":"PAVON","tipo":"Ciclovías","barrio":"San Cristobal"},"geometry":{"type":"LineString","coordinates":[[-58.408488,-34.628332],[-58.409976,-34.628736]]}},{"type":"Feature","properties":{"nombre":"RINCON","tipo":"Ciclovías","barrio":"Balvanera"},"geometry":{"type":"LineString","coordinates":[[-58.396056,-34.617196],[-58.396003,-34.618168],[-58.395993,-34.618381]]}},{"type":"Feature","properties":{"nombre":"MENDEZ DE ANDES","tipo":"Ciclovías","barrio":"Caballito"},"geometry":{"type":"LineString","coordinates":[[-58.449163,-34.615906],[-58.450012,-34.616232]]}},{"type":"Feature","properties":{"nombre":"MONTEVIDEO","tipo":"Ciclovías","barrio":"Recoleta"},"geometry":{"type":"LineString","coordinates":[[-58.389009,-34.592484],[-58.387954,-34.591648]]}},{"type":"Feature","properties":{"nombre":"AMBROSETTI, JUAN B.","tipo":"Ciclovías","barrio":"Caballito"},"geometry":{"type":"LineString","coordinates":[[-58.438094,-34.611292],[-58.438357,-34.610437]]}},{"type":"Feature","properties":{"nombre":"CAMINO DE SIRGA","tipo":"Ciclovías","barrio":"Nueva Pompeya"},"geometry":{"type":"LineString","coordinates":[[-58.406165,-34.65986],[-58.405776,-34.659795],[-58.405205,-34.659652],[-58.404655,-34.659534],[-58.404135,-34.659441],[-58.403696,-34.659365],[-58.403146,-34.659339],[-58.402728,-34.659373],[-58.40234,-34.659423],[-58.401922,-34.659541],[-58.401269,-34.659793],[-58.400933,-34.659958]]}},{"type":"Feature","properties":{"nombre":"POTOSI","tipo":"Ciclovías","barrio":"Almagro"},"geometry":{"type":"LineString","coordinates":[[-58.426182,-34.607278],[-58.427036,-34.607281]]}},{"type":"Feature","properties":{"nombre":"GORRITI","tipo":"Ciclovías","barrio":"Palermo"},"geometry":{"type":"LineString","coordinates":[[-58.423638,-34.594805],[-58.424421,-34.594144]]}},{"type":"Feature","properties":{"nombre":"GUATEMALA","tipo":"Ciclovías","barrio":"Palermo"},"geometry":{"type":"LineString","coordinates":[[-58.431043,-34.581082],[-58.43196,-34.580349]]}},{"type":"Feature","properties":{"nombre":"MENDEZ DE ANDES","tipo":"Ciclovías","barrio":"Flores"},"geometry":{"type":"LineString","coordinates":[[-58.46318,-34.621416],[-58.46411,-34.621827]]}},{"type":"Feature","properties":{"nombre":"PASEO COLON AV.","tipo":"Ciclovías","barrio":"San Telmo"},"geometry":{"type":"LineString","coordinates":[[-58.368315,-34.621686],[-58.368216,-34.62262],[-58.368191,-34.62281]]}},{"type":"Feature","properties":{"nombre":"CORDOBA AV.","tipo":"Ciclovías mano única","barrio":"Palermo"},"geometry":{"type":"LineString","coordinates":[[-58.439391,-34.588108],[-58.440158,-34.587601]]}},{"type":"Feature","properties":{"nombre":"DEL LIBERTADOR AV.","tipo":"Ciclovías","barrio":"Nuñez"},"geometry":{"type":"LineString","coordinates":[[-58.458118,-34.546059],[-58.458925,-34.545403]]}},{"type":"Feature","properties":{"nombre":"ESTRADA","tipo":"Ciclovías","barrio":"Parque Chacabuco"},"geometry":{"type":"LineString","coordinates":[[-58.43942,-34.633169],[-58.439672,-34.6333]]}},{"type":"Feature","properties":{"nombre":"RODO, JOSE E.","tipo":"Ciclovías","barrio":"Parque Avellaneda"},"geometry":{"type":"LineString","coordinates":[[-58.487431,-34.644435],[-58.487777,-34.644743]]}},{"type":"Feature","properties":{"nombre":"VERTIZ VIRREY AV.","tipo":"Ciclovías","barrio":"Belgrano"},"geometry":{"type":"LineString","coordinates":[[-58.44529,-34.561028],[-58.446694,-34.560401]]}},{"type":"Feature","properties":{"nombre":"LOYOLA","tipo":"Ciclovías","barrio":"Chacarita"},"geometry":{"type":"LineString","coordinates":[[-58.441376,-34.589711],[-58.442276,-34.58903]]}},{"type":"Feature","properties":{"nombre":"GONZALEZ, ELPIDIO","tipo":"Ciclovías","barrio":"Monte Castro"},"geometry":{"type":"LineString","coordinates":[[-58.505768,-34.624458],[-58.505871,-34.624554],[-58.506968,-34.625585]]}},{"type":"Feature","properties":{"nombre":"MILLER","tipo":"Ciclovías","barrio":"Saavedra"},"geometry":{"type":"LineString","coordinates":[[-58.493606,-34.555217],[-58.493707,-34.55507],[-58.493877,-34.554828]]}},{"type":"Feature","properties":{"nombre":"CORDOBA AV.","tipo":"Ciclovías mano única","barrio":"Recoleta"},"geometry":{"type":"LineString","coordinates":[[-58.392934,-34.599636],[-58.394399,-34.599673]]}},{"type":"Feature","properties":{"nombre":"PEDRAZA, MANUELA","tipo":"Ciclovías","barrio":"Nuñez"},"geometry":{"type":"LineString","coordinates":[[-58.463021,-34.549582],[-58.463451,-34.549799]]}},{"type":"Feature","properties":{"nombre":"BAIGORRI","tipo":"Ciclovías","barrio":"Barracas"},"geometry":{"type":"LineString","coordinates":[[-58.387271,-34.633354],[-58.386442,-34.634637]]}},{"type":"Feature","properties":{"nombre":"CAMPOS SALLES","tipo":"Ciclovías","barrio":"Nuñez"},"geometry":{"type":"LineString","coordinates":[[-58.450815,-34.542855],[-58.451094,-34.54263],[-58.451408,-34.542398],[-58.451996,-34.542055],[-58.45273,-34.54301],[-58.453572,-34.544095],[-58.455179,-34.546113]]}},{"type":"Feature","properties":{"nombre":"SAN JUAN AV.","tipo":"Ciclovías","barrio":"San Telmo"},"geometry":{"type":"LineString","coordinates":[[-58.366913,-34.621477],[-58.367007,-34.621576],[-58.367072,-34.621601]]}},{"type":"Feature","properties":{"nombre":"FIGUEROA ALCORTA, PRES. AV.","tipo":"Ciclovías","barrio":"Belgrano"},"geometry":{"type":"LineString","coordinates":[[-58.451063,-34.546445],[-58.451674,-34.546353]]}},{"type":"Feature","properties":{"nombre":"MARTINEZ CASTRO","tipo":"Ciclovías","barrio":"Parque Avellaneda"},"geometry":{"type":"LineString","coordinates":[[-58.472541,-34.643592],[-58.472425,-34.643689],[-58.471286,-34.644591]]}},{"type":"Feature","properties":{"nombre":"CHIVILCOY","tipo":"Ciclovías","barrio":"Villa Devoto"},"geometry":{"type":"LineString","coordinates":[[-58.502368,-34.610419],[-58.502471,-34.6103],[-58.503,-34.609677],[-58.503118,-34.609557]]}},{"type":"Feature","properties":{"nombre":"ECUADOR","tipo":"Ciclovías","barrio":"Balvanera"},"geometry":{"type":"LineString","coordinates":[[-58.406946,-34.601625],[-58.40665,-34.60071]]}},{"type":"Feature","properties":{"nombre":"ALVEAR, MARCELO T. DE","tipo":"Ciclovías","barrio":"Recoleta"},"geometry":{"type":"LineString","coordinates":[[-58.391347,-34.597212],[-58.391628,-34.597215],[-58.39181,-34.597218]]}},{"type":"Feature","properties":{"nombre":"LINIERS VIRREY","tipo":"Ciclovías","barrio":"Boedo"},"geometry":{"type":"LineString","coordinates":[[-58.413732,-34.623333],[-58.413656,-34.624207]]}},{"type":"Feature","properties":{"nombre":"BONIFACIO, JOSE","tipo":"Ciclovías","barrio":"Floresta"},"geometry":{"type":"LineString","coordinates":[[-58.474914,-34.636769],[-58.475923,-34.637132]]}},{"type":"Feature","properties":{"nombre":"CORRIENTES AV.","tipo":"Ciclovías mano única","barrio":"San Nicolas"},"geometry":{"type":"LineString","coordinates":[[-58.372465,-34.603146],[-58.372579,-34.603154],[-58.373854,-34.603232]]}},{"type":"Feature","properties":{"nombre":"CABOTO","tipo":"Ciclovías","barrio":"La Boca"},"geometry":{"type":"LineString","coordinates":[[-58.35442,-34.63455],[-58.353935,-34.635381]]}},{"type":"Feature","properties":{"nombre":"COLECTORA CANTILO, INT.","tipo":"Ciclovías","barrio":"Nuñez"},"geometry":{"type":"LineString","coordinates":[[-58.459535,-34.536522],[-58.459763,-34.536255],[-58.45993,-34.536044],[-58.46003,-34.535894],[-58.460264,-34.535446],[-58.460373,-34.535288]]}},{"type":"Feature","properties":{"nombre":"CASTELLI","tipo":"Ciclovías","barrio":"Balvanera"},"geometry":{"type":"LineString","coordinates":[[-58.404577,-34.610041],[-58.404674,-34.608764]]}},{"type":"Feature","properties":{"nombre":"PATRICIAS ARGENTINAS AV.","tipo":"Ciclovías","barrio":"Caballito"},"geometry":{"type":"LineString","coordinates":[[-58.434648,-34.604643],[-58.435354,-34.604461]]}},{"type":"Feature","properties":{"nombre":"ALVAREZ, JULIAN","tipo":"Ciclovías","barrio":"Villa Crespo"},"geometry":{"type":"LineString","coordinates":[[-58.432995,-34.598658],[-58.432168,-34.598131],[-58.431915,-34.597968]]}},{"type":"Feature","properties":{"nombre":"DOBLAS","tipo":"Ciclovías mano única","barrio":"Caballito"},"geometry":{"type":"LineString","coordinates":[[-58.431544,-34.618706],[-58.431349,-34.619652],[-58.43131,-34.619847]]}},{"type":"Feature","properties":{"nombre":"ALVAREZ, JULIAN","tipo":"Ciclovías","barrio":"Palermo"},"geometry":{"type":"LineString","coordinates":[[-58.417069,-34.588185],[-58.415664,-34.587353]]}},{"type":"Feature","properties":{"nombre":"LA PAMPA","tipo":"Ciclovías","barrio":"Villa Urquiza"},"geometry":{"type":"LineString","coordinates":[[-58.478988,-34.579125],[-58.479232,-34.57927],[-58.480183,-34.57982]]}},{"type":"Feature","properties":{"nombre":"CUBA","tipo":"Ciclovías","barrio":"Nuñez"},"geometry":{"type":"LineString","coordinates":[[-58.461925,-34.553637],[-58.462702,-34.552577]]}},{"type":"Feature","properties":{"nombre":"CHIVILCOY AV.","tipo":"Ciclovías mano única","barrio":"Villa Devoto"},"geometry":{"type":"LineString","coordinates":[[-58.515037,-34.5962],[-58.515443,-34.595749]]}},{"type":"Feature","properties":{"nombre":"ALSINA, ADOLFO","tipo":"Ciclovías","barrio":"Balvanera"},"geometry":{"type":"LineString","coordinates":[[-58.40032,-34.612082],[-58.400489,-34.612095],[-58.401379,-34.612167],[-58.401552,-34.61218]]}},{"type":"Feature","properties":{"nombre":"CORRIENTES AV.","tipo":"Ciclovías mano única","barrio":"Villa Crespo"},"geometry":{"type":"LineString","coordinates":[[-58.434853,-34.601184],[-58.436057,-34.600781]]}},{"type":"Feature","properties":{"nombre":"DEL LIBERTADOR AV.","tipo":"Ciclovías","barrio":"Palermo"},"geometry":{"type":"LineString","coordinates":[[-58.408619,-34.577837],[-58.409866,-34.577281]]}},{"type":"Feature","properties":{"nombre":"PATRON","tipo":"Ciclovías","barrio":"Liniers"},"geometry":{"type":"LineString","coordinates":[[-58.511152,-34.644229],[-58.51202,-34.645009]]}},{"type":"Feature","properties":{"nombre":"11 DE SEPTIEMBRE DE 1888","tipo":"Ciclovías","barrio":"Belgrano"},"geometry":{"type":"LineString","coordinates":[[-58.445521,-34.565341],[-58.446319,-34.564408]]}},{"type":"Feature","properties":{"nombre":"RODRIGUEZ, MARTIN","tipo":"Ciclovías","barrio":"La Boca"},"geometry":{"type":"LineString","coordinates":[[-58.361373,-34.634283],[-58.360989,-34.634908],[-58.360872,-34.6351]]}},{"type":"Feature","properties":{"nombre":"ZAVALIA","tipo":"Ciclovías","barrio":"Belgrano"},"geometry":{"type":"LineString","coordinates":[[-58.450284,-34.559672],[-58.451965,-34.559271]]}},{"type":"Feature","properties":{"nombre":"VALLE","tipo":"Ciclovías","barrio":"Caballito"},"geometry":{"type":"LineString","coordinates":[[-58.437711,-34.624704],[-58.437953,-34.624728],[-58.438348,-34.624765]]}},{"type":"Feature","properties":{"nombre":"COMPLEJO PARQUE DE LOS NIÑOS (SIN NOMBRE OFICIAL)","tipo":"Ciclovías","barrio":"Nuñez"},"geometry":{"type":"LineString","coordinates":[[-58.461352,-34.534434],[-58.461017,-34.534289]]}},{"type":"Feature","properties":{"nombre":"RODO, JOSE E.","tipo":"Ciclovías","barrio":"Mataderos"},"geometry":{"type":"LineString","coordinates":[[-58.494566,-34.650598],[-58.494892,-34.650869]]}},{"type":"Feature","properties":{"nombre":"FIGUEROA ALCORTA, PRES. AV.","tipo":"Ciclovías","barrio":"Palermo"},"geometry":{"type":"LineString","coordinates":[[-58.434118,-34.553954],[-58.434655,-34.553594]]}},{"type":"Feature","properties":{"nombre":"MONTEVIDEO","tipo":"Ciclovías","barrio":"Recoleta"},"geometry":{"type":"LineString","coordinates":[[-58.389723,-34.598478],[-58.389729,-34.59837],[-58.389763,-34.597333],[-58.389786,-34.597195]]}},{"type":"Feature","properties":{"nombre":"PEDRAZA, MANUELA","tipo":"Ciclovías","barrio":"Nuñez"},"geometry":{"type":"LineString","coordinates":[[-58.462395,-34.549272],[-58.462516,-34.549289],[-58.462741,-34.549392],[-58.462831,-34.549427]]}},{"type":"Feature","properties":{"nombre":"MILLER","tipo":"Ciclovías","barrio":"Saavedra"},"geometry":{"type":"LineString","coordinates":[[-58.490778,-34.559303],[-58.491327,-34.558512]]}},{"type":"Feature","properties":{"nombre":"MACHU PICCHU","tipo":"Ciclovías","barrio":"Retiro"},"geometry":{"type":"LineString","coordinates":[[-58.375913,-34.584474],[-58.375681,-34.584191]]}},{"type":"Feature","properties":{"nombre":"ACUÑA DE FIGUEROA, FRANCISCO","tipo":"Ciclovías","barrio":"Almagro"},"geometry":{"type":"LineString","coordinates":[[-58.422213,-34.600539],[-58.422041,-34.599363]]}},{"type":"Feature","properties":{"nombre":"RINCON","tipo":"Ciclovías","barrio":"Balvanera"},"geometry":{"type":"LineString","coordinates":[[-58.396168,-34.611783],[-58.396152,-34.612975]]}},{"type":"Feature","properties":{"nombre":"CONGRESO","tipo":"Ciclovías","barrio":"Nuñez"},"geometry":{"type":"LineString","coordinates":[[-58.458317,-34.553273],[-58.458407,-34.553253],[-58.458577,-34.553337]]}},{"type":"Feature","properties":{"nombre":"IRALA","tipo":"Ciclovías","barrio":"La Boca"},"geometry":{"type":"LineString","coordinates":[[-58.366624,-34.637014],[-58.366479,-34.637923]]}},{"type":"Feature","properties":{"nombre":"COMPLEJO CIUDAD UNIVERSITARIA (SIN NOMBRE OFICIAL)","tipo":"Ciclovías","barrio":"Belgrano"},"geometry":{"type":"LineString","coordinates":[[-58.442274,-34.543068],[-58.443491,-34.542365]]}},{"type":"Feature","properties":{"nombre":"HERRERA","tipo":"Ciclovías","barrio":"Barracas"},"geometry":{"type":"LineString","coordinates":[[-58.376847,-34.641354],[-58.376497,-34.642685]]}},{"type":"Feature","properties":{"nombre":"NEWBERY, JORGE","tipo":"Ciclovías","barrio":"Colegiales"},"geometry":{"type":"LineString","coordinates":[[-58.447484,-34.580145],[-58.448101,-34.581051]]}},{"type":"Feature","properties":{"nombre":"GORRITI","tipo":"Ciclovías","barrio":"Palermo"},"geometry":{"type":"LineString","coordinates":[[-58.415049,-34.595597],[-58.416749,-34.595538]]}},{"type":"Feature","properties":{"nombre":"GUATEMALA","tipo":"Ciclovías","barrio":"Palermo"},"geometry":{"type":"LineString","coordinates":[[-58.432977,-34.579538],[-58.43399,-34.57873]]}},{"type":"Feature","properties":{"nombre":"CUCHA CUCHA","tipo":"Ciclovías","barrio":"Villa Crespo"},"geometry":{"type":"LineString","coordinates":[[-58.457071,-34.601892],[-58.457533,-34.601794]]}},{"type":"Feature","properties":{"nombre":"CABOTO","tipo":"Ciclovías","barrio":"La Boca"},"geometry":{"type":"LineString","coordinates":[[-58.359843,-34.628442],[-58.358727,-34.629185],[-58.358435,-34.629378]]}},{"type":"Feature","properties":{"nombre":"CALVO, CARLOS","tipo":"Ciclovías","barrio":"Constitucion"},"geometry":{"type":"LineString","coordinates":[[-58.388841,-34.620052],[-58.3902,-34.620136]]}},{"type":"Feature","properties":{"nombre":"SUIPACHA","tipo":"Ciclovías","barrio":"San Nicolas"},"geometry":{"type":"LineString","coordinates":[[-58.379383,-34.604907],[-58.379387,-34.604837]]}},{"type":"Feature","properties":{"nombre":"ESTADOS UNIDOS","tipo":"Ciclovías","barrio":"Boedo"},"geometry":{"type":"LineString","coordinates":[[-58.414948,-34.622277],[-58.41637,-34.622445]]}},{"type":"Feature","properties":{"nombre":"COMPLEJO CIUDAD UNIVERSITARIA (SIN NOMBRE OFICIAL)","tipo":"Ciclovías","barrio":"Belgrano"},"geometry":{"type":"LineString","coordinates":[[-58.441277,-34.543117],[-58.441538,-34.543153],[-58.441858,-34.543139],[-58.442274,-34.543068]]}},{"type":"Feature","properties":{"nombre":"LINIERS VIRREY","tipo":"Ciclovías","barrio":"Boedo"},"geometry":{"type":"LineString","coordinates":[[-58.412965,-34.632016],[-58.412967,-34.632194],[-58.413022,-34.633141],[-58.413033,-34.633333]]}},{"type":"Feature","properties":{"nombre":"CHIVILCOY","tipo":"Ciclovías","barrio":"Floresta"},"geometry":{"type":"LineString","coordinates":[[-58.493974,-34.618755],[-58.494515,-34.618327]]}},{"type":"Feature","properties":{"nombre":"SANCHEZ DE LORIA","tipo":"Ciclovías","barrio":"Balvanera"},"geometry":{"type":"LineString","coordinates":[[-58.414017,-34.61155],[-58.413564,-34.612364],[-58.413438,-34.612614]]}},{"type":"Feature","properties":{"nombre":"SASTRE, MARCOS","tipo":"Ciclovías","barrio":"Monte Castro"},"geometry":{"type":"LineString","coordinates":[[-58.515389,-34.620527],[-58.515526,-34.62064],[-58.515784,-34.620854],[-58.515936,-34.620987]]}},{"type":"Feature","properties":{"nombre":"MENDEZ DE ANDES","tipo":"Ciclovías","barrio":"Flores"},"geometry":{"type":"LineString","coordinates":[[-58.459747,-34.619842],[-58.460874,-34.620359],[-58.461017,-34.620423]]}},{"type":"Feature","properties":{"nombre":"HUMAHUACA","tipo":"Ciclovías","barrio":"Almagro"},"geometry":{"type":"LineString","coordinates":[[-58.417905,-34.60219],[-58.419342,-34.602049]]}},{"type":"Feature","properties":{"nombre":"RODO, JOSE E.","tipo":"Ciclovías","barrio":"Mataderos"},"geometry":{"type":"LineString","coordinates":[[-58.492219,-34.648597],[-58.492342,-34.648702],[-58.493001,-34.649261]]}},{"type":"Feature","properties":{"nombre":"PERETTE, CARLOS H.","tipo":"Ciclovías","barrio":"Retiro"},"geometry":{"type":"LineString","coordinates":[[-58.375681,-34.584191],[-58.376379,-34.583789]]}},{"type":"Feature","properties":{"nombre":"MILLER","tipo":"Ciclovías","barrio":"Saavedra"},"geometry":{"type":"LineString","coordinates":[[-58.490022,-34.560391],[-58.490778,-34.559303]]}},{"type":"Feature","properties":{"nombre":"CORRIENTES AV.","tipo":"Ciclovías mano única","barrio":"Villa Crespo"},"geometry":{"type":"LineString","coordinates":[[-58.443539,-34.595471],[-58.444301,-34.594764]]}},{"type":"Feature","properties":{"nombre":"BARROS PAZOS, JOSE","tipo":"Ciclovías mano única","barrio":"Villa Riachuelo"},"geometry":{"type":"LineString","coordinates":[[-58.478438,-34.686487],[-58.479083,-34.687071],[-58.479198,-34.687175]]}},{"type":"Feature","properties":{"nombre":"ESTADO DE ISRAEL AV.","tipo":"Ciclovías mano única","barrio":"Villa Crespo"},"geometry":{"type":"LineString","coordinates":[[-58.430152,-34.59977],[-58.43019,-34.599804]]}},{"type":"Feature","properties":{"nombre":"CERETTI","tipo":"Ciclovías","barrio":"Villa Urquiza"},"geometry":{"type":"LineString","coordinates":[[-58.490665,-34.581127],[-58.491067,-34.580611]]}},{"type":"Feature","properties":{"nombre":"MANSILLA, LUCIO NORBERTO, GENERAL","tipo":"Ciclovías","barrio":"Recoleta"},"geometry":{"type":"LineString","coordinates":[[-58.412123,-34.592875],[-58.412686,-34.59246],[-58.41288,-34.592319]]}},{"type":"Feature","properties":{"nombre":"PADILLA","tipo":"Ciclovías","barrio":"Villa Crespo"},"geometry":{"type":"LineString","coordinates":[[-58.441825,-34.600661],[-58.442783,-34.599792]]}},{"type":"Feature","properties":{"nombre":"BLANCO ENCALADA","tipo":"Ciclovías","barrio":"Villa Urquiza"},"geometry":{"type":"LineString","coordinates":[[-58.474598,-34.568452],[-58.475477,-34.568983],[-58.475618,-34.569069]]}},{"type":"Feature","properties":{"nombre":"LAMAS, ANDRES","tipo":"Ciclovías","barrio":"Villa Gral. Mitre"},"geometry":{"type":"LineString","coordinates":[[-58.467112,-34.609892],[-58.467314,-34.60963]]}},{"type":"Feature","properties":{"nombre":"BEIRO, FRANCISCO AV.","tipo":"Ciclovías","barrio":"Agronomia"},"geometry":{"type":"LineString","coordinates":[[-58.491137,-34.59309],[-58.490871,-34.592982],[-58.490679,-34.592942],[-58.490391,-34.592935],[-58.490299,-34.592971]]}},{"type":"Feature","properties":{"nombre":"DEL LIBERTADOR AV.","tipo":"Ciclovías","barrio":"Belgrano"},"geometry":{"type":"LineString","coordinates":[[-58.45231,-34.551318],[-58.453007,-34.550505]]}},{"type":"Feature","properties":{"nombre":"CORDOBA AV.","tipo":"Ciclovías mano única","barrio":"Palermo"},"geometry":{"type":"LineString","coordinates":[[-58.437126,-34.589612],[-58.438053,-34.58899]]}},{"type":"Feature","properties":{"nombre":"CORRIENTES AV.","tipo":"Ciclovías mano única","barrio":"Balvanera"},"geometry":{"type":"LineString","coordinates":[[-58.405472,-34.604563],[-58.405647,-34.604545],[-58.406645,-34.604412]]}},{"type":"Feature","properties":{"nombre":"DEL LIBERTADOR AV.","tipo":"Ciclovías","barrio":"Palermo"},"geometry":{"type":"LineString","coordinates":[[-58.432247,-34.56617],[-58.433312,-34.565536]]}},{"type":"Feature","properties":{"nombre":"BLANCO ENCALADA","tipo":"Ciclovías","barrio":"Villa Urquiza"},"geometry":{"type":"LineString","coordinates":[[-58.489135,-34.577172],[-58.490208,-34.577805]]}},{"type":"Feature","properties":{"nombre":"SASTRE, MARCOS","tipo":"Ciclovías","barrio":"Monte Castro"},"geometry":{"type":"LineString","coordinates":[[-58.51789,-34.622714],[-58.518906,-34.623611]]}},{"type":"Feature","properties":{"nombre":"DOBLAS","tipo":"Ciclovías","barrio":"Parque Chacabuco"},"geometry":{"type":"LineString","coordinates":[[-58.429635,-34.627412],[-58.429376,-34.628562],[-58.429326,-34.628733]]}},{"type":"Feature","properties":{"nombre":"BOLIVAR","tipo":"Ciclovías","barrio":"San Telmo"},"geometry":{"type":"LineString","coordinates":[[-58.372942,-34.619603],[-58.372854,-34.620596],[-58.372854,-34.620721]]}},{"type":"Feature","properties":{"nombre":"CONGRESO","tipo":"Ciclovías","barrio":"Nuñez"},"geometry":{"type":"LineString","coordinates":[[-58.458079,-34.55315],[-58.458147,-34.553157],[-58.458264,-34.553222],[-58.458317,-34.553273]]}},{"type":"Feature","properties":{"nombre":"HUMBOLDT","tipo":"Ciclovías","barrio":"Palermo"},"geometry":{"type":"LineString","coordinates":[[-58.439391,-34.588108],[-58.439218,-34.587972],[-58.438512,-34.587297]]}},{"type":"Feature","properties":{"nombre":"MONROE","tipo":"Ciclovías","barrio":"Belgrano"},"geometry":{"type":"LineString","coordinates":[[-58.446479,-34.550315],[-58.447634,-34.550999]]}},{"type":"Feature","properties":{"nombre":"IBERA","tipo":"Ciclovías","barrio":"Coghlan"},"geometry":{"type":"LineString","coordinates":[[-58.473366,-34.558392],[-58.474325,-34.558914]]}},{"type":"Feature","properties":{"nombre":"ALVAREZ, JULIAN","tipo":"Ciclovías","barrio":"Villa Crespo"},"geometry":{"type":"LineString","coordinates":[[-58.438512,-34.602194],[-58.43729,-34.601409]]}},{"type":"Feature","properties":{"nombre":"SARMIENTO AV.","tipo":"Ciclovías","barrio":"Palermo"},"geometry":{"type":"LineString","coordinates":[[-58.41286,-34.572624],[-58.412319,-34.572173]]}},{"type":"Feature","properties":{"nombre":"NECOCHEA","tipo":"Ciclovías","barrio":"La Boca"},"geometry":{"type":"LineString","coordinates":[[-58.366307,-34.626694],[-58.366245,-34.626847],[-58.366127,-34.627029],[-58.36567,-34.627331]]}},{"type":"Feature","properties":{"nombre":"TACUARI","tipo":"Ciclovías","barrio":"Barracas"},"geometry":{"type":"LineString","coordinates":[[-58.375623,-34.628966],[-58.374921,-34.629767],[-58.374794,-34.629913]]}},{"type":"Feature","properties":{"nombre":"ROLDAN, BELISARIO AV.","tipo":"Ciclovías","barrio":"Palermo"},"geometry":{"type":"LineString","coordinates":[[-58.412839,-34.570084],[-58.412887,-34.569983],[-58.412913,-34.569918],[-58.412931,-34.569862],[-58.412945,-34.569805],[-58.412956,-34.569747],[-58.412964,-34.56969],[-58.412967,-34.569632],[-58.412967,-34.569574],[-58.412963,-34.569516],[-58.412956,-34.569458],[-58.412943,-34.569391],[-58.412831,-34.569176]]}},{"type":"Feature","properties":{"nombre":"ROCA, CNEL. AV.","tipo":"Ciclovías","barrio":"Villa Riachuelo"},"geometry":{"type":"LineString","coordinates":[[-58.457993,-34.687308],[-58.458557,-34.687666],[-58.459204,-34.688275]]}},{"type":"Feature","properties":{"nombre":"HORNOS, GRAL.","tipo":"Ciclovías","barrio":"Barracas"},"geometry":{"type":"LineString","coordinates":[[-58.375527,-34.642191],[-58.37549,-34.642525]]}},{"type":"Feature","properties":{"nombre":"PICHEUTA","tipo":"Ciclovías","barrio":"Parque Chacabuco"},"geometry":{"type":"LineString","coordinates":[[-58.434787,-34.637273],[-58.434583,-34.637838]]}},{"type":"Feature","properties":{"nombre":"CHIVILCOY AV.","tipo":"Ciclovías mano única","barrio":"Villa Devoto"},"geometry":{"type":"LineString","coordinates":[[-58.517746,-34.593197],[-58.518513,-34.592348]]}},{"type":"Feature","properties":{"nombre":"COMPLEJO CIUDAD UNIVERSITARIA (SIN NOMBRE OFICIAL)","tipo":"Ciclovías","barrio":"Belgrano"},"geometry":{"type":"LineString","coordinates":[[-58.444982,-34.541546],[-58.445654,-34.541183]]}},{"type":"Feature","properties":{"nombre":"MANSILLA, LUCIO NORBERTO, GENERAL","tipo":"Ciclovías","barrio":"Palermo"},"geometry":{"type":"LineString","coordinates":[[-58.416814,-34.589605],[-58.417028,-34.589343]]}},{"type":"Feature","properties":{"nombre":"VALLE","tipo":"Ciclovías","barrio":"Caballito"},"geometry":{"type":"LineString","coordinates":[[-58.440622,-34.624991],[-58.441645,-34.625091]]}},{"type":"Feature","properties":{"nombre":"VALLE","tipo":"Ciclovías","barrio":"Caballito"},"geometry":{"type":"LineString","coordinates":[[-58.430423,-34.623978],[-58.431624,-34.624132],[-58.431791,-34.624157]]}},{"type":"Feature","properties":{"nombre":"HERRERA","tipo":"Ciclovías","barrio":"Barracas"},"geometry":{"type":"LineString","coordinates":[[-58.379312,-34.632864],[-58.378708,-34.634818]]}},{"type":"Feature","properties":{"nombre":"TAGLE","tipo":"Ciclovías","barrio":"Palermo"},"geometry":{"type":"LineString","coordinates":[[-58.399365,-34.582715],[-58.398113,-34.580702]]}},{"type":"Feature","properties":{"nombre":"GALLARDO, ANGEL AV.","tipo":"Ciclovías mano única","barrio":"Villa Crespo"},"geometry":{"type":"LineString","coordinates":[[-58.433336,-34.602673],[-58.433867,-34.602935]]}},{"type":"Feature","properties":{"nombre":"BILLINGHURST","tipo":"Ciclovías","barrio":"Almagro"},"geometry":{"type":"LineString","coordinates":[[-58.415139,-34.600766],[-58.414969,-34.599807],[-58.414933,-34.5996]]}},{"type":"Feature","properties":{"nombre":"FIGUEROA ALCORTA, PRES. AV.","tipo":"Ciclovías","barrio":"Belgrano"},"geometry":{"type":"LineString","coordinates":[[-58.451674,-34.546353],[-58.452125,-34.546285]]}},{"type":"Feature","properties":{"nombre":"PASEO COLON AV.","tipo":"Ciclovías","barrio":"San Telmo"},"geometry":{"type":"LineString","coordinates":[[-58.368191,-34.62281],[-58.368166,-34.623009],[-58.368086,-34.623821],[-58.368064,-34.624071]]}},{"type":"Feature","properties":{"nombre":"RODO, JOSE E.","tipo":"Ciclovías","barrio":"Mataderos"},"geometry":{"type":"LineString","coordinates":[[-58.495345,-34.651253],[-58.495453,-34.651343],[-58.496143,-34.651917]]}},{"type":"Feature","properties":{"nombre":"CORRIENTES AV.","tipo":"Ciclovías mano única","barrio":"Chacarita"},"geometry":{"type":"LineString","coordinates":[[-58.450339,-34.589112],[-58.450768,-34.588691]]}},{"type":"Feature","properties":{"nombre":"ROSETI","tipo":"Ciclovías","barrio":"Chacarita"},"geometry":{"type":"LineString","coordinates":[[-58.454019,-34.58296],[-58.455368,-34.58256]]}},{"type":"Feature","properties":{"nombre":"GORRITI","tipo":"Ciclovías","barrio":"Palermo"},"geometry":{"type":"LineString","coordinates":[[-58.424421,-34.594144],[-58.424697,-34.593911],[-58.425201,-34.593504]]}},{"type":"Feature","properties":{"nombre":"RONDEAU","tipo":"Ciclovías","barrio":"Boedo"},"geometry":{"type":"LineString","coordinates":[[-58.41093,-34.637042],[-58.411912,-34.637063]]}},{"type":"Feature","properties":{"nombre":"BONIFACIO, JOSE","tipo":"Ciclovías","barrio":"Flores"},"geometry":{"type":"LineString","coordinates":[[-58.457067,-34.631107],[-58.458142,-34.631449],[-58.458229,-34.631477]]}},{"type":"Feature","properties":{"nombre":"TACUARI","tipo":"Ciclovías","barrio":"Monserrat"},"geometry":{"type":"LineString","coordinates":[[-58.379164,-34.609491],[-58.37916,-34.609614],[-58.379132,-34.610513],[-58.379124,-34.610634]]}},{"type":"Feature","properties":{"nombre":"TRES ARROYOS","tipo":"Ciclovías","barrio":"Villa Gral. Mitre"},"geometry":{"type":"LineString","coordinates":[[-58.464414,-34.610987],[-58.465078,-34.611336]]}},{"type":"Feature","properties":{"nombre":"MONROE","tipo":"Ciclovías","barrio":"Villa Pueyrredon"},"geometry":{"type":"LineString","coordinates":[[-58.495222,-34.579468],[-58.495521,-34.579468]]}},{"type":"Feature","properties":{"nombre":"ACUÑA DE FIGUEROA, FRANCISCO","tipo":"Ciclovías","barrio":"Palermo"},"geometry":{"type":"LineString","coordinates":[[-58.420546,-34.591578],[-58.420244,-34.590067]]}},{"type":"Feature","properties":{"nombre":"IRIGOYEN, BERNARDO DE","tipo":"Ciclovías","barrio":"Monserrat"},"geometry":{"type":"LineString","coordinates":[[-58.380543,-34.611832],[-58.380503,-34.612666],[-58.380486,-34.613039]]}},{"type":"Feature","properties":{"nombre":"ZAÑARTU","tipo":"Ciclovías","barrio":"Parque Chacabuco"},"geometry":{"type":"LineString","coordinates":[[-58.429083,-34.638974],[-58.430349,-34.639205]]}},{"type":"Feature","properties":{"nombre":"SERRANO","tipo":"Ciclovías","barrio":"Palermo"},"geometry":{"type":"LineString","coordinates":[[-58.434365,-34.591448],[-58.433435,-34.590841]]}},{"type":"Feature","properties":{"nombre":"AMENABAR","tipo":"Ciclovías","barrio":"Saavedra"},"geometry":{"type":"LineString","coordinates":[[-58.470848,-34.549147],[-58.470953,-34.549025]]}},{"type":"Feature","properties":{"nombre":"DEL LIBERTADOR AV.","tipo":"Ciclovías","barrio":"Palermo"},"geometry":{"type":"LineString","coordinates":[[-58.430177,-34.567391],[-58.430681,-34.567102],[-58.431229,-34.566776]]}},{"type":"Feature","properties":{"nombre":"LAMAS, ANDRES","tipo":"Ciclovías","barrio":"Villa Gral. Mitre"},"geometry":{"type":"LineString","coordinates":[[-58.46806,-34.608657],[-58.468753,-34.607749]]}},{"type":"Feature","properties":{"nombre":"BILLINGHURST","tipo":"Ciclovías","barrio":"Almagro"},"geometry":{"type":"LineString","coordinates":[[-58.415863,-34.604831],[-58.415692,-34.603978],[-58.415663,-34.603804]]}},{"type":"Feature","properties":{"nombre":"OBLIGADO RAFAEL, AV.COSTANERA","tipo":"Ciclovías","barrio":"Belgrano"},"geometry":{"type":"LineString","coordinates":[[-58.428482,-34.551284],[-58.428702,-34.551166],[-58.429218,-34.550847]]}},{"type":"Feature","properties":{"nombre":"DEAN FUNES","tipo":"Ciclovías","barrio":"Parque Patricios"},"geometry":{"type":"LineString","coordinates":[[-58.404054,-34.635538],[-58.403783,-34.636793]]}},{"type":"Feature","properties":{"nombre":"AMENABAR","tipo":"Ciclovías","barrio":"Nuñez"},"geometry":{"type":"LineString","coordinates":[[-58.466384,-34.554519],[-58.467226,-34.553892]]}},{"type":"Feature","properties":{"nombre":"URIBURU JOSE E., PRES.","tipo":"Ciclovías","barrio":"Balvanera"},"geometry":{"type":"LineString","coordinates":[[-58.397981,-34.606016],[-58.397994,-34.605908],[-58.3982,-34.604734],[-58.398222,-34.60458]]}},{"type":"Feature","properties":{"nombre":"LA PAMPA","tipo":"Ciclovías","barrio":"Villa Urquiza"},"geometry":{"type":"LineString","coordinates":[[-58.470865,-34.574496],[-58.471806,-34.575033]]}},{"type":"Feature","properties":{"nombre":"CHIVILCOY AV.","tipo":"Ciclovías mano única","barrio":"Villa Devoto"},"geometry":{"type":"LineString","coordinates":[[-58.507581,-34.604625],[-58.508377,-34.603744]]}},{"type":"Feature","properties":{"nombre":"ECUADOR","tipo":"Ciclovías","barrio":"Balvanera"},"geometry":{"type":"LineString","coordinates":[[-58.406314,-34.599657],[-58.405738,-34.598356],[-58.405589,-34.59804]]}},{"type":"Feature","properties":{"nombre":"SENDERO DORREGO (NO OFICIAL)","tipo":"Ciclovías","barrio":"Palermo"},"geometry":{"type":"LineString","coordinates":[[-58.43688,-34.5761],[-58.436999,-34.576101],[-58.436839,-34.575942],[-58.436623,-34.575897]]}},{"type":"Feature","properties":{"nombre":"BARROS PAZOS, JOSE","tipo":"Ciclovías mano única","barrio":"Villa Lugano"},"geometry":{"type":"LineString","coordinates":[[-58.466798,-34.676212],[-58.467592,-34.676896]]}},{"type":"Feature","properties":{"nombre":"DEAN FUNES","tipo":"Ciclovías","barrio":"San Cristobal"},"geometry":{"type":"LineString","coordinates":[[-58.405604,-34.625765],[-58.405436,-34.626995]]}},{"type":"Feature","properties":{"nombre":"LUGONES","tipo":"Ciclovías","barrio":"Villa Urquiza"},"geometry":{"type":"LineString","coordinates":[[-58.477732,-34.573122],[-58.478507,-34.572247]]}},{"type":"Feature","properties":{"nombre":"SUPERI","tipo":"Ciclovías","barrio":"Coghlan"},"geometry":{"type":"LineString","coordinates":[[-58.475028,-34.557997],[-58.475903,-34.556858]]}},{"type":"Feature","properties":{"nombre":"PEDRAZA, MANUELA","tipo":"Ciclovías","barrio":"Nuñez"},"geometry":{"type":"LineString","coordinates":[[-58.461637,-34.548839],[-58.462001,-34.54903],[-58.462028,-34.549088]]}},{"type":"Feature","properties":{"nombre":"BARROS PAZOS, JOSE","tipo":"Ciclovías mano única","barrio":"Villa Lugano"},"geometry":{"type":"LineString","coordinates":[[-58.472884,-34.681526],[-58.473537,-34.682095]]}},{"type":"Feature","properties":{"nombre":"DEL LIBERTADOR AV.","tipo":"Ciclovías","barrio":"Belgrano"},"geometry":{"type":"LineString","coordinates":[[-58.443371,-34.561718],[-58.444154,-34.561492]]}},{"type":"Feature","properties":{"nombre":"AZOPARDO","tipo":"Ciclovías","barrio":"La Boca"},"geometry":{"type":"LineString","coordinates":[[-58.366492,-34.625194],[-58.366473,-34.625384],[-58.36634,-34.626474],[-58.366307,-34.626694]]}},{"type":"Feature","properties":{"nombre":"BOLIVAR","tipo":"Ciclovías","barrio":"Barracas"},"geometry":{"type":"LineString","coordinates":[[-58.372413,-34.62779],[-58.372377,-34.627977],[-58.372316,-34.628207]]}},{"type":"Feature","properties":{"nombre":"BILLINGHURST","tipo":"Ciclovías","barrio":"Almagro"},"geometry":{"type":"LineString","coordinates":[[-58.415826,-34.610834],[-58.415796,-34.610749],[-58.415953,-34.609462]]}},{"type":"Feature","properties":{"nombre":"SASTRE, MARCOS","tipo":"Ciclovías","barrio":"Monte Castro"},"geometry":{"type":"LineString","coordinates":[[-58.509815,-34.61635],[-58.510717,-34.616903]]}},{"type":"Feature","properties":{"nombre":"PICHEUTA","tipo":"Ciclovías","barrio":"Parque Chacabuco"},"geometry":{"type":"LineString","coordinates":[[-58.435475,-34.635363],[-58.435258,-34.635967]]}},{"type":"Feature","properties":{"nombre":"MOLDES","tipo":"Ciclovías","barrio":"Colegiales"},"geometry":{"type":"LineString","coordinates":[[-58.447561,-34.572414],[-58.448641,-34.571923]]}},{"type":"Feature","properties":{"nombre":"BOUCHARD","tipo":"Ciclovías","barrio":"San Nicolas"},"geometry":{"type":"LineString","coordinates":[[-58.368827,-34.604257],[-58.368992,-34.603042],[-58.369015,-34.602908]]}},{"type":"Feature","properties":{"nombre":"GORRITI","tipo":"Ciclovías","barrio":"Palermo"},"geometry":{"type":"LineString","coordinates":[[-58.43527,-34.58642],[-58.435472,-34.586255],[-58.435703,-34.586071]]}},{"type":"Feature","properties":{"nombre":"PELLEGRINI, CARLOS","tipo":"Ciclovías","barrio":"San Nicolas"},"geometry":{"type":"LineString","coordinates":[[-58.380777,-34.607256],[-58.380839,-34.606084]]}},{"type":"Feature","properties":{"nombre":"MANSILLA, LUCIO NORBERTO, GENERAL","tipo":"Ciclovías","barrio":"Recoleta"},"geometry":{"type":"LineString","coordinates":[[-58.410229,-34.593743],[-58.411567,-34.593106]]}},{"type":"Feature","properties":{"nombre":"DEL LIBERTADOR AV.","tipo":"Ciclovías","barrio":"Palermo"},"geometry":{"type":"LineString","coordinates":[[-58.436781,-34.563466],[-58.436904,-34.5634],[-58.437168,-34.563276],[-58.437575,-34.563122],[-58.438047,-34.562977],[-58.438178,-34.562947]]}},{"type":"Feature","properties":{"nombre":"COMBATE DE LOS POZOS","tipo":"Ciclovías","barrio":"Parque Patricios"},"geometry":{"type":"LineString","coordinates":[[-58.392163,-34.627262],[-58.391725,-34.629507]]}},{"type":"Feature","properties":{"nombre":"ARAOZ DE LAMADRID, GREGORIO, GRAL.","tipo":"Ciclovías","barrio":"La Boca"},"geometry":{"type":"LineString","coordinates":[[-58.362234,-34.638684],[-58.363174,-34.639063],[-58.363237,-34.639096]]}},{"type":"Feature","properties":{"nombre":"PERON, JUAN DOMINGO, TTE. GENERAL","tipo":"Ciclovías mano única","barrio":"San Nicolas"},"geometry":{"type":"LineString","coordinates":[[-58.383585,-34.606235],[-58.383712,-34.606246],[-58.384884,-34.60634],[-58.384996,-34.606347]]}},{"type":"Feature","properties":{"nombre":"RODO, JOSE E.","tipo":"Ciclovías","barrio":"Mataderos"},"geometry":{"type":"LineString","coordinates":[[-58.496935,-34.652576],[-58.497729,-34.653236]]}},{"type":"Feature","properties":{"nombre":"ROCA, CNEL. AV.","tipo":"Ciclovías","barrio":"Villa Lugano"},"geometry":{"type":"LineString","coordinates":[[-58.450641,-34.680036],[-58.450825,-34.68024],[-58.451142,-34.680536]]}},{"type":"Feature","properties":{"nombre":"ESTADOS UNIDOS","tipo":"Ciclovías","barrio":"Boedo"},"geometry":{"type":"LineString","coordinates":[[-58.422057,-34.62299],[-58.422709,-34.623068]]}},{"type":"Feature","properties":{"nombre":"CORRIENTES AV.","tipo":"Ciclovías mano única","barrio":"San Nicolas"},"geometry":{"type":"LineString","coordinates":[[-58.369015,-34.602908],[-58.369187,-34.602923],[-58.369935,-34.602989],[-58.370093,-34.602997]]}},{"type":"Feature","properties":{"nombre":"CASARES AV.","tipo":"Ciclovías","barrio":"Palermo"},"geometry":{"type":"LineString","coordinates":[[-58.409866,-34.577281],[-58.409784,-34.576848],[-58.409772,-34.5768],[-58.409749,-34.576734],[-58.409727,-34.576677],[-58.409701,-34.576621],[-58.409671,-34.576566],[-58.409631,-34.576505],[-58.409601,-34.576463],[-58.40957,-34.576422],[-58.409538,-34.576382],[-58.409503,-34.576342],[-58.409468,-34.576304],[-58.409431,-34.576267],[-58.409392,-34.57623],[-58.409352,-34.576195],[-58.4093,-34.576151],[-58.409228,-34.576095],[-58.409155,-34.576041],[-58.409082,-34.575987],[-58.409007,-34.575935],[-58.408945,-34.575894],[-58.408856,-34.575828],[-58.408776,-34.575767],[-58.408546,-34.575578]]}},{"type":"Feature","properties":{"nombre":"GRIVEO","tipo":"Ciclovías","barrio":"Villa Pueyrredon"},"geometry":{"type":"LineString","coordinates":[[-58.503743,-34.584558],[-58.504396,-34.584963]]}},{"type":"Feature","properties":{"nombre":"CALVO, CARLOS","tipo":"Ciclovías","barrio":"San Cristobal"},"geometry":{"type":"LineString","coordinates":[[-58.404489,-34.62148],[-58.404796,-34.621544],[-58.406154,-34.621818]]}},{"type":"Feature","properties":{"nombre":"CHILE","tipo":"Ciclovías mano única","barrio":"Monserrat"},"geometry":{"type":"LineString","coordinates":[[-58.377429,-34.616292],[-58.378847,-34.616358]]}},{"type":"Feature","properties":{"nombre":"PERETTE, CARLOS H.","tipo":"Ciclovías","barrio":"Retiro"},"geometry":{"type":"LineString","coordinates":[[-58.375528,-34.584277],[-58.375681,-34.584191]]}},{"type":"Feature","properties":{"nombre":"BEIRO, FRANCISCO AV.","tipo":"Ciclovías","barrio":"Agronomia"},"geometry":{"type":"LineString","coordinates":[[-58.490627,-34.592776],[-58.490993,-34.592799]]}},{"type":"Feature","properties":{"nombre":"ANTARTIDA ARGENTINA AV.","tipo":"Ciclovías","barrio":"Retiro"},"geometry":{"type":"LineString","coordinates":[[-58.369519,-34.594265],[-58.369881,-34.593249],[-58.369973,-34.592971],[-58.370107,-34.592589]]}},{"type":"Feature","properties":{"nombre":"UNANUE","tipo":"Ciclovías mano única","barrio":"Villa Lugano"},"geometry":{"type":"LineString","coordinates":[[-58.475032,-34.6819],[-58.475535,-34.682338]]}},{"type":"Feature","properties":{"nombre":"BARCO CENTENERA DEL","tipo":"Ciclovías","barrio":"Parque Chacabuco"},"geometry":{"type":"LineString","coordinates":[[-58.436781,-34.632988],[-58.436724,-34.633075]]}},{"type":"Feature","properties":{"nombre":"DEL LIBERTADOR AV.","tipo":"Ciclovías","barrio":"Nuñez"},"geometry":{"type":"LineString","coordinates":[[-58.458925,-34.545403],[-58.459796,-34.54472]]}},{"type":"Feature","properties":{"nombre":"LA PAMPA","tipo":"Ciclovías","barrio":"Villa Urquiza"},"geometry":{"type":"LineString","coordinates":[[-58.477773,-34.578427],[-58.478199,-34.578669]]}},{"type":"Feature","properties":{"nombre":"UNANUE","tipo":"Ciclovías mano única","barrio":"Villa Lugano"},"geometry":{"type":"LineString","coordinates":[[-58.472349,-34.679554],[-58.472465,-34.679661],[-58.473141,-34.680251]]}},{"type":"Feature","properties":{"nombre":"MARTINEZ, ENRIQUE, GRAL.","tipo":"Ciclovías","barrio":"Colegiales"},"geometry":{"type":"LineString","coordinates":[[-58.454789,-34.576606],[-58.455642,-34.576364]]}},{"type":"Feature","properties":{"nombre":"ALVEAR, MARCELO T. DE","tipo":"Ciclovías","barrio":"Recoleta"},"geometry":{"type":"LineString","coordinates":[[-58.40161,-34.596341],[-58.402825,-34.595824]]}},{"type":"Feature","properties":{"nombre":"DEL LIBERTADOR AV.","tipo":"Ciclovías","barrio":"Palermo"},"geometry":{"type":"LineString","coordinates":[[-58.399365,-34.582715],[-58.399575,-34.582677],[-58.400204,-34.582475]]}},{"type":"Feature","properties":{"nombre":"GUIRALDES, INT.","tipo":"Ciclovías","barrio":"Belgrano"},"geometry":{"type":"LineString","coordinates":[[-58.43892,-34.54524],[-58.438757,-34.545099],[-58.438572,-34.544822]]}},{"type":"Feature","properties":{"nombre":"FIGUEROA ALCORTA, PRES. AV.","tipo":"Ciclovías","barrio":"Palermo"},"geometry":{"type":"LineString","coordinates":[[-58.422602,-34.564037],[-58.422783,-34.563733],[-58.423277,-34.562802],[-58.423371,-34.562679]]}},{"type":"Feature","properties":{"nombre":"MEXICO","tipo":"Ciclovías","barrio":"Balvanera"},"geometry":{"type":"LineString","coordinates":[[-58.400228,-34.616449],[-58.40117,-34.616559]]}},{"type":"Feature","properties":{"nombre":"PEDERNERA","tipo":"Ciclovías","barrio":"Flores"},"geometry":{"type":"LineString","coordinates":[[-58.457827,-34.6388],[-58.457362,-34.63918]]}},{"type":"Feature","properties":{"nombre":"AZCUENAGA","tipo":"Ciclovías","barrio":"Recoleta"},"geometry":{"type":"LineString","coordinates":[[-58.395861,-34.588553],[-58.395288,-34.587854]]}},{"type":"Feature","properties":{"nombre":"GODOY CRUZ","tipo":"Ciclovías","barrio":"Palermo"},"geometry":{"type":"LineString","coordinates":[[-58.427998,-34.581787],[-58.427074,-34.580732]]}},{"type":"Feature","properties":{"nombre":"GRIVEO","tipo":"Ciclovías","barrio":"Villa Pueyrredon"},"geometry":{"type":"LineString","coordinates":[[-58.508416,-34.587446],[-58.50902,-34.58782]]}},{"type":"Feature","properties":{"nombre":"DEL LIBERTADOR AV.","tipo":"Ciclovías","barrio":"Nuñez"},"geometry":{"type":"LineString","coordinates":[[-58.461984,-34.542688],[-58.462603,-34.542113]]}},{"type":"Feature","properties":{"nombre":"RABANAL, FRANCISCO, INTENDENTE AV.","tipo":"Ciclovías","barrio":"Nueva Pompeya"},"geometry":{"type":"LineString","coordinates":[[-58.425384,-34.658479],[-58.426443,-34.659071]]}},{"type":"Feature","properties":{"nombre":"CHIVILCOY AV.","tipo":"Ciclovías mano única","barrio":"Villa Devoto"},"geometry":{"type":"LineString","coordinates":[[-58.51509,-34.596377],[-58.515212,-34.596227]]}},{"type":"Feature","properties":{"nombre":"BORGES, JORGE LUIS","tipo":"Ciclovías","barrio":"Palermo"},"geometry":{"type":"LineString","coordinates":[[-58.421937,-34.582817],[-58.420754,-34.581863]]}},{"type":"Feature","properties":{"nombre":"YERBAL","tipo":"Ciclovías","barrio":"Caballito"},"geometry":{"type":"LineString","coordinates":[[-58.449657,-34.62254],[-58.449959,-34.622661]]}},{"type":"Feature","properties":{"nombre":"CORDOBA AV.","tipo":"Ciclovías mano única","barrio":"Recoleta"},"geometry":{"type":"LineString","coordinates":[[-58.389668,-34.59944],[-58.390144,-34.599471]]}},{"type":"Feature","properties":{"nombre":"NEWBERY, JORGE AV.","tipo":"Ciclovías","barrio":"Chacarita"},"geometry":{"type":"LineString","coordinates":[[-58.449555,-34.584888],[-58.449883,-34.585917]]}},{"type":"Feature","properties":{"nombre":"11 DE SEPTIEMBRE DE 1888","tipo":"Ciclovías","barrio":"Belgrano"},"geometry":{"type":"LineString","coordinates":[[-58.453917,-34.555398],[-58.454302,-34.554951]]}},{"type":"Feature","properties":{"nombre":"CORDOBA AV.","tipo":"Ciclovías mano única","barrio":"Chacarita"},"geometry":{"type":"LineString","coordinates":[[-58.446429,-34.583808],[-58.447637,-34.583288]]}},{"type":"Feature","properties":{"nombre":"SERRANO","tipo":"Ciclovías","barrio":"Palermo"},"geometry":{"type":"LineString","coordinates":[[-58.432171,-34.590017],[-58.431715,-34.589719]]}},{"type":"Feature","properties":{"nombre":"FIGUEROA ALCORTA, PRES. AV.","tipo":"Ciclovías","barrio":"Belgrano"},"geometry":{"type":"LineString","coordinates":[[-58.44143,-34.54794],[-58.441768,-34.547857],[-58.442194,-34.547775]]}},{"type":"Feature","properties":{"nombre":"DEL LIBERTADOR AV.","tipo":"Ciclovías","barrio":"Belgrano"},"geometry":{"type":"LineString","coordinates":[[-58.449299,-34.554816],[-58.450104,-34.55388]]}},{"type":"Feature","properties":{"nombre":"ESTRADA","tipo":"Ciclovías","barrio":"Parque Chacabuco"},"geometry":{"type":"LineString","coordinates":[[-58.439168,-34.633038],[-58.43942,-34.633169]]}},{"type":"Feature","properties":{"nombre":"CORRIENTES AV.","tipo":"Ciclovías mano única","barrio":"San Nicolas"},"geometry":{"type":"LineString","coordinates":[[-58.390823,-34.604333],[-58.39229,-34.604435]]}},{"type":"Feature","properties":{"nombre":"ALSINA, ADOLFO","tipo":"Ciclovías","barrio":"Balvanera"},"geometry":{"type":"LineString","coordinates":[[-58.404353,-34.612349],[-58.405337,-34.612407],[-58.40557,-34.612421]]}},{"type":"Feature","properties":{"nombre":"MONTEVIDEO","tipo":"Ciclovías","barrio":"San Nicolas"},"geometry":{"type":"LineString","coordinates":[[-58.389595,-34.600713],[-58.389668,-34.59944]]}},{"type":"Feature","properties":{"nombre":"IBERA","tipo":"Ciclovías","barrio":"Nuñez"},"geometry":{"type":"LineString","coordinates":[[-58.468014,-34.55544],[-58.468274,-34.555586],[-58.468927,-34.555954]]}},{"type":"Feature","properties":{"nombre":"OBLIGADO RAFAEL, AV.COSTANERA","tipo":"Ciclovías","barrio":"Palermo"},"geometry":{"type":"LineString","coordinates":[[-58.416358,-34.554567],[-58.41731,-34.554323],[-58.417761,-34.554231],[-58.418243,-34.554137],[-58.418868,-34.554047]]}},{"type":"Feature","properties":{"nombre":"GUATEMALA","tipo":"Ciclovías","barrio":"Palermo"},"geometry":{"type":"LineString","coordinates":[[-58.43602,-34.577109],[-58.437084,-34.57626]]}},{"type":"Feature","properties":{"nombre":"ANTARTIDA ARGENTINA AV.","tipo":"Ciclovías","barrio":"Retiro"},"geometry":{"type":"LineString","coordinates":[[-58.369173,-34.59539],[-58.369229,-34.59511],[-58.369519,-34.594265]]}},{"type":"Feature","properties":{"nombre":"TUCUMAN","tipo":"Ciclovías","barrio":"Balvanera"},"geometry":{"type":"LineString","coordinates":[[-58.399721,-34.602221],[-58.400904,-34.60221]]}},{"type":"Feature","properties":{"nombre":"AZCUENAGA","tipo":"Ciclovías","barrio":"Recoleta"},"geometry":{"type":"LineString","coordinates":[[-58.397438,-34.590569],[-58.397364,-34.590465],[-58.396627,-34.589487]]}},{"type":"Feature","properties":{"nombre":"GONZALEZ, ELPIDIO","tipo":"Ciclovías","barrio":"Monte Castro"},"geometry":{"type":"LineString","coordinates":[[-58.500763,-34.621324],[-58.502053,-34.622021]]}},{"type":"Feature","properties":{"nombre":"VALLE","tipo":"Ciclovías","barrio":"Caballito"},"geometry":{"type":"LineString","coordinates":[[-58.434483,-34.624458],[-58.436228,-34.624559]]}},{"type":"Feature","properties":{"nombre":"OLLEROS AV.","tipo":"Ciclovías","barrio":"Palermo"},"geometry":{"type":"LineString","coordinates":[[-58.435397,-34.56255],[-58.435696,-34.562822],[-58.436109,-34.563182]]}},{"type":"Feature","properties":{"nombre":"DOBLAS","tipo":"Ciclovías","barrio":"Parque Chacabuco"},"geometry":{"type":"LineString","coordinates":[[-58.429018,-34.629787],[-58.42895,-34.630021],[-58.428714,-34.630834]]}},{"type":"Feature","properties":{"nombre":"DIAZ, CESAR, GRAL.","tipo":"Ciclovías","barrio":"Villa Santa Rita"},"geometry":{"type":"LineString","coordinates":[[-58.479021,-34.614427],[-58.479711,-34.61479]]}},{"type":"Feature","properties":{"nombre":"BALLIVIAN","tipo":"Ciclovías","barrio":"Parque Chas"},"geometry":{"type":"LineString","coordinates":[[-58.487502,-34.585188],[-58.488086,-34.585551]]}},{"type":"Feature","properties":{"nombre":"OLLEROS AV.","tipo":"Ciclovías","barrio":"Palermo"},"geometry":{"type":"LineString","coordinates":[[-58.43486,-34.56209],[-58.434947,-34.56216],[-58.435397,-34.56255]]}},{"type":"Feature","properties":{"nombre":"VERA PEÑALOZA,  ROSARIO","tipo":"Ciclovías","barrio":"San Telmo"},"geometry":{"type":"LineString","coordinates":[[-58.366508,-34.618123],[-58.366416,-34.618116]]}},{"type":"Feature","properties":{"nombre":"GORRITI","tipo":"Ciclovías","barrio":"Palermo"},"geometry":{"type":"LineString","coordinates":[[-58.436259,-34.585627],[-58.436382,-34.585529],[-58.43719,-34.584922]]}},{"type":"Feature","properties":{"nombre":"CORRIENTES AV.","tipo":"Ciclovías mano única","barrio":"San Nicolas"},"geometry":{"type":"LineString","coordinates":[[-58.38115,-34.603672],[-58.381296,-34.603591],[-58.381836,-34.603612],[-58.382061,-34.603736]]}},{"type":"Feature","properties":{"nombre":"CONGRESO","tipo":"Ciclovías","barrio":"Nuñez"},"geometry":{"type":"LineString","coordinates":[[-58.453007,-34.550505],[-58.454279,-34.551166]]}},{"type":"Feature","properties":{"nombre":"HERRERA","tipo":"Ciclovías","barrio":"Barracas"},"geometry":{"type":"LineString","coordinates":[[-58.376006,-34.644551],[-58.375923,-34.644864],[-58.375826,-34.645247]]}},{"type":"Feature","properties":{"nombre":"BORGES, JORGE LUIS","tipo":"Ciclovías","barrio":"Palermo"},"geometry":{"type":"LineString","coordinates":[[-58.429663,-34.58838],[-58.429151,-34.588047]]}},{"type":"Feature","properties":{"nombre":"TACUARI","tipo":"Ciclovías","barrio":"Constitucion"},"geometry":{"type":"LineString","coordinates":[[-58.378668,-34.620878],[-58.378659,-34.621007],[-58.37863,-34.621911],[-58.37862,-34.6221]]}},{"type":"Feature","properties":{"nombre":"GARCIA, JUAN AGUSTIN","tipo":"Ciclovías","barrio":"Villa Santa Rita"},"geometry":{"type":"LineString","coordinates":[[-58.489493,-34.614257],[-58.490134,-34.614602]]}},{"type":"Feature","properties":{"nombre":"MANSILLA, LUCIO NORBERTO, GENERAL","tipo":"Ciclovías","barrio":"Recoleta"},"geometry":{"type":"LineString","coordinates":[[-58.408944,-34.594536],[-58.409058,-34.594486]]}},{"type":"Feature","properties":{"nombre":"TRES ARROYOS","tipo":"Ciclovías","barrio":"Caballito"},"geometry":{"type":"LineString","coordinates":[[-58.456641,-34.607035],[-58.457833,-34.607594]]}},{"type":"Feature","properties":{"nombre":"MORON","tipo":"Ciclovías","barrio":"Flores"},"geometry":{"type":"LineString","coordinates":[[-58.468486,-34.62291],[-58.468627,-34.622954],[-58.469831,-34.623331]]}},{"type":"Feature","properties":{"nombre":"CORDOBA AV.","tipo":"Ciclovías mano única","barrio":"Palermo"},"geometry":{"type":"LineString","coordinates":[[-58.418943,-34.597789],[-58.420165,-34.597763]]}},{"type":"Feature","properties":{"nombre":"IRALA","tipo":"Ciclovías","barrio":"La Boca"},"geometry":{"type":"LineString","coordinates":[[-58.368099,-34.631519],[-58.36781,-34.63243]]}},{"type":"Feature","properties":{"nombre":"BILLINGHURST","tipo":"Ciclovías","barrio":"Recoleta"},"geometry":{"type":"LineString","coordinates":[[-58.41463,-34.597897],[-58.414237,-34.59677]]}},{"type":"Feature","properties":{"nombre":"BLANCO ENCALADA","tipo":"Ciclovías","barrio":"Villa Urquiza"},"geometry":{"type":"LineString","coordinates":[[-58.477453,-34.57019],[-58.478409,-34.570773]]}},{"type":"Feature","properties":{"nombre":"HUMAHUACA","tipo":"Ciclovías","barrio":"Almagro"},"geometry":{"type":"LineString","coordinates":[[-58.420784,-34.601908],[-58.422214,-34.601767],[-58.422383,-34.601751]]}},{"type":"Feature","properties":{"nombre":"CEVALLOS, VIRREY","tipo":"Ciclovías","barrio":"Monserrat"},"geometry":{"type":"LineString","coordinates":[[-58.389053,-34.610079],[-58.389028,-34.610287],[-58.388962,-34.611104],[-58.388943,-34.611286]]}},{"type":"Feature","properties":{"nombre":"LOYOLA","tipo":"Ciclovías","barrio":"Villa Crespo"},"geometry":{"type":"LineString","coordinates":[[-58.43378,-34.597818],[-58.434444,-34.597108]]}},{"type":"Feature","properties":{"nombre":"11 DE SEPTIEMBRE DE 1888","tipo":"Ciclovías","barrio":"Palermo"},"geometry":{"type":"LineString","coordinates":[[-58.443745,-34.567417],[-58.444727,-34.56627]]}},{"type":"Feature","properties":{"nombre":"CEVALLOS, VIRREY","tipo":"Ciclovías","barrio":"Constitucion"},"geometry":{"type":"LineString","coordinates":[[-58.388469,-34.623868],[-58.388449,-34.624064],[-58.388392,-34.624938]]}},{"type":"Feature","properties":{"nombre":"LIMA","tipo":"Ciclovías","barrio":"Constitucion"},"geometry":{"type":"LineString","coordinates":[[-58.382245,-34.625963],[-58.382227,-34.626518],[-58.382234,-34.626939]]}},{"type":"Feature","properties":{"nombre":"CHIVILCOY AV.","tipo":"Ciclovías mano única","barrio":"Villa Devoto"},"geometry":{"type":"LineString","coordinates":[[-58.510326,-34.601446],[-58.510948,-34.600759]]}},{"type":"Feature","properties":{"nombre":"PATRON","tipo":"Ciclovías","barrio":"Liniers"},"geometry":{"type":"LineString","coordinates":[[-58.513533,-34.646369],[-58.514261,-34.647019]]}},{"type":"Feature","properties":{"nombre":"ALSINA, ADOLFO","tipo":"Ciclovías","barrio":"Balvanera"},"geometry":{"type":"LineString","coordinates":[[-58.396168,-34.611783],[-58.397245,-34.611855],[-58.397439,-34.611872]]}},{"type":"Feature","properties":{"nombre":"MARTINEZ CASTRO","tipo":"Ciclovías","barrio":"Parque Avellaneda"},"geometry":{"type":"LineString","coordinates":[[-58.474804,-34.641809],[-58.473808,-34.642598],[-58.473686,-34.642686]]}},{"type":"Feature","properties":{"nombre":"UDAONDO, GUILLERMO AV.","tipo":"Ciclovías","barrio":"Nuñez"},"geometry":{"type":"LineString","coordinates":[[-58.45075,-34.544528],[-58.452125,-34.546285]]}},{"type":"Feature","properties":{"nombre":"CONGRESO","tipo":"Ciclovías","barrio":"Nuñez"},"geometry":{"type":"LineString","coordinates":[[-58.454279,-34.551166],[-58.455459,-34.551789]]}},{"type":"Feature","properties":{"nombre":"LOYOLA","tipo":"Ciclovías","barrio":"Chacarita"},"geometry":{"type":"LineString","coordinates":[[-58.444283,-34.587509],[-58.445059,-34.586921]]}},{"type":"Feature","properties":{"nombre":"LINIERS VIRREY","tipo":"Ciclovías","barrio":"Almagro"},"geometry":{"type":"LineString","coordinates":[[-58.414372,-34.615536],[-58.414346,-34.615759],[-58.414258,-34.616631]]}},{"type":"Feature","properties":{"nombre":"SUIPACHA","tipo":"Ciclovías","barrio":"San Nicolas"},"geometry":{"type":"LineString","coordinates":[[-58.379597,-34.60128],[-58.379602,-34.601167],[-58.379664,-34.60024],[-58.379671,-34.600132]]}},{"type":"Feature","properties":{"nombre":"COMPLEJO CIUDAD UNIVERSITARIA (SIN NOMBRE OFICIAL)","tipo":"Ciclovías","barrio":"Belgrano"},"geometry":{"type":"LineString","coordinates":[[-58.448564,-34.539506],[-58.44897,-34.539163]]}},{"type":"Feature","properties":{"nombre":"DEL LIBERTADOR AV.","tipo":"Ciclovías","barrio":"Nuñez"},"geometry":{"type":"LineString","coordinates":[[-58.464836,-34.539063],[-58.465134,-34.538581],[-58.46531,-34.538297]]}},{"type":"Feature","properties":{"nombre":"CHIVILCOY AV.","tipo":"Ciclovías mano única","barrio":"Villa Devoto"},"geometry":{"type":"LineString","coordinates":[[-58.509065,-34.60297],[-58.509686,-34.602268]]}},{"type":"Feature","properties":{"nombre":"TUCUMAN","tipo":"Ciclovías","barrio":"San Nicolas"},"geometry":{"type":"LineString","coordinates":[[-58.391302,-34.601913],[-58.392596,-34.601986]]}},{"type":"Feature","properties":{"nombre":"CORRIENTES AV.","tipo":"Ciclovías mano única","barrio":"Almagro"},"geometry":{"type":"LineString","coordinates":[[-58.414516,-34.604015],[-58.415663,-34.603804]]}},{"type":"Feature","properties":{"nombre":"CORRIENTES AV.","tipo":"Ciclovías mano única","barrio":"San Nicolas"},"geometry":{"type":"LineString","coordinates":[[-58.383715,-34.603827],[-58.385136,-34.603911]]}},{"type":"Feature","properties":{"nombre":"DEL LIBERTADOR AV.","tipo":"Ciclovías","barrio":"Nuñez"},"geometry":{"type":"LineString","coordinates":[[-58.46531,-34.538297],[-58.465809,-34.537489]]}},{"type":"Feature","properties":{"nombre":"PELLEGRINI, CARLOS E.","tipo":"Ciclovías","barrio":"Saavedra"},"geometry":{"type":"LineString","coordinates":[[-58.500782,-34.562518],[-58.501813,-34.563017]]}},{"type":"Feature","properties":{"nombre":"ALVAREZ, JULIAN","tipo":"Ciclovías","barrio":"Palermo"},"geometry":{"type":"LineString","coordinates":[[-58.418558,-34.589067],[-58.418147,-34.588823],[-58.417916,-34.588686]]}},{"type":"Feature","properties":{"nombre":"AZOPARDO","tipo":"Ciclovías","barrio":"San Telmo"},"geometry":{"type":"LineString","coordinates":[[-58.367572,-34.615684],[-58.367451,-34.616773],[-58.367433,-34.616928]]}},{"type":"Feature","properties":{"nombre":"NUEVA YORK","tipo":"Ciclovías","barrio":"Agronomia"},"geometry":{"type":"LineString","coordinates":[[-58.490185,-34.586853],[-58.490751,-34.587204]]}},{"type":"Feature","properties":{"nombre":"CAMACUA","tipo":"Ciclovías","barrio":"Flores"},"geometry":{"type":"LineString","coordinates":[[-58.458203,-34.628826],[-58.457665,-34.629859],[-58.457603,-34.629981]]}},{"type":"Feature","properties":{"nombre":"DIAZ, CESAR, GRAL.","tipo":"Ciclovías","barrio":"Villa Santa Rita"},"geometry":{"type":"LineString","coordinates":[[-58.484103,-34.617096],[-58.485071,-34.617602]]}},{"type":"Feature","properties":{"nombre":"RODO, JOSE E.","tipo":"Ciclovías","barrio":"Parque Avellaneda"},"geometry":{"type":"LineString","coordinates":[[-58.485396,-34.642688],[-58.485709,-34.642958]]}},{"type":"Feature","properties":{"nombre":"PEDRAZA, MANUELA","tipo":"Ciclovías","barrio":"Villa Urquiza"},"geometry":{"type":"LineString","coordinates":[[-58.494644,-34.566226],[-58.495837,-34.566885]]}},{"type":"Feature","properties":{"nombre":"PEPIRI","tipo":"Ciclovías","barrio":"Nueva Pompeya"},"geometry":{"type":"LineString","coordinates":[[-58.408576,-34.649597],[-58.40842,-34.649763],[-58.407916,-34.650245],[-58.407886,-34.650333]]}},{"type":"Feature","properties":{"nombre":"FINOCHIETTO ENRIQUE DR.","tipo":"Ciclovías","barrio":"Barracas"},"geometry":{"type":"LineString","coordinates":[[-58.381284,-34.632355],[-58.382553,-34.633182]]}},{"type":"Feature","properties":{"nombre":"ROCA, CNEL. AV.","tipo":"Ciclovías","barrio":"Villa Riachuelo"},"geometry":{"type":"LineString","coordinates":[[-58.466076,-34.694576],[-58.466821,-34.695257]]}},{"type":"Feature","properties":{"nombre":"TREINTA Y TRES ORIENTALES","tipo":"Ciclovías","barrio":"Almagro"},"geometry":{"type":"LineString","coordinates":[[-58.424279,-34.619113],[-58.424159,-34.620346]]}},{"type":"Feature","properties":{"nombre":"GARAY, JUAN DE AV.","tipo":"Ciclovías","barrio":"Constitucion"},"geometry":{"type":"LineString","coordinates":[[-58.379013,-34.626083],[-58.380185,-34.62637]]}},{"type":"Feature","properties":{"nombre":"ESTRADA","tipo":"Ciclovías","barrio":"Parque Chacabuco"},"geometry":{"type":"LineString","coordinates":[[-58.431541,-34.631231],[-58.432202,-34.631337]]}},{"type":"Feature","properties":{"nombre":"DIAZ, CESAR, GRAL.","tipo":"Ciclovías","barrio":"Villa Gral. Mitre"},"geometry":{"type":"LineString","coordinates":[[-58.472742,-34.611109],[-58.473924,-34.611733]]}},{"type":"Feature","properties":{"nombre":"ARENALES","tipo":"Ciclovías","barrio":"Retiro"},"geometry":{"type":"LineString","coordinates":[[-58.38205,-34.594226],[-58.382421,-34.594265]]}},{"type":"Feature","properties":{"nombre":"ESTRADA","tipo":"Ciclovías","barrio":"Parque Chacabuco"},"geometry":{"type":"LineString","coordinates":[[-58.430849,-34.63113],[-58.431332,-34.631198],[-58.431541,-34.631231]]}},{"type":"Feature","properties":{"nombre":"PATRON","tipo":"Ciclovías","barrio":"Liniers"},"geometry":{"type":"LineString","coordinates":[[-58.523287,-34.655129],[-58.524047,-34.655815]]}},{"type":"Feature","properties":{"nombre":"CHIVILCOY AV.","tipo":"Ciclovías mano única","barrio":"Villa Devoto"},"geometry":{"type":"LineString","coordinates":[[-58.507499,-34.604575],[-58.508289,-34.603691]]}},{"type":"Feature","properties":{"nombre":"PEDRAZA, MANUELA","tipo":"Ciclovías","barrio":"Villa Urquiza"},"geometry":{"type":"LineString","coordinates":[[-58.49914,-34.568711],[-58.49974,-34.569043]]}},{"type":"Feature","properties":{"nombre":"ROLDAN, BELISARIO AV.","tipo":"Ciclovías","barrio":"Palermo"},"geometry":{"type":"LineString","coordinates":[[-58.412831,-34.569176],[-58.412784,-34.569086],[-58.412754,-34.569044],[-58.412723,-34.568999],[-58.412693,-34.568954],[-58.412663,-34.568908],[-58.412634,-34.568862],[-58.412606,-34.568815],[-58.412579,-34.568769],[-58.412553,-34.568722],[-58.412527,-34.568674],[-58.412502,-34.568626],[-58.412478,-34.568579],[-58.412455,-34.56853],[-58.412432,-34.568482],[-58.41236,-34.56835],[-58.412299,-34.568191]]}},{"type":"Feature","properties":{"nombre":"TREINTA Y TRES ORIENTALES","tipo":"Ciclovías","barrio":"Boedo"},"geometry":{"type":"LineString","coordinates":[[-58.421617,-34.631987],[-58.421376,-34.633325]]}},{"type":"Feature","properties":{"nombre":"MONROE","tipo":"Ciclovías","barrio":"Belgrano"},"geometry":{"type":"LineString","coordinates":[[-58.449856,-34.552316],[-58.449912,-34.552349]]}},{"type":"Feature","properties":{"nombre":"PERON, JUAN DOMINGO, TTE. GENERAL","tipo":"Ciclovías","barrio":"Almagro"},"geometry":{"type":"LineString","coordinates":[[-58.41629,-34.606963],[-58.416427,-34.606951],[-58.417277,-34.606887]]}},{"type":"Feature","properties":{"nombre":"MORON","tipo":"Ciclovías","barrio":"Velez Sarsfield"},"geometry":{"type":"LineString","coordinates":[[-58.490379,-34.62898],[-58.491407,-34.629481]]}},{"type":"Feature","properties":{"nombre":"HORNOS, GRAL.","tipo":"Ciclovías","barrio":"Barracas"},"geometry":{"type":"LineString","coordinates":[[-58.3757,-34.640619],[-58.375527,-34.642191]]}},{"type":"Feature","properties":{"nombre":"GUATEMALA","tipo":"Ciclovías","barrio":"Palermo"},"geometry":{"type":"LineString","coordinates":[[-58.435004,-34.57792],[-58.43602,-34.577109]]}},{"type":"Feature","properties":{"nombre":"POLA","tipo":"Ciclovías","barrio":"Mataderos"},"geometry":{"type":"LineString","coordinates":[[-58.502876,-34.647975],[-58.502307,-34.648428]]}},{"type":"Feature","properties":{"nombre":"CORRIENTES AV.","tipo":"Ciclovías mano única","barrio":"Chacarita"},"geometry":{"type":"LineString","coordinates":[[-58.451527,-34.588718],[-58.452778,-34.588238]]}},{"type":"Feature","properties":{"nombre":"CORRIENTES AV.","tipo":"Ciclovías mano única","barrio":"Balvanera"},"geometry":{"type":"LineString","coordinates":[[-58.404483,-34.604664],[-58.405472,-34.604563]]}},{"type":"Feature","properties":{"nombre":"PAVON","tipo":"Ciclovías","barrio":"Constitucion"},"geometry":{"type":"LineString","coordinates":[[-58.384366,-34.626052],[-58.385755,-34.62611]]}},{"type":"Feature","properties":{"nombre":"GARCIA, MARTIN AV.","tipo":"Ciclovías","barrio":"San Telmo"},"geometry":{"type":"LineString","coordinates":[[-58.369449,-34.628322],[-58.369634,-34.628498],[-58.370463,-34.629293],[-58.370662,-34.629492]]}},{"type":"Feature","properties":{"nombre":"TACUARI","tipo":"Ciclovías","barrio":"Monserrat"},"geometry":{"type":"LineString","coordinates":[[-58.379221,-34.608297],[-58.379191,-34.608899]]}},{"type":"Feature","properties":{"nombre":"SASTRE, MARCOS","tipo":"Ciclovías","barrio":"Monte Castro"},"geometry":{"type":"LineString","coordinates":[[-58.50617,-34.614109],[-58.50663,-34.614394]]}},{"type":"Feature","properties":{"nombre":"ALVEAR, MARCELO T. DE","tipo":"Ciclovías","barrio":"Recoleta"},"geometry":{"type":"LineString","coordinates":[[-58.387066,-34.597053],[-58.387279,-34.59707],[-58.388302,-34.597119]]}},{"type":"Feature","properties":{"nombre":"SUPERI","tipo":"Ciclovías","barrio":"Saavedra"},"geometry":{"type":"LineString","coordinates":[[-58.481492,-34.549533],[-58.481598,-34.549393]]}},{"type":"Feature","properties":{"nombre":"AMENABAR","tipo":"Ciclovías","barrio":"Colegiales"},"geometry":{"type":"LineString","coordinates":[[-58.445413,-34.573036],[-58.446334,-34.572433]]}},{"type":"Feature","properties":{"nombre":"PICHEUTA","tipo":"Ciclovías","barrio":"Parque Chacabuco"},"geometry":{"type":"LineString","coordinates":[[-58.435258,-34.635967],[-58.435103,-34.636396]]}},{"type":"Feature","properties":{"nombre":"POLA","tipo":"Ciclovías","barrio":"Mataderos"},"geometry":{"type":"LineString","coordinates":[[-58.493051,-34.655629],[-58.492946,-34.655712]]}},{"type":"Feature","properties":{"nombre":"MENDEZ DE ANDES","tipo":"Ciclovías","barrio":"Flores"},"geometry":{"type":"LineString","coordinates":[[-58.459223,-34.619603],[-58.459747,-34.619842]]}},{"type":"Feature","properties":{"nombre":"BARROS PAZOS, JOSE","tipo":"Ciclovías mano única","barrio":"Villa Lugano"},"geometry":{"type":"LineString","coordinates":[[-58.469437,-34.678518],[-58.470475,-34.679424]]}},{"type":"Feature","properties":{"nombre":"CURAPALIGUE AV.","tipo":"Ciclovías","barrio":"Parque Chacabuco"},"geometry":{"type":"LineString","coordinates":[[-58.444497,-34.639745],[-58.444406,-34.639874]]}},{"type":"Feature","properties":{"nombre":"CORDOBA AV.","tipo":"Ciclovías mano única","barrio":"Palermo"},"geometry":{"type":"LineString","coordinates":[[-58.429171,-34.594855],[-58.429351,-34.594745],[-58.430061,-34.594302]]}},{"type":"Feature","properties":{"nombre":"SUPERI","tipo":"Ciclovías","barrio":"Coghlan"},"geometry":{"type":"LineString","coordinates":[[-58.4727,-34.560778],[-58.473553,-34.559798]]}},{"type":"Feature","properties":{"nombre":"PATRON","tipo":"Ciclovías","barrio":"Liniers"},"geometry":{"type":"LineString","coordinates":[[-58.514261,-34.647019],[-58.514377,-34.647123],[-58.515036,-34.64771]]}},{"type":"Feature","properties":{"nombre":"MARTINEZ, ENRIQUE, GRAL.","tipo":"Ciclovías","barrio":"Colegiales"},"geometry":{"type":"LineString","coordinates":[[-58.455642,-34.576364],[-58.456718,-34.576061]]}},{"type":"Feature","properties":{"nombre":"TACUARI","tipo":"Ciclovías","barrio":"Constitucion"},"geometry":{"type":"LineString","coordinates":[[-58.37862,-34.6221],[-58.378591,-34.623618]]}},{"type":"Feature","properties":{"nombre":"GORRITI","tipo":"Ciclovías","barrio":"Palermo"},"geometry":{"type":"LineString","coordinates":[[-58.421302,-34.595365],[-58.423012,-34.5953]]}},{"type":"Feature","properties":{"nombre":"FOREST AV.","tipo":"Ciclovías mano única","barrio":"Chacarita"},"geometry":{"type":"LineString","coordinates":[[-58.452207,-34.587117],[-58.452377,-34.586932],[-58.453111,-34.586123]]}},{"type":"Feature","properties":{"nombre":"VALLESE, FELIPE","tipo":"Ciclovías","barrio":"Caballito"},"geometry":{"type":"LineString","coordinates":[[-58.439302,-34.610799],[-58.439483,-34.610865],[-58.440622,-34.611248],[-58.440847,-34.611352]]}},{"type":"Feature","properties":{"nombre":"DIAZ, CNEL. AV.","tipo":"Ciclovías","barrio":"Palermo"},"geometry":{"type":"LineString","coordinates":[[-58.406175,-34.583459],[-58.406022,-34.58319],[-58.405587,-34.582342]]}},{"type":"Feature","properties":{"nombre":"TACUARI","tipo":"Ciclovías","barrio":"Constitucion"},"geometry":{"type":"LineString","coordinates":[[-58.378777,-34.617547],[-58.378765,-34.617747],[-58.378736,-34.618359],[-58.378732,-34.618522]]}},{"type":"Feature","properties":{"nombre":"DEL LIBERTADOR AV.","tipo":"Ciclovías","barrio":"Recoleta"},"geometry":{"type":"LineString","coordinates":[[-58.395354,-34.583592],[-58.395998,-34.583386]]}},{"type":"Feature","properties":{"nombre":"BOLIVAR","tipo":"Ciclovías","barrio":"Monserrat"},"geometry":{"type":"LineString","coordinates":[[-58.373384,-34.611389],[-58.37333,-34.612381],[-58.37332,-34.612554]]}},{"type":"Feature","properties":{"nombre":"CALVO, CARLOS","tipo":"Ciclovías","barrio":"Constitucion"},"geometry":{"type":"LineString","coordinates":[[-58.385837,-34.61987],[-58.386027,-34.619881],[-58.387183,-34.619946],[-58.387323,-34.619956]]}},{"type":"Feature","properties":{"nombre":"LOYOLA","tipo":"Ciclovías","barrio":"Villa Crespo"},"geometry":{"type":"LineString","coordinates":[[-58.43966,-34.591541],[-58.440672,-34.590462]]}},{"type":"Feature","properties":{"nombre":"LAS CASAS","tipo":"Ciclovías","barrio":"Boedo"},"geometry":{"type":"LineString","coordinates":[[-58.414169,-34.634714],[-58.415208,-34.635027]]}},{"type":"Feature","properties":{"nombre":"DEAN FUNES","tipo":"Ciclovías","barrio":"San Cristobal"},"geometry":{"type":"LineString","coordinates":[[-58.406154,-34.621818],[-58.406015,-34.622811],[-58.405986,-34.623013]]}},{"type":"Feature","properties":{"nombre":"ROCA, CNEL. AV.","tipo":"Ciclovías","barrio":"Villa Soldati"},"geometry":{"type":"LineString","coordinates":[[-58.444833,-34.671522],[-58.445098,-34.671865],[-58.445303,-34.672096],[-58.445475,-34.67233]]}},{"type":"Feature","properties":{"nombre":"ZAPATA","tipo":"Ciclovías","barrio":"Palermo"},"geometry":{"type":"LineString","coordinates":[[-58.437555,-34.575942],[-58.438384,-34.57536]]}},{"type":"Feature","properties":{"nombre":"RABANAL, FRANCISCO, INTENDENTE AV.","tipo":"Ciclovías","barrio":"Villa Soldati"},"geometry":{"type":"LineString","coordinates":[[-58.430739,-34.661478],[-58.430974,-34.66161],[-58.431808,-34.662069]]}},{"type":"Feature","properties":{"nombre":"GORRITI","tipo":"Ciclovías","barrio":"Palermo"},"geometry":{"type":"LineString","coordinates":[[-58.441377,-34.581787],[-58.442511,-34.580939]]}},{"type":"Feature","properties":{"nombre":"11 DE SEPTIEMBRE DE 1888","tipo":"Ciclovías","barrio":"Belgrano"},"geometry":{"type":"LineString","coordinates":[[-58.446319,-34.564408],[-58.447115,-34.563477]]}},{"type":"Feature","properties":{"nombre":"SARMIENTO AV.","tipo":"Ciclovías","barrio":"Palermo"},"geometry":{"type":"LineString","coordinates":[[-58.411867,-34.571369],[-58.411545,-34.571105]]}},{"type":"Feature","properties":{"nombre":"BARROS PAZOS, JOSE","tipo":"Ciclovías mano única","barrio":"Villa Lugano"},"geometry":{"type":"LineString","coordinates":[[-58.468336,-34.677558],[-58.469437,-34.678518]]}},{"type":"Feature","properties":{"nombre":"PUAN","tipo":"Ciclovías","barrio":"Caballito"},"geometry":{"type":"LineString","coordinates":[[-58.447483,-34.626377],[-58.447383,-34.626622],[-58.447033,-34.627473]]}},{"type":"Feature","properties":{"nombre":"CHILE","tipo":"Ciclovías","barrio":"Monserrat"},"geometry":{"type":"LineString","coordinates":[[-58.383066,-34.616535],[-58.383239,-34.616548],[-58.38419,-34.616625],[-58.384401,-34.61664]]}},{"type":"Feature","properties":{"nombre":"CORRIENTES AV.","tipo":"Ciclovías mano única","barrio":"Almagro"},"geometry":{"type":"LineString","coordinates":[[-58.431071,-34.602164],[-58.431897,-34.60208]]}},{"type":"Feature","properties":{"nombre":"LIMA","tipo":"Ciclovías","barrio":"Constitucion"},"geometry":{"type":"LineString","coordinates":[[-58.380185,-34.62637],[-58.38004,-34.626656],[-58.379822,-34.627213]]}},{"type":"Feature","properties":{"nombre":"AMENABAR","tipo":"Ciclovías","barrio":"Belgrano"},"geometry":{"type":"LineString","coordinates":[[-58.456938,-34.565036],[-58.45775,-34.564092]]}},{"type":"Feature","properties":{"nombre":"SUPERI","tipo":"Ciclovías","barrio":"Belgrano"},"geometry":{"type":"LineString","coordinates":[[-58.465739,-34.568805],[-58.466546,-34.567872]]}},{"type":"Feature","properties":{"nombre":"ROLDAN, BELISARIO AV.","tipo":"Ciclovías","barrio":"Palermo"},"geometry":{"type":"LineString","coordinates":[[-58.41393,-34.566567],[-58.414015,-34.566153],[-58.414028,-34.566101],[-58.414046,-34.566048],[-58.414068,-34.565996],[-58.414091,-34.565947],[-58.414118,-34.565891],[-58.414141,-34.565849],[-58.414171,-34.565796],[-58.414224,-34.565712],[-58.414261,-34.565658],[-58.414291,-34.565617],[-58.41433,-34.565566],[-58.414376,-34.565511],[-58.414417,-34.565465],[-58.414451,-34.565429],[-58.414485,-34.56539],[-58.414524,-34.565358],[-58.414566,-34.565322],[-58.414622,-34.565275],[-58.414674,-34.565236],[-58.414719,-34.565206],[-58.414767,-34.565178],[-58.414826,-34.565148],[-58.414883,-34.565123],[-58.414934,-34.565107],[-58.415004,-34.565089],[-58.415057,-34.565077],[-58.415132,-34.565063],[-58.415204,-34.565052],[-58.415274,-34.565044],[-58.415341,-34.565038],[-58.415467,-34.56503],[-58.415563,-34.565028],[-58.415639,-34.565027],[-58.415702,-34.565028],[-58.415784,-34.565029],[-58.415889,-34.565033],[-58.415976,-34.565037],[-58.416042,-34.565042],[-58.416097,-34.565047],[-58.416168,-34.565054],[-58.416276,-34.565067],[-58.416335,-34.565076],[-58.416398,-34.565089],[-58.416454,-34.565102],[-58.416526,-34.565122],[-58.41658,-34.565139],[-58.416636,-34.565158],[-58.416713,-34.565187],[-58.416786,-34.565218],[-58.416856,-34.565251],[-58.416923,-34.565285],[-58.416974,-34.565313],[-58.41703,-34.565345],[-58.417076,-34.565372],[-58.417134,-34.56541],[-58.417178,-34.56544],[-58.417237,-34.565484],[-58.417292,-34.565529],[-58.417348,-34.565578],[-58.417403,-34.56563],[-58.417442,-34.565669],[-58.417492,-34.565724],[-58.417528,-34.565771],[-58.417571,-34.565834],[-58.417599,-34.565881],[-58.417634,-34.565947],[-58.417677,-34.566039],[-58.417898,-34.566583]]}},{"type":"Feature","properties":{"nombre":"BONIFACIO, JOSE","tipo":"Ciclovías","barrio":"Flores"},"geometry":{"type":"LineString","coordinates":[[-58.466682,-34.634057],[-58.467753,-34.634384],[-58.467963,-34.634457]]}},{"type":"Feature","properties":{"nombre":"FIGUEROA ALCORTA, PRES. AV.","tipo":"Ciclovías","barrio":"Belgrano"},"geometry":{"type":"LineString","coordinates":[[-58.447291,-34.547013],[-58.448046,-34.546899]]}},{"type":"Feature","properties":{"nombre":"ZAPATA","tipo":"Ciclovías","barrio":"Palermo"},"geometry":{"type":"LineString","coordinates":[[-58.438384,-34.57536],[-58.43921,-34.57478],[-58.439599,-34.574509]]}},{"type":"Feature","properties":{"nombre":"FRENCH","tipo":"Ciclovías","barrio":"Recoleta"},"geometry":{"type":"LineString","coordinates":[[-58.405501,-34.587178],[-58.405597,-34.587112],[-58.406626,-34.586326]]}},{"type":"Feature","properties":{"nombre":"PATRON","tipo":"Ciclovías","barrio":"Liniers"},"geometry":{"type":"LineString","coordinates":[[-58.521342,-34.653374],[-58.521439,-34.653462],[-58.522103,-34.654061]]}},{"type":"Feature","properties":{"nombre":"CORDOBA AV.","tipo":"Ciclovías mano única","barrio":"Chacarita"},"geometry":{"type":"LineString","coordinates":[[-58.447637,-34.583288],[-58.448875,-34.582757]]}},{"type":"Feature","properties":{"nombre":"ALSINA, ADOLFO","tipo":"Ciclovías mano única","barrio":"Monserrat"},"geometry":{"type":"LineString","coordinates":[[-58.377702,-34.610546],[-58.379049,-34.610629],[-58.379124,-34.610634]]}},{"type":"Feature","properties":{"nombre":"ESTADO PLURINACIONAL DE BOLIVIA","tipo":"Ciclovías","barrio":"Agronomia"},"geometry":{"type":"LineString","coordinates":[[-58.490993,-34.592799],[-58.49157,-34.592161]]}},{"type":"Feature","properties":{"nombre":"DEL LIBERTADOR AV.","tipo":"Ciclovías","barrio":"Belgrano"},"geometry":{"type":"LineString","coordinates":[[-58.450104,-34.55388],[-58.450336,-34.55361],[-58.450914,-34.552943]]}},{"type":"Feature","properties":{"nombre":"PADILLA","tipo":"Ciclovías","barrio":"Villa Crespo"},"geometry":{"type":"LineString","coordinates":[[-58.440515,-34.602044],[-58.44109,-34.601298]]}},{"type":"Feature","properties":{"nombre":"OTAMENDI","tipo":"Ciclovías","barrio":"Caballito"},"geometry":{"type":"LineString","coordinates":[[-58.43375,-34.610839],[-58.434279,-34.6097]]}},{"type":"Feature","properties":{"nombre":"MIGUELETES","tipo":"Ciclovías","barrio":"Palermo"},"geometry":{"type":"LineString","coordinates":[[-58.438811,-34.563665],[-58.43985,-34.563043]]}},{"type":"Feature","properties":{"nombre":"COMPLEJO PARQUE DE LOS NIÑOS (SIN NOMBRE OFICIAL)","tipo":"Ciclovías","barrio":"Nuñez"},"geometry":{"type":"LineString","coordinates":[[-58.461017,-34.534289],[-58.454194,-34.531332]]}},{"type":"Feature","properties":{"nombre":"MONROE","tipo":"Ciclovías","barrio":"Belgrano"},"geometry":{"type":"LineString","coordinates":[[-58.453275,-34.554342],[-58.454302,-34.554951]]}},{"type":"Feature","properties":{"nombre":"GUEVARA, TRINIDAD","tipo":"Ciclovías","barrio":"Puerto Madero"},"geometry":{"type":"LineString","coordinates":[[-58.36817,-34.60283],[-58.367239,-34.602768]]}},{"type":"Feature","properties":{"nombre":"AMENABAR","tipo":"Ciclovías","barrio":"Belgrano"},"geometry":{"type":"LineString","coordinates":[[-58.462413,-34.558653],[-58.463051,-34.557909]]}},{"type":"Feature","properties":{"nombre":"CORRIENTES AV.","tipo":"Ciclovías mano única","barrio":"Chacarita"},"geometry":{"type":"LineString","coordinates":[[-58.450768,-34.588691],[-58.450853,-34.588736],[-58.451013,-34.588802],[-58.451217,-34.588828],[-58.451527,-34.588718]]}},{"type":"Feature","properties":{"nombre":"USPALLATA","tipo":"Ciclovías","barrio":"Parque Patricios"},"geometry":{"type":"LineString","coordinates":[[-58.391196,-34.636749],[-58.393039,-34.637179]]}},{"type":"Feature","properties":{"nombre":"DE LOS OMBUES AV.","tipo":"Ciclovías","barrio":"Palermo"},"geometry":{"type":"LineString","coordinates":[[-58.428006,-34.559981],[-58.428148,-34.560116],[-58.428432,-34.560385],[-58.428499,-34.560433],[-58.428567,-34.560481],[-58.428635,-34.560528],[-58.428704,-34.560574],[-58.428774,-34.56062],[-58.428844,-34.560665],[-58.428914,-34.56071],[-58.428985,-34.560754],[-58.429057,-34.560798],[-58.429129,-34.560841],[-58.429201,-34.560883],[-58.42931,-34.560946],[-58.429385,-34.560986],[-58.429462,-34.561024],[-58.429541,-34.56106],[-58.429621,-34.561093],[-58.429703,-34.561123],[-58.429785,-34.561151],[-58.42987,-34.561176],[-58.429955,-34.561198],[-58.430041,-34.561218],[-58.430129,-34.561234],[-58.430216,-34.561248],[-58.430314,-34.56126],[-58.430378,-34.561268],[-58.430443,-34.561273],[-58.430508,-34.561275],[-58.430573,-34.561274],[-58.430638,-34.561271],[-58.430703,-34.561264],[-58.430767,-34.561255],[-58.43083,-34.561243],[-58.430893,-34.561228],[-58.430954,-34.56121],[-58.431014,-34.56119],[-58.431088,-34.561161]]}},{"type":"Feature","properties":{"nombre":"MENDEZ DE ANDES","tipo":"Ciclovías","barrio":"Caballito"},"geometry":{"type":"LineString","coordinates":[[-58.453862,-34.617501],[-58.455174,-34.617897]]}},{"type":"Feature","properties":{"nombre":"CORDOBA AV.","tipo":"Ciclovías mano única","barrio":"Palermo"},"geometry":{"type":"LineString","coordinates":[[-58.443479,-34.585401],[-58.444587,-34.584666]]}},{"type":"Feature","properties":{"nombre":"MILLER","tipo":"Ciclovías","barrio":"Villa Urquiza"},"geometry":{"type":"LineString","coordinates":[[-58.480903,-34.571139],[-58.481016,-34.571012],[-58.481734,-34.570197]]}},{"type":"Feature","properties":{"nombre":"DIAZ, CESAR, GRAL.","tipo":"Ciclovías","barrio":"Villa Gral. Mitre"},"geometry":{"type":"LineString","coordinates":[[-58.47105,-34.610217],[-58.471606,-34.61051]]}},{"type":"Feature","properties":{"nombre":"GORRITI","tipo":"Ciclovías","barrio":"Palermo"},"geometry":{"type":"LineString","coordinates":[[-58.426085,-34.592789],[-58.426867,-34.592179]]}},{"type":"Feature","properties":{"nombre":"MILLER","tipo":"Ciclovías","barrio":"Villa Urquiza"},"geometry":{"type":"LineString","coordinates":[[-58.488139,-34.563102],[-58.489086,-34.561739]]}},{"type":"Feature","properties":{"nombre":"ESTADOS UNIDOS","tipo":"Ciclovías","barrio":"Boedo"},"geometry":{"type":"LineString","coordinates":[[-58.417945,-34.622591],[-58.418205,-34.622615],[-58.419278,-34.622702]]}},{"type":"Feature","properties":{"nombre":"GONZALEZ, ELPIDIO","tipo":"Ciclovías","barrio":"Monte Castro"},"geometry":{"type":"LineString","coordinates":[[-58.497396,-34.618965],[-58.497511,-34.619061],[-58.498294,-34.619708]]}},{"type":"Feature","properties":{"nombre":"PEPIRI","tipo":"Ciclovías","barrio":"Parque Patricios"},"geometry":{"type":"LineString","coordinates":[[-58.409197,-34.647307],[-58.409158,-34.647468],[-58.409023,-34.648029],[-58.409009,-34.648085],[-58.408926,-34.648431]]}},{"type":"Feature","properties":{"nombre":"CALVO, CARLOS","tipo":"Ciclovías","barrio":"Constitucion"},"geometry":{"type":"LineString","coordinates":[[-58.381446,-34.619754],[-58.381688,-34.619753],[-58.382794,-34.619765],[-58.382981,-34.619764]]}},{"type":"Feature","properties":{"nombre":"ROSETI","tipo":"Ciclovías","barrio":"Chacarita"},"geometry":{"type":"LineString","coordinates":[[-58.456707,-34.582163],[-58.458405,-34.58187]]}},{"type":"Feature","properties":{"nombre":"CORRIENTES AV.","tipo":"Ciclovías mano única","barrio":"Villa Crespo"},"geometry":{"type":"LineString","coordinates":[[-58.439765,-34.598974],[-58.440694,-34.598112]]}},{"type":"Feature","properties":{"nombre":"ALSINA, ADOLFO","tipo":"Ciclovías","barrio":"Monserrat"},"geometry":{"type":"LineString","coordinates":[[-58.388943,-34.611286],[-58.390367,-34.611389]]}},{"type":"Feature","properties":{"nombre":"IBERA","tipo":"Ciclovías","barrio":"Nuñez"},"geometry":{"type":"LineString","coordinates":[[-58.466384,-34.554519],[-58.467115,-34.554931]]}},{"type":"Feature","properties":{"nombre":"CERETTI","tipo":"Ciclovías","barrio":"Parque Chas"},"geometry":{"type":"LineString","coordinates":[[-58.486375,-34.58663],[-58.486937,-34.585911]]}},{"type":"Feature","properties":{"nombre":"PRIMERA JUNTA","tipo":"Ciclovías","barrio":"Flores"},"geometry":{"type":"LineString","coordinates":[[-58.460936,-34.641234],[-58.461996,-34.641983]]}},{"type":"Feature","properties":{"nombre":"TREINTA Y TRES ORIENTALES","tipo":"Ciclovías","barrio":"Almagro"},"geometry":{"type":"LineString","coordinates":[[-58.424793,-34.613843],[-58.424568,-34.614831]]}},{"type":"Feature","properties":{"nombre":"GARCIA, JUAN AGUSTIN","tipo":"Ciclovías","barrio":"Villa Gral. Mitre"},"geometry":{"type":"LineString","coordinates":[[-58.474743,-34.606465],[-58.475724,-34.606972],[-58.475885,-34.607058]]}},{"type":"Feature","properties":{"nombre":"MILLER","tipo":"Ciclovías","barrio":"Saavedra"},"geometry":{"type":"LineString","coordinates":[[-58.492783,-34.556412],[-58.492926,-34.556204]]}},{"type":"Feature","properties":{"nombre":"GRIVEO","tipo":"Ciclovías","barrio":"Villa Devoto"},"geometry":{"type":"LineString","coordinates":[[-58.511701,-34.589478],[-58.512212,-34.589793]]}},{"type":"Feature","properties":{"nombre":"LUGONES","tipo":"Ciclovías","barrio":"Villa Urquiza"},"geometry":{"type":"LineString","coordinates":[[-58.476164,-34.574892],[-58.476951,-34.574004]]}},{"type":"Feature","properties":{"nombre":"CORDOBA AV.","tipo":"Ciclovías mano única","barrio":"Palermo"},"geometry":{"type":"LineString","coordinates":[[-58.423369,-34.597745],[-58.423543,-34.597629],[-58.424845,-34.597061]]}},{"type":"Feature","properties":{"nombre":"ALSINA, ADOLFO","tipo":"Ciclovías mano única","barrio":"Monserrat"},"geometry":{"type":"LineString","coordinates":[[-58.38482,-34.611004],[-58.384972,-34.611013],[-58.38585,-34.611073],[-58.386158,-34.611088]]}},{"type":"Feature","properties":{"nombre":"ALSINA, ADOLFO","tipo":"Ciclovías mano única","barrio":"Monserrat"},"geometry":{"type":"LineString","coordinates":[[-58.370657,-34.610059],[-58.372057,-34.610145]]}},{"type":"Feature","properties":{"nombre":"RABANAL, FRANCISCO, INTENDENTE AV.","tipo":"Ciclovías","barrio":"Villa Soldati"},"geometry":{"type":"LineString","coordinates":[[-58.433082,-34.662718],[-58.434287,-34.663433]]}},{"type":"Feature","properties":{"nombre":"MORON","tipo":"Ciclovías","barrio":"Flores"},"geometry":{"type":"LineString","coordinates":[[-58.469831,-34.623331],[-58.469953,-34.623369],[-58.471219,-34.623763]]}},{"type":"Feature","properties":{"nombre":"CABOTO","tipo":"Ciclovías","barrio":"La Boca"},"geometry":{"type":"LineString","coordinates":[[-58.358435,-34.629378],[-58.357371,-34.630085]]}},{"type":"Feature","properties":{"nombre":"SUIPACHA","tipo":"Ciclovías","barrio":"Retiro"},"geometry":{"type":"LineString","coordinates":[[-58.379838,-34.597725],[-58.379899,-34.596625],[-58.379905,-34.596513]]}},{"type":"Feature","properties":{"nombre":"BLANCO ENCALADA","tipo":"Ciclovías","barrio":"Villa Urquiza"},"geometry":{"type":"LineString","coordinates":[[-58.476532,-34.569627],[-58.477453,-34.57019]]}},{"type":"Feature","properties":{"nombre":"GARAY, JUAN DE AV.","tipo":"Ciclovías","barrio":"Constitucion"},"geometry":{"type":"LineString","coordinates":[[-58.37801,-34.625654],[-58.379013,-34.626083]]}},{"type":"Feature","properties":{"nombre":"POLA","tipo":"Ciclovías","barrio":"Liniers"},"geometry":{"type":"LineString","coordinates":[[-58.508366,-34.643687],[-58.507183,-34.644586]]}},{"type":"Feature","properties":{"nombre":"IRALA","tipo":"Ciclovías","barrio":"La Boca"},"geometry":{"type":"LineString","coordinates":[[-58.367224,-34.634277],[-58.366927,-34.635213]]}},{"type":"Feature","properties":{"nombre":"MORON","tipo":"Ciclovías","barrio":"Velez Sarsfield"},"geometry":{"type":"LineString","coordinates":[[-58.494778,-34.630862],[-58.494954,-34.630923],[-58.495367,-34.63109]]}},{"type":"Feature","properties":{"nombre":"PERON, JUAN DOMINGO, TTE. GENERAL","tipo":"Ciclovías mano única","barrio":"Balvanera"},"geometry":{"type":"LineString","coordinates":[[-58.400637,-34.607396],[-58.401971,-34.60747]]}},{"type":"Feature","properties":{"nombre":"DOBLAS","tipo":"Ciclovías","barrio":"Parque Chacabuco"},"geometry":{"type":"LineString","coordinates":[[-58.429326,-34.628733],[-58.429018,-34.629787]]}},{"type":"Feature","properties":{"nombre":"GRIVEO","tipo":"Ciclovías","barrio":"Villa Pueyrredon"},"geometry":{"type":"LineString","coordinates":[[-58.505033,-34.585358],[-58.505157,-34.585435],[-58.505712,-34.585778]]}},{"type":"Feature","properties":{"nombre":"POTOSI","tipo":"Ciclovías","barrio":"Almagro"},"geometry":{"type":"LineString","coordinates":[[-58.427664,-34.607275],[-58.428944,-34.60718],[-58.429151,-34.607163]]}},{"type":"Feature","properties":{"nombre":"COLECTORA CANTILO, INT.","tipo":"Ciclovías","barrio":"Nuñez"},"geometry":{"type":"LineString","coordinates":[[-58.460373,-34.535288],[-58.460385,-34.535214],[-58.460413,-34.535157],[-58.460485,-34.535112],[-58.460654,-34.535117]]}},{"type":"Feature","properties":{"nombre":"CUCHA CUCHA","tipo":"Ciclovías","barrio":"Paternal"},"geometry":{"type":"LineString","coordinates":[[-58.460658,-34.601129],[-58.460796,-34.6011],[-58.462121,-34.600819]]}},{"type":"Feature","properties":{"nombre":"MORON","tipo":"Ciclovías","barrio":"Velez Sarsfield"},"geometry":{"type":"LineString","coordinates":[[-58.492482,-34.630005],[-58.493579,-34.63054]]}},{"type":"Feature","properties":{"nombre":"DOBLAS","tipo":"Ciclovías","barrio":"Caballito"},"geometry":{"type":"LineString","coordinates":[[-58.431093,-34.620931],[-58.430817,-34.622305],[-58.430761,-34.622544]]}},{"type":"Feature","properties":{"nombre":"SUPERI","tipo":"Ciclovías","barrio":"Saavedra"},"geometry":{"type":"LineString","coordinates":[[-58.482466,-34.548242],[-58.482756,-34.547858]]}},{"type":"Feature","properties":{"nombre":"QUITO","tipo":"Ciclovías","barrio":"Almagro"},"geometry":{"type":"LineString","coordinates":[[-58.427357,-34.617103],[-58.428795,-34.617186]]}},{"type":"Feature","properties":{"nombre":"15 DE NOVIEMBRE DE 1889","tipo":"Ciclovías","barrio":"Parque Patricios"},"geometry":{"type":"LineString","coordinates":[[-58.39686,-34.633046],[-58.398298,-34.63339]]}},{"type":"Feature","properties":{"nombre":"RONDEAU","tipo":"Ciclovías","barrio":"Boedo"},"geometry":{"type":"LineString","coordinates":[[-58.421459,-34.637641],[-58.42167,-34.637678],[-58.422095,-34.637754]]}},{"type":"Feature","properties":{"nombre":"LINIERS VIRREY","tipo":"Ciclovías","barrio":"Almagro"},"geometry":{"type":"LineString","coordinates":[[-58.414258,-34.616631],[-58.414205,-34.617149]]}},{"type":"Feature","properties":{"nombre":"USPALLATA","tipo":"Ciclovías","barrio":"Barracas"},"geometry":{"type":"LineString","coordinates":[[-58.375206,-34.632762],[-58.375625,-34.633191],[-58.375793,-34.633253]]}},{"type":"Feature","properties":{"nombre":"DEL LIBERTADOR AV.","tipo":"Ciclovías","barrio":"Recoleta"},"geometry":{"type":"LineString","coordinates":[[-58.388638,-34.585324],[-58.389287,-34.585118],[-58.389566,-34.585039],[-58.389853,-34.585003],[-58.389998,-34.585021]]}},{"type":"Feature","properties":{"nombre":"PERETTE, CARLOS H.","tipo":"Ciclovías","barrio":"Retiro"},"geometry":{"type":"LineString","coordinates":[[-58.3789,-34.582344],[-58.379148,-34.582198]]}},{"type":"Feature","properties":{"nombre":"GUATEMALA","tipo":"Ciclovías","barrio":"Palermo"},"geometry":{"type":"LineString","coordinates":[[-58.43399,-34.57873],[-58.435004,-34.57792]]}},{"type":"Feature","properties":{"nombre":"SUPERI","tipo":"Ciclovías","barrio":"Saavedra"},"geometry":{"type":"LineString","coordinates":[[-58.477855,-34.554314],[-58.477935,-34.55421],[-58.478674,-34.553238]]}},{"type":"Feature","properties":{"nombre":"OBLIGADO RAFAEL, AV.COSTANERA","tipo":"Ciclovías","barrio":"Palermo"},"geometry":{"type":"LineString","coordinates":[[-58.4132,-34.555967],[-58.413654,-34.555713],[-58.414779,-34.555144],[-58.415247,-34.554948],[-58.415761,-34.554754],[-58.416358,-34.554567]]}},{"type":"Feature","properties":{"nombre":"IBERA","tipo":"Ciclovías","barrio":"Nuñez"},"geometry":{"type":"LineString","coordinates":[[-58.467115,-34.554931],[-58.468014,-34.55544]]}},{"type":"Feature","properties":{"nombre":"TUCUMAN","tipo":"Ciclovías","barrio":"San Nicolas"},"geometry":{"type":"LineString","coordinates":[[-58.388035,-34.601712],[-58.389402,-34.601785],[-58.389532,-34.601799]]}},{"type":"Feature","properties":{"nombre":"DIAZ, CESAR, GRAL.","tipo":"Ciclovías","barrio":"Villa Santa Rita"},"geometry":{"type":"LineString","coordinates":[[-58.481582,-34.615774],[-58.48284,-34.616436]]}},{"type":"Feature","properties":{"nombre":"LUGONES","tipo":"Ciclovías","barrio":"Villa Urquiza"},"geometry":{"type":"LineString","coordinates":[[-58.475379,-34.575779],[-58.476164,-34.574892]]}},{"type":"Feature","properties":{"nombre":"LA RABIDA (S) AV.","tipo":"Ciclovías","barrio":"Monserrat"},"geometry":{"type":"LineString","coordinates":[[-58.368733,-34.609027],[-58.368763,-34.609055],[-58.368914,-34.609181],[-58.369024,-34.609257],[-58.369165,-34.609341]]}},{"type":"Feature","properties":{"nombre":"ALSINA, ADOLFO","tipo":"Ciclovías mano única","barrio":"Monserrat"},"geometry":{"type":"LineString","coordinates":[[-58.379124,-34.610634],[-58.379287,-34.610644],[-58.380375,-34.610712],[-58.380597,-34.61073]]}},{"type":"Feature","properties":{"nombre":"MILLER","tipo":"Ciclovías","barrio":"Saavedra"},"geometry":{"type":"LineString","coordinates":[[-58.493962,-34.554708],[-58.494078,-34.554544],[-58.494464,-34.553994]]}},{"type":"Feature","properties":{"nombre":"ROSETI","tipo":"Ciclovías","barrio":"Chacarita"},"geometry":{"type":"LineString","coordinates":[[-58.451747,-34.583826],[-58.452767,-34.583331]]}},{"type":"Feature","properties":{"nombre":"ALSINA, ADOLFO","tipo":"Ciclovías","barrio":"Balvanera"},"geometry":{"type":"LineString","coordinates":[[-58.411464,-34.613037],[-58.413119,-34.613416]]}},{"type":"Feature","properties":{"nombre":"PEDRAZA, MANUELA","tipo":"Ciclovías","barrio":"Villa Urquiza"},"geometry":{"type":"LineString","coordinates":[[-58.482475,-34.560384],[-58.482751,-34.560536]]}},{"type":"Feature","properties":{"nombre":"TACUARI","tipo":"Ciclovías","barrio":"Barracas"},"geometry":{"type":"LineString","coordinates":[[-58.376581,-34.627894],[-58.375623,-34.628966]]}},{"type":"Feature","properties":{"nombre":"CHIVILCOY AV.","tipo":"Ciclovías mano única","barrio":"Villa Devoto"},"geometry":{"type":"LineString","coordinates":[[-58.51621,-34.594897],[-58.516982,-34.594042]]}},{"type":"Feature","properties":{"nombre":"ECUADOR","tipo":"Ciclovías","barrio":"Balvanera"},"geometry":{"type":"LineString","coordinates":[[-58.40741,-34.603022],[-58.406946,-34.601625]]}},{"type":"Feature","properties":{"nombre":"PADILLA","tipo":"Ciclovías","barrio":"Villa Crespo"},"geometry":{"type":"LineString","coordinates":[[-58.444693,-34.598063],[-58.445532,-34.597304],[-58.445651,-34.597196]]}},{"type":"Feature","properties":{"nombre":"PUAN","tipo":"Ciclovías","barrio":"Parque Chacabuco"},"geometry":{"type":"LineString","coordinates":[[-58.446062,-34.629817],[-58.445963,-34.630052],[-58.445546,-34.631009]]}},{"type":"Feature","properties":{"nombre":"PICHEUTA","tipo":"Ciclovías","barrio":"Parque Chacabuco"},"geometry":{"type":"LineString","coordinates":[[-58.434583,-34.637838],[-58.43439,-34.638374]]}},{"type":"Feature","properties":{"nombre":"ALSINA, ADOLFO","tipo":"Ciclovías mano única","barrio":"Monserrat"},"geometry":{"type":"LineString","coordinates":[[-58.376268,-34.610451],[-58.376514,-34.610469],[-58.377516,-34.610535],[-58.377702,-34.610546]]}},{"type":"Feature","properties":{"nombre":"PATRON","tipo":"Ciclovías","barrio":"Liniers"},"geometry":{"type":"LineString","coordinates":[[-58.515748,-34.648344],[-58.515859,-34.648443],[-58.516388,-34.648916]]}},{"type":"Feature","properties":{"nombre":"ALVEAR, MARCELO T. DE","tipo":"Ciclovías","barrio":"Retiro"},"geometry":{"type":"LineString","coordinates":[[-58.382268,-34.596766],[-58.382667,-34.596802]]}},{"type":"Feature","properties":{"nombre":"DEL LIBERTADOR AV.","tipo":"Ciclovías","barrio":"Palermo"},"geometry":{"type":"LineString","coordinates":[[-58.409958,-34.57724],[-58.410727,-34.576897],[-58.410942,-34.5768]]}},{"type":"Feature","properties":{"nombre":"CHILE","tipo":"Ciclovías","barrio":"Balvanera"},"geometry":{"type":"LineString","coordinates":[[-58.39455,-34.617076],[-58.394795,-34.617094],[-58.396056,-34.617196]]}},{"type":"Feature","properties":{"nombre":"DEL LIBERTADOR AV.","tipo":"Ciclovías","barrio":"Nuñez"},"geometry":{"type":"LineString","coordinates":[[-58.463825,-34.540699],[-58.46433,-34.539881]]}},{"type":"Feature","properties":{"nombre":"CHIVILCOY","tipo":"Ciclovías","barrio":"Floresta"},"geometry":{"type":"LineString","coordinates":[[-58.488042,-34.623456],[-58.488585,-34.623027]]}},{"type":"Feature","properties":{"nombre":"RONDEAU","tipo":"Ciclovías","barrio":"Parque Patricios"},"geometry":{"type":"LineString","coordinates":[[-58.399298,-34.634758],[-58.400654,-34.634997],[-58.400917,-34.635033]]}},{"type":"Feature","properties":{"nombre":"RINCON","tipo":"Ciclovías","barrio":"San Cristobal"},"geometry":{"type":"LineString","coordinates":[[-58.394604,-34.625472],[-58.394433,-34.626679]]}},{"type":"Feature","properties":{"nombre":"SERRANO","tipo":"Ciclovías","barrio":"Palermo"},"geometry":{"type":"LineString","coordinates":[[-58.43121,-34.589389],[-58.430693,-34.589052]]}},{"type":"Feature","properties":{"nombre":"GARCIA, TEODORO","tipo":"Ciclovías","barrio":"Colegiales"},"geometry":{"type":"LineString","coordinates":[[-58.446699,-34.571109],[-58.447232,-34.571915]]}},{"type":"Feature","properties":{"nombre":"FAVALORO, RENE DR.","tipo":"Ciclovías","barrio":"Parque Patricios"},"geometry":{"type":"LineString","coordinates":[[-58.406537,-34.640061],[-58.406878,-34.640113],[-58.40708,-34.640118],[-58.407302,-34.640116],[-58.407534,-34.640095],[-58.407789,-34.640054]]}},{"type":"Feature","properties":{"nombre":"ARENAL, CONCEPCION","tipo":"Ciclovías","barrio":"Colegiales"},"geometry":{"type":"LineString","coordinates":[[-58.444578,-34.580942],[-58.445171,-34.581473]]}},{"type":"Feature","properties":{"nombre":"CHILE","tipo":"Ciclovías","barrio":"Monserrat"},"geometry":{"type":"LineString","coordinates":[[-58.385892,-34.616684],[-58.386185,-34.61669],[-58.38731,-34.616702],[-58.387491,-34.616704]]}},{"type":"Feature","properties":{"nombre":"SASTRE, MARCOS","tipo":"Ciclovías","barrio":"Monte Castro"},"geometry":{"type":"LineString","coordinates":[[-58.520152,-34.624745],[-58.520617,-34.625187]]}},{"type":"Feature","properties":{"nombre":"AMENABAR","tipo":"Ciclovías","barrio":"Nuñez"},"geometry":{"type":"LineString","coordinates":[[-58.465227,-34.55537],[-58.466384,-34.554519]]}},{"type":"Feature","properties":{"nombre":"RODO, JOSE E.","tipo":"Ciclovías","barrio":"Parque Avellaneda"},"geometry":{"type":"LineString","coordinates":[[-58.488084,-34.645007],[-58.488635,-34.645488]]}},{"type":"Feature","properties":{"nombre":"RAVIGNANI, EMILIO, DR.","tipo":"Ciclovías","barrio":"Palermo"},"geometry":{"type":"LineString","coordinates":[[-58.439385,-34.581744],[-58.438398,-34.580882]]}},{"type":"Feature","properties":{"nombre":"HORNOS, GRAL.","tipo":"Ciclovías","barrio":"Barracas"},"geometry":{"type":"LineString","coordinates":[[-58.378548,-34.630577],[-58.378293,-34.631198],[-58.37777,-34.632533]]}},{"type":"Feature","properties":{"nombre":"FIGUEROA ALCORTA, PRES. AV.","tipo":"Ciclovías","barrio":"Palermo"},"geometry":{"type":"LineString","coordinates":[[-58.413354,-34.57052],[-58.415303,-34.569121],[-58.415538,-34.568957]]}},{"type":"Feature","properties":{"nombre":"ALSINA, ADOLFO","tipo":"Ciclovías","barrio":"Balvanera"},"geometry":{"type":"LineString","coordinates":[[-58.391798,-34.611499],[-58.392092,-34.611527],[-58.39314,-34.611592],[-58.393307,-34.611602]]}},{"type":"Feature","properties":{"nombre":"ESTADOS UNIDOS","tipo":"Ciclovías","barrio":"Boedo"},"geometry":{"type":"LineString","coordinates":[[-58.420524,-34.622827],[-58.421302,-34.62291]]}},{"type":"Feature","properties":{"nombre":"PERON, JUAN DOMINGO, TTE. GENERAL","tipo":"Ciclovías","barrio":"Almagro"},"geometry":{"type":"LineString","coordinates":[[-58.413939,-34.607345],[-58.414746,-34.607144]]}},{"type":"Feature","properties":{"nombre":"MOREAU DE JUSTO, ALICIA AV.","tipo":"Ciclovías","barrio":"Puerto Madero"},"geometry":{"type":"LineString","coordinates":[[-58.366295,-34.612112],[-58.366266,-34.612273],[-58.36629,-34.612578],[-58.36629,-34.612704],[-58.366213,-34.613421]]}},{"type":"Feature","properties":{"nombre":"ALVEAR, MARCELO T. DE","tipo":"Ciclovías","barrio":"Recoleta"},"geometry":{"type":"LineString","coordinates":[[-58.397555,-34.597221],[-58.397673,-34.597207],[-58.398872,-34.597048]]}},{"type":"Feature","properties":{"nombre":"LOYOLA","tipo":"Ciclovías","barrio":"Villa Crespo"},"geometry":{"type":"LineString","coordinates":[[-58.43104,-34.600749],[-58.43143,-34.600332]]}},{"type":"Feature","properties":{"nombre":"CABOTO","tipo":"Ciclovías","barrio":"La Boca"},"geometry":{"type":"LineString","coordinates":[[-58.356901,-34.630396],[-58.356406,-34.631223]]}},{"type":"Feature","properties":{"nombre":"SERRANO","tipo":"Ciclovías","barrio":"Palermo"},"geometry":{"type":"LineString","coordinates":[[-58.430693,-34.589052],[-58.43054,-34.588952]]}},{"type":"Feature","properties":{"nombre":"BLANCO ENCALADA","tipo":"Ciclovías","barrio":"Villa Urquiza"},"geometry":{"type":"LineString","coordinates":[[-58.490208,-34.577805],[-58.491272,-34.578433]]}},{"type":"Feature","properties":{"nombre":"GARCIA, MARTIN AV.","tipo":"Ciclovías","barrio":"San Telmo"},"geometry":{"type":"LineString","coordinates":[[-58.368161,-34.627127],[-58.36847,-34.627377],[-58.368617,-34.62757]]}},{"type":"Feature","properties":{"nombre":"ESTRADA","tipo":"Ciclovías","barrio":"Parque Chacabuco"},"geometry":{"type":"LineString","coordinates":[[-58.427404,-34.630652],[-58.427552,-34.630673],[-58.428714,-34.630834]]}},{"type":"Feature","properties":{"nombre":"GORRITI","tipo":"Ciclovías","barrio":"Palermo"},"geometry":{"type":"LineString","coordinates":[[-58.430252,-34.590004],[-58.43121,-34.589389]]}},{"type":"Feature","properties":{"nombre":"ARENAL, CONCEPCION","tipo":"Ciclovías","barrio":"Colegiales"},"geometry":{"type":"LineString","coordinates":[[-58.443613,-34.580106],[-58.4445,-34.580872],[-58.444578,-34.580942]]}},{"type":"Feature","properties":{"nombre":"SUIPACHA","tipo":"Ciclovías","barrio":"San Nicolas"},"geometry":{"type":"LineString","coordinates":[[-58.379387,-34.604837],[-58.379396,-34.604685],[-58.379466,-34.603724],[-58.379475,-34.603576]]}},{"type":"Feature","properties":{"nombre":"BLANCO ENCALADA","tipo":"Ciclovías","barrio":"Belgrano"},"geometry":{"type":"LineString","coordinates":[[-58.468962,-34.565074],[-58.469124,-34.565171],[-58.470471,-34.565963]]}},{"type":"Feature","properties":{"nombre":"MORON","tipo":"Ciclovías","barrio":"Villa Luro"},"geometry":{"type":"LineString","coordinates":[[-58.498984,-34.632556],[-58.500404,-34.632738]]}},{"type":"Feature","properties":{"nombre":"SAN MARTIN","tipo":"Ciclovías","barrio":"Retiro"},"geometry":{"type":"LineString","coordinates":[[-58.373842,-34.593568],[-58.372676,-34.592133]]}},{"type":"Feature","properties":{"nombre":"ROSETI","tipo":"Ciclovías","barrio":"Villa Ortuzar"},"geometry":{"type":"LineString","coordinates":[[-58.461911,-34.581816],[-58.463345,-34.581773]]}},{"type":"Feature","properties":{"nombre":"SASTRE, MARCOS","tipo":"Ciclovías","barrio":"Monte Castro"},"geometry":{"type":"LineString","coordinates":[[-58.502463,-34.611934],[-58.503503,-34.612554],[-58.503687,-34.612664]]}},{"type":"Feature","properties":{"nombre":"CORDOBA AV.","tipo":"Ciclovías mano única","barrio":"Retiro"},"geometry":{"type":"LineString","coordinates":[[-58.384032,-34.599159],[-58.384207,-34.599167],[-58.385475,-34.599227]]}},{"type":"Feature","properties":{"nombre":"BONIFACIO, JOSE","tipo":"Ciclovías","barrio":"Floresta"},"geometry":{"type":"LineString","coordinates":[[-58.471756,-34.635644],[-58.472838,-34.636029]]}},{"type":"Feature","properties":{"nombre":"ESTADO DE ISRAEL AV.","tipo":"Ciclovías","barrio":"Villa Crespo"},"geometry":{"type":"LineString","coordinates":[[-58.43104,-34.600749],[-58.431156,-34.600881]]}},{"type":"Feature","properties":{"nombre":"ESTADO PLURINACIONAL DE BOLIVIA","tipo":"Ciclovías","barrio":"Agronomia"},"geometry":{"type":"LineString","coordinates":[[-58.49157,-34.592161],[-58.492239,-34.59142]]}},{"type":"Feature","properties":{"nombre":"ACHAVAL RODRIGUEZ, T., DR. AV.","tipo":"Ciclovías","barrio":"Puerto Madero"},"geometry":{"type":"LineString","coordinates":[[-58.35662,-34.617763],[-58.356611,-34.61792]]}},{"type":"Feature","properties":{"nombre":"BLANCO ENCALADA","tipo":"Ciclovías","barrio":"Belgrano"},"geometry":{"type":"LineString","coordinates":[[-58.453493,-34.555889],[-58.453545,-34.555921]]}},{"type":"Feature","properties":{"nombre":"BULLRICH, INT. AV.","tipo":"Ciclovías","barrio":"Palermo"},"geometry":{"type":"LineString","coordinates":[[-58.42499,-34.574556],[-58.425251,-34.575092],[-58.425717,-34.576009],[-58.426622,-34.577788],[-58.426533,-34.578168]]}},{"type":"Feature","properties":{"nombre":"RIVADAVIA MARTIN, COMODORO","tipo":"Ciclovías","barrio":"Nuñez"},"geometry":{"type":"LineString","coordinates":[[-58.465751,-34.546669],[-58.466493,-34.547405]]}},{"type":"Feature","properties":{"nombre":"POTOSI","tipo":"Ciclovías","barrio":"Almagro"},"geometry":{"type":"LineString","coordinates":[[-58.422916,-34.607268],[-58.424458,-34.607271],[-58.42463,-34.607272]]}},{"type":"Feature","properties":{"nombre":"DIAZ, CNEL. AV.","tipo":"Ciclovías","barrio":"Palermo"},"geometry":{"type":"LineString","coordinates":[[-58.408319,-34.586546],[-58.408139,-34.586289],[-58.408041,-34.586149]]}},{"type":"Feature","properties":{"nombre":"LORETO, VIRREY","tipo":"Ciclovías","barrio":"Colegiales"},"geometry":{"type":"LineString","coordinates":[[-58.456298,-34.575524],[-58.456718,-34.576061]]}},{"type":"Feature","properties":{"nombre":"IRALA","tipo":"Ciclovías","barrio":"La Boca"},"geometry":{"type":"LineString","coordinates":[[-58.366344,-34.638775],[-58.366197,-34.639698]]}},{"type":"Feature","properties":{"nombre":"GRIVEO","tipo":"Ciclovías","barrio":"Villa Devoto"},"geometry":{"type":"LineString","coordinates":[[-58.513031,-34.590301],[-58.513489,-34.590586]]}},{"type":"Feature","properties":{"nombre":"CHIVILCOY AV.","tipo":"Ciclovías mano única","barrio":"Villa Devoto"},"geometry":{"type":"LineString","coordinates":[[-58.517876,-34.593277],[-58.518645,-34.592429]]}},{"type":"Feature","properties":{"nombre":"GRIVEO","tipo":"Ciclovías","barrio":"Villa Pueyrredon"},"geometry":{"type":"LineString","coordinates":[[-58.495824,-34.579657],[-58.496954,-34.580355]]}},{"type":"Feature","properties":{"nombre":"TACUARI","tipo":"Ciclovías","barrio":"Monserrat"},"geometry":{"type":"LineString","coordinates":[[-58.378986,-34.6141],[-58.378982,-34.614213],[-58.378923,-34.61504],[-58.378915,-34.615172]]}},{"type":"Feature","properties":{"nombre":"FIGUEROA ALCORTA, PRES. AV.","tipo":"Ciclovías","barrio":"Belgrano"},"geometry":{"type":"LineString","coordinates":[[-58.449632,-34.546661],[-58.450331,-34.546555]]}},{"type":"Feature","properties":{"nombre":"BRAVARD","tipo":"Ciclovías","barrio":"Caballito"},"geometry":{"type":"LineString","coordinates":[[-58.437781,-34.605113],[-58.437976,-34.604959]]}},{"type":"Feature","properties":{"nombre":"MILLER","tipo":"Ciclovías","barrio":"Villa Urquiza"},"geometry":{"type":"LineString","coordinates":[[-58.480237,-34.57189],[-58.480903,-34.571139]]}},{"type":"Feature","properties":{"nombre":"CEVALLOS, VIRREY","tipo":"Ciclovías","barrio":"Monserrat"},"geometry":{"type":"LineString","coordinates":[[-58.388943,-34.611286],[-58.388926,-34.611453],[-58.388934,-34.612222],[-58.388945,-34.612467]]}},{"type":"Feature","properties":{"nombre":"OTAMENDI","tipo":"Ciclovías","barrio":"Caballito"},"geometry":{"type":"LineString","coordinates":[[-58.432792,-34.61299],[-58.432834,-34.612867],[-58.433157,-34.612129]]}},{"type":"Feature","properties":{"nombre":"GALLARDO, ANGEL AV.","tipo":"Ciclovías mano única","barrio":"Villa Crespo"},"geometry":{"type":"LineString","coordinates":[[-58.433867,-34.602935],[-58.433916,-34.602959]]}},{"type":"Feature","properties":{"nombre":"CORDOBA AV.","tipo":"Ciclovías mano única","barrio":"Recoleta"},"geometry":{"type":"LineString","coordinates":[[-58.408151,-34.598068],[-58.408724,-34.598078],[-58.409431,-34.598088]]}},{"type":"Feature","properties":{"nombre":"RODO, JOSE E.","tipo":"Ciclovías","barrio":"Mataderos"},"geometry":{"type":"LineString","coordinates":[[-58.497729,-34.653236],[-58.498539,-34.65391]]}},{"type":"Feature","properties":{"nombre":"IRALA","tipo":"Ciclovías","barrio":"La Boca"},"geometry":{"type":"LineString","coordinates":[[-58.369449,-34.628322],[-58.36872,-34.629563]]}},{"type":"Feature","properties":{"nombre":"IBERA","tipo":"Ciclovías","barrio":"Coghlan"},"geometry":{"type":"LineString","coordinates":[[-58.474325,-34.558914],[-58.475272,-34.559426]]}},{"type":"Feature","properties":{"nombre":"SERRANO","tipo":"Ciclovías","barrio":"Villa Crespo"},"geometry":{"type":"LineString","coordinates":[[-58.438918,-34.594173],[-58.437812,-34.593511]]}},{"type":"Feature","properties":{"nombre":"SANLUCAR DE BARRAMEDA","tipo":"Ciclovías","barrio":"Barracas"},"geometry":{"type":"LineString","coordinates":[[-58.383697,-34.633344],[-58.383591,-34.633318],[-58.383474,-34.633307],[-58.383375,-34.633305],[-58.383307,-34.633295]]}},{"type":"Feature","properties":{"nombre":"SAN MARTIN","tipo":"Ciclovías","barrio":"San Nicolas"},"geometry":{"type":"LineString","coordinates":[[-58.373854,-34.603232],[-58.373863,-34.603103],[-58.373903,-34.602243],[-58.37391,-34.60213]]}},{"type":"Feature","properties":{"nombre":"FOREST AV.","tipo":"Ciclovías mano única","barrio":"Chacarita"},"geometry":{"type":"LineString","coordinates":[[-58.453516,-34.585677],[-58.453966,-34.585182]]}},{"type":"Feature","properties":{"nombre":"BONIFACIO, JOSE","tipo":"Ciclovías","barrio":"Flores"},"geometry":{"type":"LineString","coordinates":[[-58.465289,-34.63363],[-58.466682,-34.634057]]}},{"type":"Feature","properties":{"nombre":"FIGUEROA ALCORTA, PRES. AV.","tipo":"Ciclovías","barrio":"Belgrano"},"geometry":{"type":"LineString","coordinates":[[-58.435309,-34.553157],[-58.435935,-34.552546]]}},{"type":"Feature","properties":{"nombre":"CORDOBA AV.","tipo":"Ciclovías mano única","barrio":"Recoleta"},"geometry":{"type":"LineString","coordinates":[[-58.404735,-34.598036],[-58.405589,-34.59804]]}},{"type":"Feature","properties":{"nombre":"GARCIA, TEODORO","tipo":"Ciclovías mano única","barrio":"Chacarita"},"geometry":{"type":"LineString","coordinates":[[-58.455368,-34.58514],[-58.455502,-34.585394]]}},{"type":"Feature","properties":{"nombre":"JAURETCHE, ARTURO","tipo":"Ciclovías","barrio":"Caballito"},"geometry":{"type":"LineString","coordinates":[[-58.436674,-34.610704],[-58.438094,-34.611292]]}},{"type":"Feature","properties":{"nombre":"SARMIENTO AV.","tipo":"Ciclovías","barrio":"Palermo"},"geometry":{"type":"LineString","coordinates":[[-58.41727,-34.577349],[-58.415576,-34.575543]]}},{"type":"Feature","properties":{"nombre":"HORNOS, GRAL.","tipo":"Ciclovías","barrio":"Barracas"},"geometry":{"type":"LineString","coordinates":[[-58.377137,-34.634712],[-58.377092,-34.634899],[-58.376829,-34.636061],[-58.376785,-34.63623]]}},{"type":"Feature","properties":{"nombre":"SUPERI","tipo":"Ciclovías","barrio":"Colegiales"},"geometry":{"type":"LineString","coordinates":[[-58.459403,-34.574416],[-58.459577,-34.574354],[-58.459799,-34.574256]]}},{"type":"Feature","properties":{"nombre":"CORRIENTES AV.","tipo":"Ciclovías mano única","barrio":"San Nicolas"},"geometry":{"type":"LineString","coordinates":[[-58.370093,-34.602997],[-58.370268,-34.603006]]}},{"type":"Feature","properties":{"nombre":"MIRO","tipo":"Ciclovías","barrio":"Parque Chacabuco"},"geometry":{"type":"LineString","coordinates":[[-58.44408,-34.636317],[-58.443909,-34.637059]]}},{"type":"Feature","properties":{"nombre":"GODOY CRUZ","tipo":"Ciclovías","barrio":"Palermo"},"geometry":{"type":"LineString","coordinates":[[-58.430175,-34.584274],[-58.430035,-34.584114],[-58.429406,-34.583396]]}},{"type":"Feature","properties":{"nombre":"NUEVA YORK","tipo":"Ciclovías","barrio":"Agronomia"},"geometry":{"type":"LineString","coordinates":[[-58.488086,-34.585551],[-58.488885,-34.586047]]}},{"type":"Feature","properties":{"nombre":"ACUÑA DE FIGUEROA, FRANCISCO","tipo":"Ciclovías","barrio":"Palermo"},"geometry":{"type":"LineString","coordinates":[[-58.42178,-34.597734],[-58.421517,-34.596431]]}},{"type":"Feature","properties":{"nombre":"RINCON","tipo":"Ciclovías","barrio":"San Cristobal"},"geometry":{"type":"LineString","coordinates":[[-58.395993,-34.618381],[-58.395944,-34.619413],[-58.395928,-34.619562]]}},{"type":"Feature","properties":{"nombre":"FRENCH","tipo":"Ciclovías","barrio":"Recoleta"},"geometry":{"type":"LineString","coordinates":[[-58.39923,-34.590846],[-58.400357,-34.590189]]}},{"type":"Feature","properties":{"nombre":"TREINTA Y TRES ORIENTALES","tipo":"Ciclovías","barrio":"Boedo"},"geometry":{"type":"LineString","coordinates":[[-58.423045,-34.625593],[-58.422889,-34.626251],[-58.422844,-34.626425]]}},{"type":"Feature","properties":{"nombre":"LA PAMPA","tipo":"Ciclovías","barrio":"Villa Urquiza"},"geometry":{"type":"LineString","coordinates":[[-58.473685,-34.576108],[-58.473829,-34.576187],[-58.474619,-34.576636]]}},{"type":"Feature","properties":{"nombre":"CULPINA","tipo":"Ciclovías","barrio":"Flores"},"geometry":{"type":"LineString","coordinates":[[-58.464805,-34.634724],[-58.464304,-34.635859]]}},{"type":"Feature","properties":{"nombre":"CORRIENTES AV.","tipo":"Ciclovías mano única","barrio":"Balvanera"},"geometry":{"type":"LineString","coordinates":[[-58.39358,-34.604456],[-58.393691,-34.604458],[-58.393861,-34.604462]]}},{"type":"Feature","properties":{"nombre":"PEDRAZA, MANUELA","tipo":"Ciclovías","barrio":"Villa Urquiza"},"geometry":{"type":"LineString","coordinates":[[-58.484341,-34.561317],[-58.485289,-34.561757]]}},{"type":"Feature","properties":{"nombre":"SUPERI","tipo":"Ciclovías","barrio":"Colegiales"},"geometry":{"type":"LineString","coordinates":[[-58.457239,-34.575188],[-58.458217,-34.574839]]}},{"type":"Feature","properties":{"nombre":"CHIVILCOY","tipo":"Ciclovías","barrio":"Monte Castro"},"geometry":{"type":"LineString","coordinates":[[-58.497945,-34.61565],[-58.498745,-34.614702],[-58.498848,-34.614579]]}},{"type":"Feature","properties":{"nombre":"ALSINA, ADOLFO","tipo":"Ciclovías","barrio":"Balvanera"},"geometry":{"type":"LineString","coordinates":[[-58.397439,-34.611872],[-58.39762,-34.611889],[-58.398966,-34.611983]]}},{"type":"Feature","properties":{"nombre":"CORRIENTES AV.","tipo":"Ciclovías mano única","barrio":"San Nicolas"},"geometry":{"type":"LineString","coordinates":[[-58.373854,-34.603232],[-58.37522,-34.603316]]}},{"type":"Feature","properties":{"nombre":"NEUQUEN","tipo":"Ciclovías","barrio":"Caballito"},"geometry":{"type":"LineString","coordinates":[[-58.448995,-34.615842],[-58.449147,-34.615833]]}},{"type":"Feature","properties":{"nombre":"GRIVEO","tipo":"Ciclovías","barrio":"Villa Devoto"},"geometry":{"type":"LineString","coordinates":[[-58.512366,-34.589889],[-58.512487,-34.589963],[-58.513031,-34.590301]]}},{"type":"Feature","properties":{"nombre":"GUIRALDES, INT.","tipo":"Ciclovías","barrio":"Belgrano"},"geometry":{"type":"LineString","coordinates":[[-58.437055,-34.542705],[-58.436794,-34.542628],[-58.436418,-34.542604],[-58.43605,-34.542673]]}},{"type":"Feature","properties":{"nombre":"ACHAVAL","tipo":"Ciclovías","barrio":"Parque Chacabuco"},"geometry":{"type":"LineString","coordinates":[[-58.448223,-34.630142],[-58.447983,-34.630661]]}},{"type":"Feature","properties":{"nombre":"CHIVILCOY","tipo":"Ciclovías","barrio":"Villa Devoto"},"geometry":{"type":"LineString","coordinates":[[-58.503788,-34.608826],[-58.503911,-34.608692],[-58.504364,-34.608195],[-58.504473,-34.608075]]}},{"type":"Feature","properties":{"nombre":"LA PAMPA","tipo":"Ciclovías","barrio":"Villa Urquiza"},"geometry":{"type":"LineString","coordinates":[[-58.47715,-34.578073],[-58.477333,-34.578177],[-58.477773,-34.578427]]}},{"type":"Feature","properties":{"nombre":"CORRIENTES AV.","tipo":"Ciclovías mano única","barrio":"Balvanera"},"geometry":{"type":"LineString","coordinates":[[-58.39229,-34.604435],[-58.39358,-34.604456]]}},{"type":"Feature","properties":{"nombre":"DEAN FUNES","tipo":"Ciclovías","barrio":"Balvanera"},"geometry":{"type":"LineString","coordinates":[[-58.406575,-34.617811],[-58.406473,-34.618703]]}},{"type":"Feature","properties":{"nombre":"LA RABIDA (N) AV.","tipo":"Ciclovías","barrio":"Monserrat"},"geometry":{"type":"LineString","coordinates":[[-58.368324,-34.607316],[-58.368434,-34.607069],[-58.36859,-34.606823]]}},{"type":"Feature","properties":{"nombre":"DIAZ, CESAR, GRAL.","tipo":"Ciclovías","barrio":"Villa Santa Rita"},"geometry":{"type":"LineString","coordinates":[[-58.480315,-34.615107],[-58.481437,-34.615698],[-58.481582,-34.615774]]}},{"type":"Feature","properties":{"nombre":"BRAVARD","tipo":"Ciclovías","barrio":"Villa Crespo"},"geometry":{"type":"LineString","coordinates":[[-58.437976,-34.604959],[-58.439023,-34.603867]]}},{"type":"Feature","properties":{"nombre":"DEL LIBERTADOR AV.","tipo":"Ciclovías","barrio":"Recoleta"},"geometry":{"type":"LineString","coordinates":[[-58.389998,-34.585021],[-58.390344,-34.585048],[-58.390703,-34.58503],[-58.391006,-34.584987]]}},{"type":"Feature","properties":{"nombre":"PERON, JUAN DOMINGO, TTE. GENERAL","tipo":"Ciclovías mano única","barrio":"Balvanera"},"geometry":{"type":"LineString","coordinates":[[-58.396473,-34.607152],[-58.397725,-34.607237],[-58.397853,-34.607238]]}},{"type":"Feature","properties":{"nombre":"CHIVILCOY AV.","tipo":"Ciclovías mano única","barrio":"Villa Devoto"},"geometry":{"type":"LineString","coordinates":[[-58.5135,-34.597909],[-58.513596,-34.597801],[-58.514147,-34.597189]]}},{"type":"Feature","properties":{"nombre":"DOBLAS","tipo":"Ciclovías","barrio":"Parque Chacabuco"},"geometry":{"type":"LineString","coordinates":[[-58.427531,-34.635317],[-58.427487,-34.635488],[-58.427325,-34.636115]]}},{"type":"Feature","properties":{"nombre":"SASTRE, MARCOS","tipo":"Ciclovías","barrio":"Versalles"},"geometry":{"type":"LineString","coordinates":[[-58.521473,-34.625123],[-58.522521,-34.625344]]}},{"type":"Feature","properties":{"nombre":"UNANUE","tipo":"Ciclovías mano única","barrio":"Villa Lugano"},"geometry":{"type":"LineString","coordinates":[[-58.476577,-34.682841],[-58.477339,-34.683528]]}},{"type":"Feature","properties":{"nombre":"ESTRADA","tipo":"Ciclovías","barrio":"Parque Chacabuco"},"geometry":{"type":"LineString","coordinates":[[-58.433022,-34.631469],[-58.433234,-34.631503],[-58.433661,-34.631567]]}},{"type":"Feature","properties":{"nombre":"DON PEDRO DE MENDOZA AV.","tipo":"Ciclovías","barrio":"La Boca"},"geometry":{"type":"LineString","coordinates":[[-58.358065,-34.642564],[-58.357996,-34.642902],[-58.357902,-34.643187],[-58.357814,-34.643421],[-58.35777,-34.64352]]}},{"type":"Feature","properties":{"nombre":"CUCHA CUCHA","tipo":"Ciclovías","barrio":"Paternal"},"geometry":{"type":"LineString","coordinates":[[-58.462121,-34.600819],[-58.462279,-34.600785],[-58.463413,-34.600543],[-58.463585,-34.600507]]}},{"type":"Feature","properties":{"nombre":"SENDERO PARQUE CHACABUCO (NO OFICIAL)","tipo":"Ciclovías","barrio":"Parque Chacabuco"},"geometry":{"type":"LineString","coordinates":[[-58.444138,-34.633451],[-58.444201,-34.633583],[-58.444227,-34.633732],[-58.444128,-34.633858],[-58.444076,-34.633927],[-58.444652,-34.634312]]}},{"type":"Feature","properties":{"nombre":"BOLIVAR","tipo":"Ciclovías","barrio":"Barracas"},"geometry":{"type":"LineString","coordinates":[[-58.37209,-34.629047],[-58.372031,-34.629268]]}},{"type":"Feature","properties":{"nombre":"CORRIENTES AV.","tipo":"Ciclovías mano única","barrio":"Villa Crespo"},"geometry":{"type":"LineString","coordinates":[[-58.436224,-34.600725],[-58.437602,-34.600264]]}},{"type":"Feature","properties":{"nombre":"DOBLAS","tipo":"Ciclovías","barrio":"Caballito"},"geometry":{"type":"LineString","coordinates":[[-58.430423,-34.623978],[-58.430385,-34.624138],[-58.430258,-34.624686]]}},{"type":"Feature","properties":{"nombre":"OLLEROS AV.","tipo":"Ciclovías","barrio":"Palermo"},"geometry":{"type":"LineString","coordinates":[[-58.436109,-34.563182],[-58.436156,-34.56325],[-58.436198,-34.563314],[-58.436245,-34.56337],[-58.43629,-34.563426]]}},{"type":"Feature","properties":{"nombre":"LINIERS VIRREY","tipo":"Ciclovías","barrio":"Almagro"},"geometry":{"type":"LineString","coordinates":[[-58.415337,-34.611876],[-58.414786,-34.613052]]}},{"type":"Feature","properties":{"nombre":"BARROS PAZOS, JOSE","tipo":"Ciclovías mano única","barrio":"Villa Lugano"},"geometry":{"type":"LineString","coordinates":[[-58.467592,-34.676896],[-58.468336,-34.677558]]}},{"type":"Feature","properties":{"nombre":"DORREGO AV.","tipo":"Ciclovías","barrio":"Palermo"},"geometry":{"type":"LineString","coordinates":[[-58.424077,-34.570823],[-58.423709,-34.57041],[-58.42362,-34.570348],[-58.42344,-34.570266]]}},{"type":"Feature","properties":{"nombre":"VALLESE, FELIPE","tipo":"Ciclovías","barrio":"Caballito"},"geometry":{"type":"LineString","coordinates":[[-58.440847,-34.611352],[-58.441028,-34.611436],[-58.441135,-34.611477]]}},{"type":"Feature","properties":{"nombre":"CORRIENTES AV.","tipo":"Ciclovías mano única","barrio":"San Nicolas"},"geometry":{"type":"LineString","coordinates":[[-58.385136,-34.603911],[-58.386346,-34.603982],[-58.386526,-34.603992]]}},{"type":"Feature","properties":{"nombre":"MILLER","tipo":"Ciclovías","barrio":"Saavedra"},"geometry":{"type":"LineString","coordinates":[[-58.495013,-34.553209],[-58.495564,-34.552422]]}},{"type":"Feature","properties":{"nombre":"SARMIENTO AV.","tipo":"Ciclovías","barrio":"Palermo"},"geometry":{"type":"LineString","coordinates":[[-58.412116,-34.571638],[-58.412095,-34.57156],[-58.412072,-34.571494],[-58.412033,-34.571445],[-58.411985,-34.571405],[-58.411867,-34.571369]]}},{"type":"Feature","properties":{"nombre":"RIGLOS","tipo":"Ciclovías","barrio":"Caballito"},"geometry":{"type":"LineString","coordinates":[[-58.436228,-34.624559],[-58.4362,-34.625989]]}},{"type":"Feature","properties":{"nombre":"POLA","tipo":"Ciclovías","barrio":"Mataderos"},"geometry":{"type":"LineString","coordinates":[[-58.491761,-34.656632],[-58.490604,-34.657527]]}},{"type":"Feature","properties":{"nombre":"FIGUEROA ALCORTA, PRES. AV.","tipo":"Ciclovías","barrio":"Palermo"},"geometry":{"type":"LineString","coordinates":[[-58.41983,-34.56553],[-58.420088,-34.565396]]}},{"type":"Feature","properties":{"nombre":"PATRON","tipo":"Ciclovías","barrio":"Liniers"},"geometry":{"type":"LineString","coordinates":[[-58.522525,-34.654442],[-58.523287,-34.655129]]}},{"type":"Feature","properties":{"nombre":"CORDOBA AV.","tipo":"Ciclovías mano única","barrio":"Palermo"},"geometry":{"type":"LineString","coordinates":[[-58.438499,-34.58869],[-58.438616,-34.58862],[-58.439391,-34.588108]]}},{"type":"Feature","properties":{"nombre":"ALVEAR, MARCELO T. DE","tipo":"Ciclovías","barrio":"Retiro"},"geometry":{"type":"LineString","coordinates":[[-58.378442,-34.596367],[-58.379905,-34.596513]]}},{"type":"Feature","properties":{"nombre":"DEL LIBERTADOR AV.","tipo":"Ciclovías","barrio":"Nuñez"},"geometry":{"type":"LineString","coordinates":[[-58.454159,-34.549405],[-58.454408,-34.549193],[-58.454755,-34.548893]]}},{"type":"Feature","properties":{"nombre":"SARMIENTO","tipo":"Ciclovías","barrio":"San Nicolas"},"geometry":{"type":"LineString","coordinates":[[-58.370359,-34.604204],[-58.371016,-34.604247]]}},{"type":"Feature","properties":{"nombre":"OROÑO, NICASIO","tipo":"Ciclovías","barrio":"Paternal"},"geometry":{"type":"LineString","coordinates":[[-58.460337,-34.600095],[-58.460014,-34.59906]]}},{"type":"Feature","properties":{"nombre":"CHIVILCOY","tipo":"Ciclovías","barrio":"Monte Castro"},"geometry":{"type":"LineString","coordinates":[[-58.498848,-34.614579],[-58.498958,-34.614448],[-58.499664,-34.613603],[-58.499792,-34.613451]]}},{"type":"Feature","properties":{"nombre":"VIAMONTE","tipo":"Ciclovías","barrio":"San Nicolas"},"geometry":{"type":"LineString","coordinates":[[-58.369077,-34.599353],[-58.369302,-34.599376],[-58.369462,-34.599391]]}},{"type":"Feature","properties":{"nombre":"AMENABAR","tipo":"Ciclovías","barrio":"Nuñez"},"geometry":{"type":"LineString","coordinates":[[-58.464343,-34.556402],[-58.465227,-34.55537]]}},{"type":"Feature","properties":{"nombre":"CULPINA","tipo":"Ciclovías","barrio":"Flores"},"geometry":{"type":"LineString","coordinates":[[-58.460849,-34.639549],[-58.459724,-34.640378]]}},{"type":"Feature","properties":{"nombre":"MARTINEZ, ENRIQUE, GRAL.","tipo":"Ciclovías","barrio":"Colegiales"},"geometry":{"type":"LineString","coordinates":[[-58.452011,-34.577948],[-58.453722,-34.577122]]}},{"type":"Feature","properties":{"nombre":"CORRIENTES AV.","tipo":"Ciclovías mano única","barrio":"Chacarita"},"geometry":{"type":"LineString","coordinates":[[-58.4476,-34.591702],[-58.44789,-34.591429],[-58.44875,-34.590616]]}},{"type":"Feature","properties":{"nombre":"BILLINGHURST","tipo":"Ciclovías","barrio":"Almagro"},"geometry":{"type":"LineString","coordinates":[[-58.416031,-34.605669],[-58.415863,-34.604831]]}},{"type":"Feature","properties":{"nombre":"BALBASTRO","tipo":"Ciclovías","barrio":"Flores"},"geometry":{"type":"LineString","coordinates":[[-58.449512,-34.644182],[-58.450396,-34.644936]]}},{"type":"Feature","properties":{"nombre":"BALBASTRO","tipo":"Ciclovías","barrio":"Parque Chacabuco"},"geometry":{"type":"LineString","coordinates":[[-58.445296,-34.640462],[-58.446209,-34.641247]]}},{"type":"Feature","properties":{"nombre":"PASEO COLON AV.","tipo":"Ciclovías","barrio":"San Telmo"},"geometry":{"type":"LineString","coordinates":[[-58.36798,-34.626777],[-58.368032,-34.626889],[-58.368043,-34.626983],[-58.368056,-34.627062]]}},{"type":"Feature","properties":{"nombre":"ROCA, CNEL. AV.","tipo":"Ciclovías","barrio":"Villa Riachuelo"},"geometry":{"type":"LineString","coordinates":[[-58.460024,-34.689025],[-58.460433,-34.689399]]}},{"type":"Feature","properties":{"nombre":"RODO, JOSE E.","tipo":"Ciclovías","barrio":"Mataderos"},"geometry":{"type":"LineString","coordinates":[[-58.499018,-34.654308],[-58.499787,-34.654947]]}},{"type":"Feature","properties":{"nombre":"PEPIRI","tipo":"Ciclovías","barrio":"Nueva Pompeya"},"geometry":{"type":"LineString","coordinates":[[-58.408926,-34.648431],[-58.408703,-34.649355]]}},{"type":"Feature","properties":{"nombre":"ALVEAR, MARCELO T. DE","tipo":"Ciclovías","barrio":"Recoleta"},"geometry":{"type":"LineString","coordinates":[[-58.396103,-34.597298],[-58.396258,-34.597293],[-58.3974,-34.597239],[-58.397555,-34.597221]]}},{"type":"Feature","properties":{"nombre":"ARENALES","tipo":"Ciclovías","barrio":"Recoleta"},"geometry":{"type":"LineString","coordinates":[[-58.388569,-34.594676],[-58.389201,-34.594695]]}},{"type":"Feature","properties":{"nombre":"PI Y MARGALL","tipo":"Ciclovías","barrio":"La Boca"},"geometry":{"type":"LineString","coordinates":[[-58.365231,-34.626875],[-58.36567,-34.627331]]}},{"type":"Feature","properties":{"nombre":"POLA","tipo":"Ciclovías","barrio":"Mataderos"},"geometry":{"type":"LineString","coordinates":[[-58.492946,-34.655712],[-58.492621,-34.655965],[-58.491867,-34.65655]]}},{"type":"Feature","properties":{"nombre":"BALBASTRO","tipo":"Ciclovías","barrio":"Flores"},"geometry":{"type":"LineString","coordinates":[[-58.446209,-34.641247],[-58.446288,-34.641351]]}},{"type":"Feature","properties":{"nombre":"RINCON","tipo":"Ciclovías","barrio":"San Cristobal"},"geometry":{"type":"LineString","coordinates":[[-58.395645,-34.621746],[-58.395628,-34.621851],[-58.395368,-34.622973]]}},{"type":"Feature","properties":{"nombre":"CORRIENTES AV.","tipo":"Ciclovías","barrio":"San Nicolas"},"geometry":{"type":"LineString","coordinates":[[-58.36817,-34.60283],[-58.368404,-34.602852],[-58.369015,-34.602908]]}},{"type":"Feature","properties":{"nombre":"CERETTI","tipo":"Ciclovías","barrio":"Parque Chas"},"geometry":{"type":"LineString","coordinates":[[-58.486937,-34.585911],[-58.487502,-34.585188]]}},{"type":"Feature","properties":{"nombre":"ANTARTIDA ARGENTINA AV.","tipo":"Ciclovías","barrio":"Retiro"},"geometry":{"type":"LineString","coordinates":[[-58.370107,-34.592589],[-58.370166,-34.592367],[-58.370222,-34.592048],[-58.370275,-34.591833],[-58.370307,-34.591752]]}},{"type":"Feature","properties":{"nombre":"HORNOS, GRAL.","tipo":"Ciclovías","barrio":"Barracas"},"geometry":{"type":"LineString","coordinates":[[-58.374303,-34.646985],[-58.374228,-34.647212],[-58.373905,-34.648172],[-58.373821,-34.648353]]}},{"type":"Feature","properties":{"nombre":"DOBLAS","tipo":"Ciclovías","barrio":"Parque Chacabuco"},"geometry":{"type":"LineString","coordinates":[[-58.428173,-34.632814],[-58.428118,-34.633028],[-58.427831,-34.634149]]}},{"type":"Feature","properties":{"nombre":"CERETTI","tipo":"Ciclovías","barrio":"Villa Urquiza"},"geometry":{"type":"LineString","coordinates":[[-58.50022,-34.569309],[-58.50068,-34.56873],[-58.500786,-34.568597]]}},{"type":"Feature","properties":{"nombre":"CORRIENTES AV.","tipo":"Ciclovías mano única","barrio":"Villa Crespo"},"geometry":{"type":"LineString","coordinates":[[-58.433722,-34.601563],[-58.434853,-34.601184]]}},{"type":"Feature","properties":{"nombre":"MOLDES","tipo":"Ciclovías","barrio":"Colegiales"},"geometry":{"type":"LineString","coordinates":[[-58.449396,-34.571574],[-58.450176,-34.571212],[-58.450342,-34.571127]]}},{"type":"Feature","properties":{"nombre":"GARCIA, JUAN AGUSTIN","tipo":"Ciclovías","barrio":"Villa Santa Rita"},"geometry":{"type":"LineString","coordinates":[[-58.483515,-34.611088],[-58.48415,-34.611421]]}},{"type":"Feature","properties":{"nombre":"AZCUENAGA","tipo":"Ciclovías","barrio":"Recoleta"},"geometry":{"type":"LineString","coordinates":[[-58.394411,-34.586817],[-58.39332,-34.58554]]}},{"type":"Feature","properties":{"nombre":"RONDEAU","tipo":"Ciclovías","barrio":"Parque Patricios"},"geometry":{"type":"LineString","coordinates":[[-58.405751,-34.635919],[-58.40767,-34.636352]]}},{"type":"Feature","properties":{"nombre":"COMPLEJO CIUDAD UNIVERSITARIA (SIN NOMBRE OFICIAL)","tipo":"Ciclovías","barrio":"Belgrano"},"geometry":{"type":"LineString","coordinates":[[-58.439217,-34.545383],[-58.441127,-34.54539]]}},{"type":"Feature","properties":{"nombre":"DEL LIBERTADOR AV.","tipo":"Ciclovías","barrio":"Palermo"},"geometry":{"type":"LineString","coordinates":[[-58.435492,-34.564255],[-58.436409,-34.563695]]}},{"type":"Feature","properties":{"nombre":"BOLIVAR","tipo":"Ciclovías","barrio":"San Telmo"},"geometry":{"type":"LineString","coordinates":[[-58.373087,-34.617157],[-58.373035,-34.618407],[-58.373023,-34.618503]]}},{"type":"Feature","properties":{"nombre":"OBLIGADO RAFAEL, AV.COSTANERA","tipo":"Ciclovías","barrio":"Palermo"},"geometry":{"type":"LineString","coordinates":[[-58.426026,-34.552298],[-58.426904,-34.551971]]}},{"type":"Feature","properties":{"nombre":"IBERA","tipo":"Ciclovías","barrio":"Nuñez"},"geometry":{"type":"LineString","coordinates":[[-58.463476,-34.552974],[-58.463637,-34.553056]]}},{"type":"Feature","properties":{"nombre":"COMPLEJO CIUDAD UNIVERSITARIA (SIN NOMBRE OFICIAL)","tipo":"Ciclovías","barrio":"Belgrano"},"geometry":{"type":"LineString","coordinates":[[-58.441077,-34.543102],[-58.440957,-34.542925],[-58.440838,-34.542812],[-58.440628,-34.542699]]}},{"type":"Feature","properties":{"nombre":"BRASIL","tipo":"Ciclovías","barrio":"Constitucion"},"geometry":{"type":"LineString","coordinates":[[-58.389296,-34.629044],[-58.390051,-34.629175]]}},{"type":"Feature","properties":{"nombre":"GARCIA, JUAN AGUSTIN","tipo":"Ciclovías","barrio":"Villa Santa Rita"},"geometry":{"type":"LineString","coordinates":[[-58.48415,-34.611421],[-58.484779,-34.611751]]}},{"type":"Feature","properties":{"nombre":"MOREAU DE JUSTO, ALICIA AV.","tipo":"Ciclovías","barrio":"Puerto Madero"},"geometry":{"type":"LineString","coordinates":[[-58.365967,-34.615607],[-58.365827,-34.616832]]}},{"type":"Feature","properties":{"nombre":"DORREGO AV.","tipo":"Ciclovías","barrio":"Palermo"},"geometry":{"type":"LineString","coordinates":[[-58.42344,-34.570266],[-58.423077,-34.569974],[-58.422438,-34.569293],[-58.421982,-34.568805],[-58.421856,-34.568595]]}},{"type":"Feature","properties":{"nombre":"BONIFACIO, JOSE","tipo":"Ciclovías","barrio":"Floresta"},"geometry":{"type":"LineString","coordinates":[[-58.476889,-34.637479],[-58.477591,-34.637732]]}},{"type":"Feature","properties":{"nombre":"PERON, JUAN DOMINGO, TTE. GENERAL","tipo":"Ciclovías","barrio":"Balvanera"},"geometry":{"type":"LineString","coordinates":[[-58.409117,-34.6079],[-58.409275,-34.607906],[-58.410204,-34.607938],[-58.410473,-34.607935]]}},{"type":"Feature","properties":{"nombre":"GALLARDO, ANGEL AV.","tipo":"Ciclovías mano única","barrio":"Villa Crespo"},"geometry":{"type":"LineString","coordinates":[[-58.433916,-34.602959],[-58.434973,-34.603481],[-58.43515,-34.603574]]}},{"type":"Feature","properties":{"nombre":"COMPLEJO CIUDAD UNIVERSITARIA (SIN NOMBRE OFICIAL)","tipo":"Ciclovías","barrio":"Belgrano"},"geometry":{"type":"LineString","coordinates":[[-58.437055,-34.542705],[-58.437353,-34.5427],[-58.438017,-34.54271]]}},{"type":"Feature","properties":{"nombre":"ROCA, CNEL. AV.","tipo":"Ciclovías","barrio":"Villa Soldati"},"geometry":{"type":"LineString","coordinates":[[-58.449998,-34.680043],[-58.450319,-34.680426]]}},{"type":"Feature","properties":{"nombre":"CHIVILCOY","tipo":"Ciclovías","barrio":"Monte Castro"},"geometry":{"type":"LineString","coordinates":[[-58.494515,-34.618327],[-58.494798,-34.618103],[-58.495049,-34.617904]]}},{"type":"Feature","properties":{"nombre":"CONGRESO","tipo":"Ciclovías","barrio":"Belgrano"},"geometry":{"type":"LineString","coordinates":[[-58.457161,-34.552674],[-58.457268,-34.552783],[-58.457561,-34.552937]]}},{"type":"Feature","properties":{"nombre":"SERRANO","tipo":"Ciclovías","barrio":"Villa Crespo"},"geometry":{"type":"LineString","coordinates":[[-58.442592,-34.596351],[-58.44243,-34.596276],[-58.441153,-34.595514],[-58.441049,-34.595448]]}},{"type":"Feature","properties":{"nombre":"IBERA","tipo":"Ciclovías","barrio":"Coghlan"},"geometry":{"type":"LineString","coordinates":[[-58.479019,-34.561456],[-58.479476,-34.561704]]}},{"type":"Feature","properties":{"nombre":"BORGES, JORGE LUIS","tipo":"Ciclovías","barrio":"Palermo"},"geometry":{"type":"LineString","coordinates":[[-58.425384,-34.585597],[-58.424234,-34.58467]]}},{"type":"Feature","properties":{"nombre":"PRIMERA JUNTA","tipo":"Ciclovías","barrio":"Flores"},"geometry":{"type":"LineString","coordinates":[[-58.461996,-34.641983],[-58.462331,-34.64222],[-58.462519,-34.64234]]}},{"type":"Feature","properties":{"nombre":"SARMIENTO","tipo":"Ciclovías","barrio":"San Nicolas"},"geometry":{"type":"LineString","coordinates":[[-58.375166,-34.604564],[-58.376454,-34.604649],[-58.376583,-34.604656]]}},{"type":"Feature","properties":{"nombre":"GORRITI","tipo":"Ciclovías","barrio":"Palermo"},"geometry":{"type":"LineString","coordinates":[[-58.43466,-34.586918],[-58.43527,-34.58642]]}},{"type":"Feature","properties":{"nombre":"DEL LIBERTADOR AV.","tipo":"Ciclovías","barrio":"Nuñez"},"geometry":{"type":"LineString","coordinates":[[-58.454755,-34.548893],[-58.455042,-34.548645]]}},{"type":"Feature","properties":{"nombre":"BLANCO ENCALADA","tipo":"Ciclovías","barrio":"Villa Urquiza"},"geometry":{"type":"LineString","coordinates":[[-58.478409,-34.570773],[-58.47932,-34.57133]]}},{"type":"Feature","properties":{"nombre":"ESTADO DE ISRAEL AV.","tipo":"Ciclovías mano única","barrio":"Villa Crespo"},"geometry":{"type":"LineString","coordinates":[[-58.429164,-34.598959],[-58.429222,-34.598999]]}},{"type":"Feature","properties":{"nombre":"SARMIENTO","tipo":"Ciclovías","barrio":"San Nicolas"},"geometry":{"type":"LineString","coordinates":[[-58.368827,-34.604257],[-58.369886,-34.604345],[-58.369946,-34.604311]]}},{"type":"Feature","properties":{"nombre":"HERRERA","tipo":"Ciclovías","barrio":"Barracas"},"geometry":{"type":"LineString","coordinates":[[-58.374931,-34.648552],[-58.374595,-34.649667],[-58.374548,-34.649806]]}},{"type":"Feature","properties":{"nombre":"DORREGO AV.","tipo":"Ciclovías","barrio":"Palermo"},"geometry":{"type":"LineString","coordinates":[[-58.420645,-34.566577],[-58.420584,-34.566318],[-58.4205,-34.566177],[-58.420371,-34.565962],[-58.420233,-34.56573],[-58.420088,-34.565396]]}},{"type":"Feature","properties":{"nombre":"CAMACUA","tipo":"Ciclovías","barrio":"Flores"},"geometry":{"type":"LineString","coordinates":[[-58.457603,-34.629981],[-58.457538,-34.630107],[-58.457138,-34.630971],[-58.457067,-34.631107]]}},{"type":"Feature","properties":{"nombre":"SASTRE, MARCOS","tipo":"Ciclovías","barrio":"Monte Castro"},"geometry":{"type":"LineString","coordinates":[[-58.506968,-34.614602],[-58.507357,-34.614843]]}},{"type":"Feature","properties":{"nombre":"GARCIA, JUAN AGUSTIN","tipo":"Ciclovías","barrio":"Villa Gral. Mitre"},"geometry":{"type":"LineString","coordinates":[[-58.475885,-34.607058],[-58.477128,-34.607717]]}},{"type":"Feature","properties":{"nombre":"DON BOSCO","tipo":"Ciclovías","barrio":"Almagro"},"geometry":{"type":"LineString","coordinates":[[-58.421989,-34.613391],[-58.422123,-34.613413],[-58.423331,-34.613608]]}},{"type":"Feature","properties":{"nombre":"GODOY CRUZ","tipo":"Ciclovías","barrio":"Palermo"},"geometry":{"type":"LineString","coordinates":[[-58.432904,-34.586838],[-58.431837,-34.586168]]}},{"type":"Feature","properties":{"nombre":"LA PAMPA","tipo":"Ciclovías","barrio":"Villa Urquiza"},"geometry":{"type":"LineString","coordinates":[[-58.469926,-34.573961],[-58.470865,-34.574496]]}},{"type":"Feature","properties":{"nombre":"SUIPACHA","tipo":"Ciclovías","barrio":"Retiro"},"geometry":{"type":"LineString","coordinates":[[-58.379958,-34.595228],[-58.379954,-34.59506],[-58.379962,-34.594704]]}},{"type":"Feature","properties":{"nombre":"LAS CASAS","tipo":"Ciclovías","barrio":"Boedo"},"geometry":{"type":"LineString","coordinates":[[-58.416178,-34.635319],[-58.416777,-34.635413]]}},{"type":"Feature","properties":{"nombre":"GRIVEO","tipo":"Ciclovías","barrio":"Villa Devoto"},"geometry":{"type":"LineString","coordinates":[[-58.516928,-34.592696],[-58.517614,-34.593117],[-58.517746,-34.593197]]}},{"type":"Feature","properties":{"nombre":"SUPERI","tipo":"Ciclovías","barrio":"Colegiales"},"geometry":{"type":"LineString","coordinates":[[-58.459799,-34.574256],[-58.460522,-34.573938]]}},{"type":"Feature","properties":{"nombre":"PADILLA","tipo":"Ciclovías","barrio":"Villa Crespo"},"geometry":{"type":"LineString","coordinates":[[-58.439775,-34.603004],[-58.440515,-34.602044]]}},{"type":"Feature","properties":{"nombre":"JUNCAL","tipo":"Ciclovías","barrio":"Recoleta"},"geometry":{"type":"LineString","coordinates":[[-58.390064,-34.594274],[-58.392162,-34.59396]]}},{"type":"Feature","properties":{"nombre":"LAMAS, ANDRES","tipo":"Ciclovías","barrio":"Villa Gral. Mitre"},"geometry":{"type":"LineString","coordinates":[[-58.467954,-34.608797],[-58.46806,-34.608657]]}},{"type":"Feature","properties":{"nombre":"TUCUMAN","tipo":"Ciclovías","barrio":"San Nicolas"},"geometry":{"type":"LineString","coordinates":[[-58.383884,-34.601452],[-58.384278,-34.601499],[-58.384519,-34.601561],[-58.384614,-34.601579],[-58.385095,-34.601557],[-58.38528,-34.601582]]}},{"type":"Feature","properties":{"nombre":"CORRIENTES AV.","tipo":"Ciclovías mano única","barrio":"San Nicolas"},"geometry":{"type":"LineString","coordinates":[[-58.371098,-34.603056],[-58.371278,-34.603068],[-58.372465,-34.603146]]}},{"type":"Feature","properties":{"nombre":"BOLIVAR","tipo":"Ciclovías","barrio":"San Telmo"},"geometry":{"type":"LineString","coordinates":[[-58.372553,-34.626698],[-58.372549,-34.626783]]}},{"type":"Feature","properties":{"nombre":"HUMAHUACA","tipo":"Ciclovías","barrio":"Almagro"},"geometry":{"type":"LineString","coordinates":[[-58.423923,-34.601599],[-58.425466,-34.601448]]}},{"type":"Feature","properties":{"nombre":"LA PAMPA","tipo":"Ciclovías","barrio":"Villa Urquiza"},"geometry":{"type":"LineString","coordinates":[[-58.478199,-34.578669],[-58.478655,-34.578929],[-58.478988,-34.579125]]}},{"type":"Feature","properties":{"nombre":"RIGLOS","tipo":"Ciclovías","barrio":"Parque Chacabuco"},"geometry":{"type":"LineString","coordinates":[[-58.435101,-34.630683],[-58.434858,-34.631745]]}},{"type":"Feature","properties":{"nombre":"ROSETI","tipo":"Ciclovías","barrio":"Chacarita"},"geometry":{"type":"LineString","coordinates":[[-58.452767,-34.583331],[-58.454019,-34.58296]]}},{"type":"Feature","properties":{"nombre":"PEDRAZA, MANUELA","tipo":"Ciclovías","barrio":"Nuñez"},"geometry":{"type":"LineString","coordinates":[[-58.458766,-34.547456],[-58.45971,-34.547928]]}},{"type":"Feature","properties":{"nombre":"CORRIENTES AV.","tipo":"Ciclovías mano única","barrio":"Villa Crespo"},"geometry":{"type":"LineString","coordinates":[[-58.445079,-34.594042],[-58.445822,-34.593353]]}},{"type":"Feature","properties":{"nombre":"CORDOBA AV.","tipo":"Ciclovías mano única","barrio":"Recoleta"},"geometry":{"type":"LineString","coordinates":[[-58.410297,-34.598092],[-58.411921,-34.598002]]}},{"type":"Feature","properties":{"nombre":"PADILLA","tipo":"Ciclovías","barrio":"Villa Crespo"},"geometry":{"type":"LineString","coordinates":[[-58.447317,-34.595694],[-58.448071,-34.595014]]}},{"type":"Feature","properties":{"nombre":"CUBA","tipo":"Ciclovías","barrio":"Nuñez"},"geometry":{"type":"LineString","coordinates":[[-58.465531,-34.548717],[-58.466123,-34.547909]]}},{"type":"Feature","properties":{"nombre":"MORON","tipo":"Ciclovías","barrio":"Floresta"},"geometry":{"type":"LineString","coordinates":[[-58.477609,-34.625512],[-58.477753,-34.625549],[-58.478656,-34.625784]]}},{"type":"Feature","properties":{"nombre":"LA PAMPA","tipo":"Ciclovías","barrio":"Villa Urquiza"},"geometry":{"type":"LineString","coordinates":[[-58.484121,-34.582109],[-58.484746,-34.582472]]}},{"type":"Feature","properties":{"nombre":"NUEVA YORK","tipo":"Ciclovías","barrio":"Agronomia"},"geometry":{"type":"LineString","coordinates":[[-58.491882,-34.587905],[-58.493014,-34.588606]]}},{"type":"Feature","properties":{"nombre":"MENDEZ DE ANDES","tipo":"Ciclovías","barrio":"Flores"},"geometry":{"type":"LineString","coordinates":[[-58.46411,-34.621827],[-58.464221,-34.621876],[-58.465093,-34.622259]]}},{"type":"Feature","properties":{"nombre":"CHIVILCOY AV.","tipo":"Ciclovías mano única","barrio":"Villa Devoto"},"geometry":{"type":"LineString","coordinates":[[-58.514904,-34.59635],[-58.515037,-34.5962]]}},{"type":"Feature","properties":{"nombre":"PERON, JUAN DOMINGO, TTE. GENERAL","tipo":"Ciclovías mano única","barrio":"San Nicolas"},"geometry":{"type":"LineString","coordinates":[[-58.390747,-34.606702],[-58.390895,-34.606708],[-58.39192,-34.606768],[-58.392115,-34.606788]]}},{"type":"Feature","properties":{"nombre":"FIGUEROA ALCORTA, PRES. AV.","tipo":"Ciclovías","barrio":"Palermo"},"geometry":{"type":"LineString","coordinates":[[-58.427485,-34.559184],[-58.42785,-34.558893],[-58.429772,-34.557371],[-58.429977,-34.557209]]}},{"type":"Feature","properties":{"nombre":"BOLIVAR","tipo":"Ciclovías","barrio":"Monserrat"},"geometry":{"type":"LineString","coordinates":[[-58.373253,-34.61372],[-58.373188,-34.614854]]}},{"type":"Feature","properties":{"nombre":"SARMIENTO","tipo":"Ciclovías","barrio":"San Nicolas"},"geometry":{"type":"LineString","coordinates":[[-58.369946,-34.604311],[-58.37016,-34.604192]]}},{"type":"Feature","properties":{"nombre":"MARTINEZ, ENRIQUE, GRAL.","tipo":"Ciclovías","barrio":"Colegiales"},"geometry":{"type":"LineString","coordinates":[[-58.446413,-34.580672],[-58.446566,-34.580593],[-58.447484,-34.580145]]}},{"type":"Feature","properties":{"nombre":"ALVAREZ JONTE","tipo":"Ciclovías","barrio":"Paternal"},"geometry":{"type":"LineString","coordinates":[[-58.468422,-34.598751],[-58.468134,-34.599536]]}},{"type":"Feature","properties":{"nombre":"ECUADOR","tipo":"Ciclovías","barrio":"Balvanera"},"geometry":{"type":"LineString","coordinates":[[-58.40665,-34.60071],[-58.406619,-34.600612],[-58.406314,-34.599657]]}},{"type":"Feature","properties":{"nombre":"HORNOS, GRAL.","tipo":"Ciclovías","barrio":"Barracas"},"geometry":{"type":"LineString","coordinates":[[-58.375421,-34.64313],[-58.375401,-34.643286],[-58.375343,-34.643554]]}},{"type":"Feature","properties":{"nombre":"BILLINGHURST","tipo":"Ciclovías","barrio":"Almagro"},"geometry":{"type":"LineString","coordinates":[[-58.41629,-34.606963],[-58.416031,-34.605669]]}},{"type":"Feature","properties":{"nombre":"MARTINEZ CASTRO","tipo":"Ciclovías","barrio":"Parque Avellaneda"},"geometry":{"type":"LineString","coordinates":[[-58.478283,-34.639067],[-58.477408,-34.639754]]}},{"type":"Feature","properties":{"nombre":"SARMIENTO AV.","tipo":"Ciclovías","barrio":"Palermo"},"geometry":{"type":"LineString","coordinates":[[-58.411219,-34.57088],[-58.409458,-34.569009]]}},{"type":"Feature","properties":{"nombre":"ROSETI","tipo":"Ciclovías","barrio":"Villa Ortuzar"},"geometry":{"type":"LineString","coordinates":[[-58.466182,-34.58169],[-58.466351,-34.581685],[-58.467309,-34.581657]]}},{"type":"Feature","properties":{"nombre":"SASTRE, MARCOS","tipo":"Ciclovías","barrio":"Monte Castro"},"geometry":{"type":"LineString","coordinates":[[-58.519698,-34.624311],[-58.520152,-34.624745]]}},{"type":"Feature","properties":{"nombre":"FRAGATA PRES. SARMIENTO","tipo":"Ciclovías","barrio":"Caballito"},"geometry":{"type":"LineString","coordinates":[[-58.455578,-34.610795],[-58.455663,-34.610675]]}},{"type":"Feature","properties":{"nombre":"BONIFACIO, JOSE","tipo":"Ciclovías","barrio":"Flores"},"geometry":{"type":"LineString","coordinates":[[-58.467963,-34.634457],[-58.468147,-34.634521],[-58.469485,-34.634931]]}},{"type":"Feature","properties":{"nombre":"RABANAL, FRANCISCO, INTENDENTE AV.","tipo":"Ciclovías","barrio":"Villa Soldati"},"geometry":{"type":"LineString","coordinates":[[-58.434287,-34.663433],[-58.435157,-34.663886]]}},{"type":"Feature","properties":{"nombre":"CORDOBA AV.","tipo":"Ciclovías mano única","barrio":"Retiro"},"geometry":{"type":"LineString","coordinates":[[-58.385475,-34.599227],[-58.386809,-34.599289]]}},{"type":"Feature","properties":{"nombre":"UNANUE","tipo":"Ciclovías mano única","barrio":"Villa Lugano"},"geometry":{"type":"LineString","coordinates":[[-58.473141,-34.680251],[-58.473796,-34.680825]]}},{"type":"Feature","properties":{"nombre":"FIGUEROA ALCORTA, PRES. AV.","tipo":"Ciclovías","barrio":"Belgrano"},"geometry":{"type":"LineString","coordinates":[[-58.437566,-34.550659],[-58.437626,-34.550588],[-58.437805,-34.550375],[-58.437959,-34.550201],[-58.438174,-34.549948],[-58.438252,-34.549855],[-58.43839,-34.549705],[-58.438475,-34.549613],[-58.438629,-34.549464],[-58.438863,-34.549245],[-58.439024,-34.549118],[-58.439173,-34.548993],[-58.439374,-34.548873],[-58.439611,-34.54874]]}},{"type":"Feature","properties":{"nombre":"OBLIGADO RAFAEL, AV.COSTANERA","tipo":"Ciclovías","barrio":"Belgrano"},"geometry":{"type":"LineString","coordinates":[[-58.431042,-34.548064],[-58.430955,-34.546945],[-58.430952,-34.546896],[-58.430948,-34.546847],[-58.430946,-34.546797],[-58.430945,-34.546748],[-58.430945,-34.546698],[-58.430945,-34.546649],[-58.430946,-34.546599],[-58.430949,-34.54655],[-58.430952,-34.546501],[-58.430956,-34.546451],[-58.43096,-34.546402],[-58.430966,-34.546353],[-58.430973,-34.546304],[-58.43098,-34.546255],[-58.430988,-34.546206],[-58.430997,-34.546157],[-58.431007,-34.546108],[-58.431018,-34.546059],[-58.43103,-34.546011],[-58.431043,-34.545963],[-58.431056,-34.545914],[-58.43107,-34.545867],[-58.431085,-34.545819],[-58.431101,-34.545771],[-58.431118,-34.545724],[-58.431136,-34.545676],[-58.431154,-34.545629],[-58.431173,-34.545582],[-58.431193,-34.545536],[-58.431214,-34.54549],[-58.431236,-34.545444],[-58.431253,-34.545409]]}},{"type":"Feature","properties":{"nombre":"USPALLATA","tipo":"Ciclovías","barrio":"Barracas"},"geometry":{"type":"LineString","coordinates":[[-58.370697,-34.629188],[-58.372031,-34.629268]]}},{"type":"Feature","properties":{"nombre":"POTOSI","tipo":"Ciclovías","barrio":"Almagro"},"geometry":{"type":"LineString","coordinates":[[-58.419965,-34.607277],[-58.421415,-34.607267]]}},{"type":"Feature","properties":{"nombre":"PEDRAZA, MANUELA","tipo":"Ciclovías","barrio":"Nuñez"},"geometry":{"type":"LineString","coordinates":[[-58.462028,-34.549088],[-58.46205,-34.549123],[-58.462347,-34.549275],[-58.462395,-34.549272]]}},{"type":"Feature","properties":{"nombre":"HUGO, VICTOR","tipo":"Ciclovías","barrio":"Villa Luro"},"geometry":{"type":"LineString","coordinates":[[-58.505941,-34.633171],[-58.506992,-34.632384],[-58.507102,-34.632301]]}},{"type":"Feature","properties":{"nombre":"MORON","tipo":"Ciclovías","barrio":"Flores"},"geometry":{"type":"LineString","coordinates":[[-58.475361,-34.624923],[-58.47649,-34.625223]]}},{"type":"Feature","properties":{"nombre":"MOREAU DE JUSTO, ALICIA AV.","tipo":"Ciclovías","barrio":"Puerto Madero"},"geometry":{"type":"LineString","coordinates":[[-58.367855,-34.59923],[-58.367796,-34.599318],[-58.367522,-34.600103]]}},{"type":"Feature","properties":{"nombre":"GARAY, JUAN DE AV.","tipo":"Ciclovías","barrio":"San Cristobal"},"geometry":{"type":"LineString","coordinates":[[-58.393209,-34.627448],[-58.394296,-34.627641]]}},{"type":"Feature","properties":{"nombre":"CHILE","tipo":"Ciclovías mano única","barrio":"Monserrat"},"geometry":{"type":"LineString","coordinates":[[-58.374537,-34.616087],[-58.37471,-34.616096],[-58.375255,-34.616131],[-58.375862,-34.616212],[-58.37598,-34.616219]]}},{"type":"Feature","properties":{"nombre":"CERETTI","tipo":"Ciclovías","barrio":"Villa Urquiza"},"geometry":{"type":"LineString","coordinates":[[-58.500786,-34.568597],[-58.501518,-34.567675]]}},{"type":"Feature","properties":{"nombre":"MANSILLA, LUCIO NORBERTO, GENERAL","tipo":"Ciclovías","barrio":"Palermo"},"geometry":{"type":"LineString","coordinates":[[-58.414527,-34.59113],[-58.415347,-34.590538]]}},{"type":"Feature","properties":{"nombre":"VERTIZ VIRREY AV.","tipo":"Ciclovías","barrio":"Belgrano"},"geometry":{"type":"LineString","coordinates":[[-58.444734,-34.561268],[-58.445179,-34.561077],[-58.44529,-34.561028]]}},{"type":"Feature","properties":{"nombre":"MARTINEZ CASTRO","tipo":"Ciclovías","barrio":"Parque Avellaneda"},"geometry":{"type":"LineString","coordinates":[[-58.477408,-34.639754],[-58.476955,-34.64011]]}},{"type":"Feature","properties":{"nombre":"BOLIVAR","tipo":"Ciclovías","barrio":"San Telmo"},"geometry":{"type":"LineString","coordinates":[[-58.372627,-34.625478],[-58.372622,-34.625609],[-58.372559,-34.626564],[-58.372553,-34.626698]]}},{"type":"Feature","properties":{"nombre":"SASTRE, MARCOS","tipo":"Ciclovías","barrio":"Monte Castro"},"geometry":{"type":"LineString","coordinates":[[-58.513939,-34.619325],[-58.514055,-34.619421],[-58.514642,-34.619909]]}},{"type":"Feature","properties":{"nombre":"DIAZ, CESAR, GRAL.","tipo":"Ciclovías","barrio":"Villa Gral. Mitre"},"geometry":{"type":"LineString","coordinates":[[-58.470501,-34.609932],[-58.470946,-34.610162],[-58.47105,-34.610217]]}},{"type":"Feature","properties":{"nombre":"PERDRIEL","tipo":"Ciclovías","barrio":"Barracas"},"geometry":{"type":"LineString","coordinates":[[-58.387883,-34.635019],[-58.387325,-34.635844]]}},{"type":"Feature","properties":{"nombre":"BONIFACIO, JOSE","tipo":"Ciclovías","barrio":"Flores"},"geometry":{"type":"LineString","coordinates":[[-58.47067,-34.635299],[-58.471603,-34.635589],[-58.471756,-34.635644]]}},{"type":"Feature","properties":{"nombre":"BOLIVAR","tipo":"Ciclovías","barrio":"San Telmo"},"geometry":{"type":"LineString","coordinates":[[-58.372854,-34.620721],[-58.372854,-34.620827],[-58.372813,-34.621712],[-58.372802,-34.621889]]}},{"type":"Feature","properties":{"nombre":"CORRIENTES AV.","tipo":"Ciclovías mano única","barrio":"Almagro"},"geometry":{"type":"LineString","coordinates":[[-58.419512,-34.603319],[-58.420748,-34.603195],[-58.420957,-34.603174]]}},{"type":"Feature","properties":{"nombre":"SUPERI","tipo":"Ciclovías","barrio":"Belgrano"},"geometry":{"type":"LineString","coordinates":[[-58.467374,-34.566916],[-58.46816,-34.565997]]}},{"type":"Feature","properties":{"nombre":"GARCIA, TEODORO","tipo":"Ciclovías","barrio":"Palermo"},"geometry":{"type":"LineString","coordinates":[[-58.441269,-34.56461],[-58.442355,-34.56584]]}},{"type":"Feature","properties":{"nombre":"GONZALEZ, ELPIDIO","tipo":"Ciclovías","barrio":"Villa Luro"},"geometry":{"type":"LineString","coordinates":[[-58.511106,-34.629304],[-58.512086,-34.630187]]}},{"type":"Feature","properties":{"nombre":"GONZALEZ, ELPIDIO","tipo":"Ciclovías","barrio":"Villa Luro"},"geometry":{"type":"LineString","coordinates":[[-58.508311,-34.62683],[-58.509161,-34.627553],[-58.509274,-34.627655]]}},{"type":"Feature","properties":{"nombre":"CORRIENTES AV.","tipo":"Ciclovías mano única","barrio":"Almagro"},"geometry":{"type":"LineString","coordinates":[[-58.427106,-34.602565],[-58.428353,-34.602442],[-58.428573,-34.602419]]}},{"type":"Feature","properties":{"nombre":"GORRITI","tipo":"Ciclovías","barrio":"Palermo"},"geometry":{"type":"LineString","coordinates":[[-58.416749,-34.595538],[-58.416979,-34.59553],[-58.418534,-34.595471]]}},{"type":"Feature","properties":{"nombre":"MENDEZ DE ANDES","tipo":"Ciclovías","barrio":"Flores"},"geometry":{"type":"LineString","coordinates":[[-58.457225,-34.61869],[-58.4584,-34.619226]]}},{"type":"Feature","properties":{"nombre":"ESTADO DE ISRAEL AV.","tipo":"Ciclovías mano única","barrio":"Villa Crespo"},"geometry":{"type":"LineString","coordinates":[[-58.429222,-34.598999],[-58.429431,-34.599126],[-58.429648,-34.59932]]}},{"type":"Feature","properties":{"nombre":"DEL LIBERTADOR AV.","tipo":"Ciclovías","barrio":"Retiro"},"geometry":{"type":"LineString","coordinates":[[-58.380909,-34.589277],[-58.381972,-34.588699]]}},{"type":"Feature","properties":{"nombre":"RABANAL, FRANCISCO, INTENDENTE AV.","tipo":"Ciclovías","barrio":"Villa Soldati"},"geometry":{"type":"LineString","coordinates":[[-58.435268,-34.663936],[-58.43636,-34.664413],[-58.436575,-34.664505]]}},{"type":"Feature","properties":{"nombre":"IBERA","tipo":"Ciclovías","barrio":"Coghlan"},"geometry":{"type":"LineString","coordinates":[[-58.470872,-34.557031],[-58.47179,-34.557524]]}},{"type":"Feature","properties":{"nombre":"CHIVILCOY AV.","tipo":"Ciclovías mano única","barrio":"Villa Devoto"},"geometry":{"type":"LineString","coordinates":[[-58.514795,-34.596469],[-58.514904,-34.59635]]}},{"type":"Feature","properties":{"nombre":"ALVEAR, MARCELO T. DE","tipo":"Ciclovías","barrio":"Retiro"},"geometry":{"type":"LineString","coordinates":[[-58.373122,-34.596177],[-58.374322,-34.59624]]}},{"type":"Feature","properties":{"nombre":"SARMIENTO","tipo":"Ciclovías","barrio":"San Nicolas"},"geometry":{"type":"LineString","coordinates":[[-58.37016,-34.604192],[-58.370359,-34.604204]]}},{"type":"Feature","properties":{"nombre":"VALLE","tipo":"Ciclovías","barrio":"Caballito"},"geometry":{"type":"LineString","coordinates":[[-58.427493,-34.623606],[-58.427705,-34.62363],[-58.428896,-34.623783]]}},{"type":"Feature","properties":{"nombre":"TUCUMAN","tipo":"Ciclovías","barrio":"Balvanera"},"geometry":{"type":"LineString","coordinates":[[-58.410865,-34.600527],[-58.411002,-34.600501],[-58.412281,-34.600243]]}},{"type":"Feature","properties":{"nombre":"PEPIRI","tipo":"Ciclovías","barrio":"Parque Patricios"},"geometry":{"type":"LineString","coordinates":[[-58.408868,-34.640168],[-58.408912,-34.640461]]}},{"type":"Feature","properties":{"nombre":"DIAZ, CESAR, GRAL.","tipo":"Ciclovías","barrio":"Villa Gral. Mitre"},"geometry":{"type":"LineString","coordinates":[[-58.471606,-34.61051],[-58.472742,-34.611109]]}},{"type":"Feature","properties":{"nombre":"TACUARI","tipo":"Ciclovías","barrio":"Monserrat"},"geometry":{"type":"LineString","coordinates":[[-58.379124,-34.610634],[-58.379057,-34.611736]]}},{"type":"Feature","properties":{"nombre":"POTOSI","tipo":"Ciclovías","barrio":"Almagro"},"geometry":{"type":"LineString","coordinates":[[-58.429151,-34.607163],[-58.430608,-34.607046]]}},{"type":"Feature","properties":{"nombre":"ZAÑARTU","tipo":"Ciclovías","barrio":"Parque Chacabuco"},"geometry":{"type":"LineString","coordinates":[[-58.431612,-34.639427],[-58.431822,-34.639457],[-58.432321,-34.639527],[-58.432498,-34.639548]]}},{"type":"Feature","properties":{"nombre":"COMPLEJO PARQUE DE LOS NIÑOS (SIN NOMBRE OFICIAL)","tipo":"Ciclovías","barrio":"Nuñez"},"geometry":{"type":"LineString","coordinates":[[-58.461747,-34.534612],[-58.461352,-34.534434]]}},{"type":"Feature","properties":{"nombre":"MILLER","tipo":"Ciclovías","barrio":"Saavedra"},"geometry":{"type":"LineString","coordinates":[[-58.494464,-34.553994],[-58.494553,-34.553868],[-58.494948,-34.553301],[-58.495013,-34.553209]]}},{"type":"Feature","properties":{"nombre":"YERBAL","tipo":"Ciclovías","barrio":"Caballito"},"geometry":{"type":"LineString","coordinates":[[-58.44869,-34.622152],[-58.449657,-34.62254]]}},{"type":"Feature","properties":{"nombre":"ESTRADA","tipo":"Ciclovías","barrio":"Parque Chacabuco"},"geometry":{"type":"LineString","coordinates":[[-58.43643,-34.631979],[-58.437366,-34.632103]]}},{"type":"Feature","properties":{"nombre":"RIVADAVIA MARTIN, COMODORO","tipo":"Ciclovías","barrio":"Nuñez"},"geometry":{"type":"LineString","coordinates":[[-58.467437,-34.547872],[-58.468668,-34.548348]]}},{"type":"Feature","properties":{"nombre":"BLANCO ENCALADA","tipo":"Ciclovías","barrio":"Villa Urquiza"},"geometry":{"type":"LineString","coordinates":[[-58.485397,-34.574963],[-58.485611,-34.575091],[-58.486622,-34.575688]]}},{"type":"Feature","properties":{"nombre":"VALLESE, FELIPE","tipo":"Ciclovías","barrio":"Caballito"},"geometry":{"type":"LineString","coordinates":[[-58.448559,-34.614351],[-58.449747,-34.61484]]}},{"type":"Feature","properties":{"nombre":"CHIRIMAY","tipo":"Ciclovías","barrio":"Caballito"},"geometry":{"type":"LineString","coordinates":[[-58.448123,-34.623322],[-58.447786,-34.624246]]}},{"type":"Feature","properties":{"nombre":"NUEVA YORK","tipo":"Ciclovías","barrio":"Agronomia"},"geometry":{"type":"LineString","coordinates":[[-58.498839,-34.592208],[-58.500169,-34.593027]]}},{"type":"Feature","properties":{"nombre":"UDAONDO, GUILLERMO AV.","tipo":"Ciclovías","barrio":"Nuñez"},"geometry":{"type":"LineString","coordinates":[[-58.454095,-34.548602],[-58.454468,-34.548668]]}},{"type":"Feature","properties":{"nombre":"RODO, JOSE E.","tipo":"Ciclovías","barrio":"Parque Avellaneda"},"geometry":{"type":"LineString","coordinates":[[-58.490664,-34.647255],[-58.491414,-34.64791]]}},{"type":"Feature","properties":{"nombre":"LINIERS VIRREY","tipo":"Ciclovías","barrio":"Boedo"},"geometry":{"type":"LineString","coordinates":[[-58.412737,-34.634282],[-58.412411,-34.635216]]}},{"type":"Feature","properties":{"nombre":"POLA","tipo":"Ciclovías","barrio":"Liniers"},"geometry":{"type":"LineString","coordinates":[[-58.510729,-34.641886],[-58.509551,-34.642785]]}},{"type":"Feature","properties":{"nombre":"CORRIENTES AV.","tipo":"Ciclovías mano única","barrio":"San Nicolas"},"geometry":{"type":"LineString","coordinates":[[-58.382061,-34.603736],[-58.382209,-34.603739]]}},{"type":"Feature","properties":{"nombre":"MEXICO","tipo":"Ciclovías","barrio":"Balvanera"},"geometry":{"type":"LineString","coordinates":[[-58.408034,-34.618281],[-58.409335,-34.618701]]}},{"type":"Feature","properties":{"nombre":"DOBLAS","tipo":"Ciclovías","barrio":"Caballito"},"geometry":{"type":"LineString","coordinates":[[-58.430596,-34.623244],[-58.430423,-34.623978]]}},{"type":"Feature","properties":{"nombre":"CORDOBA AV.","tipo":"Ciclovías mano única","barrio":"Recoleta"},"geometry":{"type":"LineString","coordinates":[[-58.388151,-34.599354],[-58.389484,-34.599428],[-58.389668,-34.59944]]}},{"type":"Feature","properties":{"nombre":"VALLESE, FELIPE","tipo":"Ciclovías","barrio":"Caballito"},"geometry":{"type":"LineString","coordinates":[[-58.442141,-34.611862],[-58.442273,-34.611913]]}},{"type":"Feature","properties":{"nombre":"MIRO","tipo":"Ciclovías","barrio":"Parque Chacabuco"},"geometry":{"type":"LineString","coordinates":[[-58.442924,-34.640521],[-58.442604,-34.641389]]}},{"type":"Feature","properties":{"nombre":"CORRIENTES AV.","tipo":"Ciclovías mano única","barrio":"Chacarita"},"geometry":{"type":"LineString","coordinates":[[-58.445822,-34.593353],[-58.445965,-34.593221],[-58.447351,-34.591937],[-58.4476,-34.591702]]}},{"type":"Feature","properties":{"nombre":"UDAONDO, GUILLERMO AV.","tipo":"Ciclovías","barrio":"Nuñez"},"geometry":{"type":"LineString","coordinates":[[-58.450044,-34.543463],[-58.450356,-34.54387],[-58.450584,-34.54417],[-58.45075,-34.544528]]}},{"type":"Feature","properties":{"nombre":"CHILE","tipo":"Ciclovías","barrio":"Monserrat"},"geometry":{"type":"LineString","coordinates":[[-58.390354,-34.616791],[-58.390515,-34.616801],[-58.391466,-34.616863],[-58.391678,-34.616878]]}},{"type":"Feature","properties":{"nombre":"ESTADO PLURINACIONAL DE BOLIVIA","tipo":"Ciclovías","barrio":"Villa Pueyrredon"},"geometry":{"type":"LineString","coordinates":[[-58.497393,-34.585718],[-58.498044,-34.584997]]}},{"type":"Feature","properties":{"nombre":"OBLIGADO RAFAEL, AV.COSTANERA","tipo":"Ciclovías","barrio":"Belgrano"},"geometry":{"type":"LineString","coordinates":[[-58.431253,-34.545409],[-58.431291,-34.545335],[-58.431316,-34.545289],[-58.431341,-34.545245],[-58.431367,-34.5452],[-58.431394,-34.545156],[-58.431421,-34.545112],[-58.431449,-34.545069],[-58.431478,-34.545026],[-58.431508,-34.544983],[-58.431539,-34.544941],[-58.43157,-34.544899],[-58.431602,-34.544857],[-58.431635,-34.544816],[-58.431668,-34.544775],[-58.431703,-34.544734],[-58.431737,-34.544694],[-58.431773,-34.544655],[-58.431809,-34.544616],[-58.432041,-34.54439]]}},{"type":"Feature","properties":{"nombre":"HERRERA","tipo":"Ciclovías","barrio":"Barracas"},"geometry":{"type":"LineString","coordinates":[[-58.375313,-34.647251],[-58.375227,-34.64757],[-58.374931,-34.648552]]}},{"type":"Feature","properties":{"nombre":"DEL LIBERTADOR AV.","tipo":"Ciclovías","barrio":"Belgrano"},"geometry":{"type":"LineString","coordinates":[[-58.447695,-34.55668],[-58.448517,-34.555724]]}},{"type":"Feature","properties":{"nombre":"COMPLEJO CIUDAD UNIVERSITARIA (SIN NOMBRE OFICIAL)","tipo":"Ciclovías","barrio":"Belgrano"},"geometry":{"type":"LineString","coordinates":[[-58.441332,-34.543389],[-58.441809,-34.543226],[-58.442274,-34.543068]]}},{"type":"Feature","properties":{"nombre":"SASTRE, MARCOS","tipo":"Ciclovías","barrio":"Monte Castro"},"geometry":{"type":"LineString","coordinates":[[-58.501542,-34.611386],[-58.502298,-34.611836],[-58.502463,-34.611934]]}},{"type":"Feature","properties":{"nombre":"FIGUEROA ALCORTA, PRES. AV.","tipo":"Ciclovías","barrio":"Palermo"},"geometry":{"type":"LineString","coordinates":[[-58.412116,-34.571638],[-58.412295,-34.571411],[-58.412422,-34.571236],[-58.412482,-34.571145]]}},{"type":"Feature","properties":{"nombre":"OBLIGADO RAFAEL, AV.COSTANERA","tipo":"Ciclovías","barrio":"Belgrano"},"geometry":{"type":"LineString","coordinates":[[-58.426904,-34.551971],[-58.428482,-34.551284]]}},{"type":"Feature","properties":{"nombre":"ROCA, CNEL. AV.","tipo":"Ciclovías","barrio":"Villa Soldati"},"geometry":{"type":"LineString","coordinates":[[-58.442332,-34.668442],[-58.442464,-34.668607],[-58.442531,-34.668695]]}},{"type":"Feature","properties":{"nombre":"PADRE M. L. MIGONE","tipo":"Ciclovías","barrio":"Puerto Madero"},"geometry":{"type":"LineString","coordinates":[[-58.358082,-34.617161],[-58.357661,-34.617115],[-58.356945,-34.616959]]}},{"type":"Feature","properties":{"nombre":"BLANCO ENCALADA","tipo":"Ciclovías","barrio":"Villa Urquiza"},"geometry":{"type":"LineString","coordinates":[[-58.47369,-34.567902],[-58.474598,-34.568452]]}},{"type":"Feature","properties":{"nombre":"GARCIA, MANUEL","tipo":"Ciclovías","barrio":"Parque Patricios"},"geometry":{"type":"LineString","coordinates":[[-58.397435,-34.635648],[-58.39733,-34.635923],[-58.397031,-34.636719]]}},{"type":"Feature","properties":{"nombre":"VERA PEÑALOZA,  ROSARIO","tipo":"Ciclovías","barrio":"Puerto Madero"},"geometry":{"type":"LineString","coordinates":[[-58.364938,-34.617962],[-58.364121,-34.617896],[-58.363287,-34.617833]]}},{"type":"Feature","properties":{"nombre":"CHIVILCOY","tipo":"Ciclovías","barrio":"Monte Castro"},"geometry":{"type":"LineString","coordinates":[[-58.496674,-34.616615],[-58.497945,-34.61565]]}},{"type":"Feature","properties":{"nombre":"OBLIGADO RAFAEL, AV.COSTANERA","tipo":"Ciclovías","barrio":"Palermo"},"geometry":{"type":"LineString","coordinates":[[-58.404057,-34.563794],[-58.404084,-34.563778],[-58.404849,-34.563129],[-58.406892,-34.561234],[-58.407507,-34.560578]]}},{"type":"Feature","properties":{"nombre":"GUAYAQUIL","tipo":"Ciclovías","barrio":"Caballito"},"geometry":{"type":"LineString","coordinates":[[-58.429729,-34.619623],[-58.43131,-34.619847]]}},{"type":"Feature","properties":{"nombre":"RAVIGNANI, EMILIO, DR.","tipo":"Ciclovías","barrio":"Palermo"},"geometry":{"type":"LineString","coordinates":[[-58.437718,-34.580288],[-58.43754,-34.580133],[-58.4372,-34.579837]]}},{"type":"Feature","properties":{"nombre":"LA PAMPA","tipo":"Ciclovías","barrio":"Belgrano"},"geometry":{"type":"LineString","coordinates":[[-58.464155,-34.570635],[-58.464937,-34.57109]]}},{"type":"Feature","properties":{"nombre":"CEVALLOS, VIRREY","tipo":"Ciclovías","barrio":"Monserrat"},"geometry":{"type":"LineString","coordinates":[[-58.388954,-34.613637],[-58.38896,-34.613836],[-58.388971,-34.614544],[-58.388973,-34.614695]]}},{"type":"Feature","properties":{"nombre":"BLANCO ENCALADA","tipo":"Ciclovías","barrio":"Villa Urquiza"},"geometry":{"type":"LineString","coordinates":[[-58.487619,-34.576277],[-58.489135,-34.577172]]}},{"type":"Feature","properties":{"nombre":"LINIERS VIRREY","tipo":"Ciclovías","barrio":"Boedo"},"geometry":{"type":"LineString","coordinates":[[-58.411912,-34.637063],[-58.411628,-34.638158]]}},{"type":"Feature","properties":{"nombre":"CORRIENTES AV.","tipo":"Ciclovías mano única","barrio":"Villa Crespo"},"geometry":{"type":"LineString","coordinates":[[-58.433475,-34.601645],[-58.433722,-34.601563]]}},{"type":"Feature","properties":{"nombre":"PUENTE CABALLITO","tipo":"Ciclovías","barrio":"Caballito"},"geometry":{"type":"LineString","coordinates":[[-58.449657,-34.62254],[-58.449789,-34.62254],[-58.449876,-34.62253],[-58.449928,-34.622494],[-58.449945,-34.622451],[-58.449936,-34.62241],[-58.449898,-34.622375],[-58.449848,-34.622331]]}},{"type":"Feature","properties":{"nombre":"RONDEAU","tipo":"Ciclovías","barrio":"Parque Patricios"},"geometry":{"type":"LineString","coordinates":[[-58.40767,-34.636352],[-58.407836,-34.636389],[-58.408917,-34.636617],[-58.409144,-34.636673]]}},{"type":"Feature","properties":{"nombre":"ROLDAN, BELISARIO AV.","tipo":"Ciclovías","barrio":"Palermo"},"geometry":{"type":"LineString","coordinates":[[-58.411545,-34.571105],[-58.411654,-34.571055],[-58.411734,-34.571013],[-58.411795,-34.570982],[-58.411845,-34.570955],[-58.411895,-34.570928],[-58.411944,-34.5709],[-58.411993,-34.570872],[-58.412042,-34.570843],[-58.412089,-34.570814],[-58.412137,-34.570784],[-58.412183,-34.570753],[-58.41223,-34.570722],[-58.412275,-34.57069],[-58.41232,-34.570658],[-58.412365,-34.570625],[-58.412409,-34.570591],[-58.412452,-34.570557],[-58.412494,-34.570523],[-58.41254,-34.570488],[-58.412595,-34.570431],[-58.412644,-34.570376],[-58.41269,-34.570319],[-58.412733,-34.570261],[-58.412773,-34.570201],[-58.412809,-34.57014],[-58.412839,-34.570084]]}},{"type":"Feature","properties":{"nombre":"GORRITI","tipo":"Ciclovías","barrio":"Palermo"},"geometry":{"type":"LineString","coordinates":[[-58.433131,-34.588155],[-58.433948,-34.587495]]}},{"type":"Feature","properties":{"nombre":"SUIPACHA","tipo":"Ciclovías","barrio":"San Nicolas"},"geometry":{"type":"LineString","coordinates":[[-58.379281,-34.607156],[-58.379324,-34.606009]]}},{"type":"Feature","properties":{"nombre":"ALSINA, ADOLFO","tipo":"Ciclovías mano única","barrio":"Monserrat"},"geometry":{"type":"LineString","coordinates":[[-58.373453,-34.610244],[-58.373668,-34.61026],[-58.374498,-34.61032],[-58.374759,-34.610339]]}},{"type":"Feature","properties":{"nombre":"FIGUEROA ALCORTA, PRES. AV.","tipo":"Ciclovías","barrio":"Palermo"},"geometry":{"type":"LineString","coordinates":[[-58.429977,-34.557209],[-58.430199,-34.557034],[-58.432042,-34.555573],[-58.434118,-34.553954]]}},{"type":"Feature","properties":{"nombre":"FIGUEROA ALCORTA, PRES. AV.","tipo":"Ciclovías","barrio":"Belgrano"},"geometry":{"type":"LineString","coordinates":[[-58.450331,-34.546555],[-58.451063,-34.546445]]}},{"type":"Feature","properties":{"nombre":"POLA","tipo":"Ciclovías","barrio":"Liniers"},"geometry":{"type":"LineString","coordinates":[[-58.507183,-34.644586],[-58.506148,-34.645374],[-58.505998,-34.645489]]}},{"type":"Feature","properties":{"nombre":"PASEO COLON AV.","tipo":"Ciclovías","barrio":"La Boca"},"geometry":{"type":"LineString","coordinates":[[-58.367975,-34.625194],[-58.36797,-34.625472],[-58.36798,-34.626777]]}},{"type":"Feature","properties":{"nombre":"CHILE","tipo":"Ciclovías","barrio":"Monserrat"},"geometry":{"type":"LineString","coordinates":[[-58.389054,-34.616734],[-58.389291,-34.616743],[-58.390148,-34.61678],[-58.390354,-34.616791]]}},{"type":"Feature","properties":{"nombre":"CORRIENTES AV.","tipo":"Ciclovías mano única","barrio":"San Nicolas"},"geometry":{"type":"LineString","coordinates":[[-58.378075,-34.603491],[-58.379475,-34.603576]]}},{"type":"Feature","properties":{"nombre":"PATRON","tipo":"Ciclovías","barrio":"Liniers"},"geometry":{"type":"LineString","coordinates":[[-58.522103,-34.654061],[-58.522525,-34.654442]]}},{"type":"Feature","properties":{"nombre":"MEXICO","tipo":"Ciclovías","barrio":"Balvanera"},"geometry":{"type":"LineString","coordinates":[[-58.410992,-34.619049],[-58.412644,-34.619394]]}},{"type":"Feature","properties":{"nombre":"PICHEUTA","tipo":"Ciclovías","barrio":"Parque Chacabuco"},"geometry":{"type":"LineString","coordinates":[[-58.43439,-34.638374],[-58.434159,-34.639017]]}},{"type":"Feature","properties":{"nombre":"SASTRE, MARCOS","tipo":"Ciclovías","barrio":"Monte Castro"},"geometry":{"type":"LineString","coordinates":[[-58.508587,-34.615601],[-58.509679,-34.616266],[-58.509815,-34.61635]]}},{"type":"Feature","properties":{"nombre":"CHIVILCOY AV.","tipo":"Ciclovías mano única","barrio":"Villa Devoto"},"geometry":{"type":"LineString","coordinates":[[-58.512849,-34.598635],[-58.5135,-34.597909]]}},{"type":"Feature","properties":{"nombre":"CUCHA CUCHA","tipo":"Ciclovías","barrio":"Villa Crespo"},"geometry":{"type":"LineString","coordinates":[[-58.455183,-34.603607],[-58.455953,-34.602773]]}},{"type":"Feature","properties":{"nombre":"CHIVILCOY","tipo":"Ciclovías","barrio":"Floresta"},"geometry":{"type":"LineString","coordinates":[[-58.485923,-34.625143],[-58.48697,-34.624308]]}},{"type":"Feature","properties":{"nombre":"GRIVEO","tipo":"Ciclovías","barrio":"Villa Pueyrredon"},"geometry":{"type":"LineString","coordinates":[[-58.496954,-34.580355],[-58.49809,-34.581057]]}},{"type":"Feature","properties":{"nombre":"SUPERI","tipo":"Ciclovías","barrio":"Saavedra"},"geometry":{"type":"LineString","coordinates":[[-58.478674,-34.553238],[-58.479255,-34.552473]]}},{"type":"Feature","properties":{"nombre":"ESTRADA","tipo":"Ciclovías","barrio":"Parque Chacabuco"},"geometry":{"type":"LineString","coordinates":[[-58.437837,-34.632347],[-58.438093,-34.63248]]}},{"type":"Feature","properties":{"nombre":"ACUÑA DE FIGUEROA, FRANCISCO","tipo":"Ciclovías","barrio":"Almagro"},"geometry":{"type":"LineString","coordinates":[[-58.422814,-34.606],[-58.422804,-34.604686]]}},{"type":"Feature","properties":{"nombre":"DEL LIBERTADOR AV.","tipo":"Ciclovías","barrio":"Nuñez"},"geometry":{"type":"LineString","coordinates":[[-58.466304,-34.536688],[-58.466599,-34.53621],[-58.466761,-34.535926]]}},{"type":"Feature","properties":{"nombre":"MANSILLA, LUCIO NORBERTO, GENERAL","tipo":"Ciclovías","barrio":"Recoleta"},"geometry":{"type":"LineString","coordinates":[[-58.41165,-34.593225],[-58.412123,-34.592875]]}},{"type":"Feature","properties":{"nombre":"MORON","tipo":"Ciclovías","barrio":"Velez Sarsfield"},"geometry":{"type":"LineString","coordinates":[[-58.493579,-34.63054],[-58.494656,-34.63082],[-58.494778,-34.630862]]}},{"type":"Feature","properties":{"nombre":"CORRIENTES AV.","tipo":"Ciclovías mano única","barrio":"Villa Crespo"},"geometry":{"type":"LineString","coordinates":[[-58.436057,-34.600781],[-58.436224,-34.600725]]}},{"type":"Feature","properties":{"nombre":"CORRIENTES AV.","tipo":"Ciclovías mano única","barrio":"Chacarita"},"geometry":{"type":"LineString","coordinates":[[-58.454083,-34.587754],[-58.454845,-34.58747],[-58.454974,-34.587429]]}},{"type":"Feature","properties":{"nombre":"TUCUMAN","tipo":"Ciclovías","barrio":"Balvanera"},"geometry":{"type":"LineString","coordinates":[[-58.404805,-34.601839],[-58.404985,-34.601821],[-58.405932,-34.601727]]}},{"type":"Feature","properties":{"nombre":"FOREST AV.","tipo":"Ciclovías mano única","barrio":"Chacarita"},"geometry":{"type":"LineString","coordinates":[[-58.456707,-34.582163],[-58.457983,-34.580756]]}},{"type":"Feature","properties":{"nombre":"CEVALLOS, VIRREY","tipo":"Ciclovías","barrio":"Constitucion"},"geometry":{"type":"LineString","coordinates":[[-58.388654,-34.622559],[-58.388635,-34.622763],[-58.388491,-34.62365],[-58.388469,-34.623868]]}},{"type":"Feature","properties":{"nombre":"ALSINA, ADOLFO","tipo":"Ciclovías","barrio":"Balvanera"},"geometry":{"type":"LineString","coordinates":[[-58.394772,-34.611692],[-58.395945,-34.611768],[-58.396168,-34.611783]]}},{"type":"Feature","properties":{"nombre":"GARCIA, JUAN AGUSTIN","tipo":"Ciclovías","barrio":"Villa Santa Rita"},"geometry":{"type":"LineString","coordinates":[[-58.486674,-34.612739],[-58.487297,-34.613074]]}},{"type":"Feature","properties":{"nombre":"CORRIENTES AV.","tipo":"Ciclovías mano única","barrio":"Balvanera"},"geometry":{"type":"LineString","coordinates":[[-58.395292,-34.604496],[-58.396615,-34.604528],[-58.396783,-34.604533]]}},{"type":"Feature","properties":{"nombre":"ARTIGAS, JOSE GERVASIO, GRAL.","tipo":"Ciclovías","barrio":"Villa Gral. Mitre"},"geometry":{"type":"LineString","coordinates":[[-58.473924,-34.611733],[-58.474723,-34.61073]]}},{"type":"Feature","properties":{"nombre":"BARROS PAZOS, JOSE","tipo":"Ciclovías mano única","barrio":"Villa Lugano"},"geometry":{"type":"LineString","coordinates":[[-58.471443,-34.680269],[-58.47223,-34.680955]]}},{"type":"Feature","properties":{"nombre":"HUMAHUACA","tipo":"Ciclovías","barrio":"Almagro"},"geometry":{"type":"LineString","coordinates":[[-58.422383,-34.601751],[-58.423923,-34.601599]]}},{"type":"Feature","properties":{"nombre":"GONZALEZ, ELPIDIO","tipo":"Ciclovías","barrio":"Versalles"},"geometry":{"type":"LineString","coordinates":[[-58.513021,-34.631037],[-58.513146,-34.63115],[-58.513641,-34.631591]]}},{"type":"Feature","properties":{"nombre":"COMPLEJO CIUDAD UNIVERSITARIA (SIN NOMBRE OFICIAL)","tipo":"Ciclovías","barrio":"Belgrano"},"geometry":{"type":"LineString","coordinates":[[-58.450484,-34.540476],[-58.450459,-34.540279],[-58.449889,-34.539686],[-58.449679,-34.539523]]}},{"type":"Feature","properties":{"nombre":"RODRIGUEZ, MARTIN","tipo":"Ciclovías","barrio":"La Boca"},"geometry":{"type":"LineString","coordinates":[[-58.359877,-34.636731],[-58.35975,-34.63694],[-58.359515,-34.637338],[-58.359387,-34.637546]]}},{"type":"Feature","properties":{"nombre":"SUPERI","tipo":"Ciclovías","barrio":"Belgrano"},"geometry":{"type":"LineString","coordinates":[[-58.466546,-34.567872],[-58.467374,-34.566916]]}},{"type":"Feature","properties":{"nombre":"ZAVALETA","tipo":"Ciclovías","barrio":"Parque Patricios"},"geometry":{"type":"LineString","coordinates":[[-58.403783,-34.636793],[-58.403528,-34.637977]]}},{"type":"Feature","properties":{"nombre":"CHILE","tipo":"Ciclovías","barrio":"Monserrat"},"geometry":{"type":"LineString","coordinates":[[-58.380321,-34.616427],[-58.380747,-34.616447]]}},{"type":"Feature","properties":{"nombre":"CERETTI","tipo":"Ciclovías","barrio":"Villa Urquiza"},"geometry":{"type":"LineString","coordinates":[[-58.494437,-34.576477],[-58.495039,-34.575726]]}},{"type":"Feature","properties":{"nombre":"PRIMERA JUNTA","tipo":"Ciclovías","barrio":"Flores"},"geometry":{"type":"LineString","coordinates":[[-58.458553,-34.639533],[-58.458707,-34.639659],[-58.459244,-34.640038]]}},{"type":"Feature","properties":{"nombre":"GARCIA, JUAN AGUSTIN","tipo":"Ciclovías","barrio":"Villa Santa Rita"},"geometry":{"type":"LineString","coordinates":[[-58.480973,-34.609748],[-58.482221,-34.610407]]}},{"type":"Feature","properties":{"nombre":"URIBURU JOSE E., PRES.","tipo":"Ciclovías","barrio":"Recoleta"},"geometry":{"type":"LineString","coordinates":[[-58.398126,-34.594428],[-58.3981,-34.594365],[-58.398075,-34.594306],[-58.397511,-34.592971],[-58.39747,-34.592873]]}},{"type":"Feature","properties":{"nombre":"MARTINEZ CASTRO","tipo":"Ciclovías","barrio":"Parque Avellaneda"},"geometry":{"type":"LineString","coordinates":[[-58.473686,-34.642686],[-58.47355,-34.642784],[-58.472744,-34.643422],[-58.472631,-34.643517]]}},{"type":"Feature","properties":{"nombre":"CORDOBA AV.","tipo":"Ciclovías mano única","barrio":"Palermo"},"geometry":{"type":"LineString","coordinates":[[-58.416003,-34.597854],[-58.416161,-34.597852],[-58.417265,-34.597825]]}},{"type":"Feature","properties":{"nombre":"CHIVILCOY AV.","tipo":"Ciclovías mano única","barrio":"Villa Devoto"},"geometry":{"type":"LineString","coordinates":[[-58.508993,-34.602927],[-58.509594,-34.602262]]}},{"type":"Feature","properties":{"nombre":"DIAZ, CESAR, GRAL.","tipo":"Ciclovías","barrio":"Villa Santa Rita"},"geometry":{"type":"LineString","coordinates":[[-58.486858,-34.618897],[-58.486984,-34.619004],[-58.487603,-34.619534]]}},{"type":"Feature","properties":{"nombre":"GARCIA, MANUEL","tipo":"Ciclovías","barrio":"Parque Patricios"},"geometry":{"type":"LineString","coordinates":[[-58.397031,-34.636719],[-58.396579,-34.637924]]}},{"type":"Feature","properties":{"nombre":"FRAGATA PRES. SARMIENTO","tipo":"Ciclovías","barrio":"Caballito"},"geometry":{"type":"LineString","coordinates":[[-58.454142,-34.612809],[-58.454755,-34.611963]]}},{"type":"Feature","properties":{"nombre":"ALSINA, ADOLFO","tipo":"Ciclovías mano única","barrio":"Monserrat"},"geometry":{"type":"LineString","coordinates":[[-58.374968,-34.610355],[-58.375336,-34.610383],[-58.376268,-34.610451]]}},{"type":"Feature","properties":{"nombre":"HUMBOLDT","tipo":"Ciclovías","barrio":"Palermo"},"geometry":{"type":"LineString","coordinates":[[-58.431654,-34.581615],[-58.431043,-34.581082]]}},{"type":"Feature","properties":{"nombre":"PAVON","tipo":"Ciclovías","barrio":"San Cristobal"},"geometry":{"type":"LineString","coordinates":[[-58.409976,-34.628736],[-58.410922,-34.628979]]}},{"type":"Feature","properties":{"nombre":"PERON, JUAN DOMINGO, TTE. GENERAL","tipo":"Ciclovías mano única","barrio":"San Nicolas"},"geometry":{"type":"LineString","coordinates":[[-58.389311,-34.606629],[-58.389445,-34.606638],[-58.390614,-34.606696],[-58.390747,-34.606702]]}},{"type":"Feature","properties":{"nombre":"CHIVILCOY AV.","tipo":"Ciclovías mano única","barrio":"Villa Devoto"},"geometry":{"type":"LineString","coordinates":[[-58.512981,-34.598717],[-58.513629,-34.597991]]}},{"type":"Feature","properties":{"nombre":"RONDEAU","tipo":"Ciclovías","barrio":"Boedo"},"geometry":{"type":"LineString","coordinates":[[-58.422848,-34.63789],[-58.424045,-34.638073]]}},{"type":"Feature","properties":{"nombre":"GARCIA, JUAN AGUSTIN","tipo":"Ciclovías","barrio":"Villa Gral. Mitre"},"geometry":{"type":"LineString","coordinates":[[-58.473593,-34.605873],[-58.473751,-34.605952],[-58.474743,-34.606465]]}},{"type":"Feature","properties":{"nombre":"GRANADEROS","tipo":"Ciclovías","barrio":"Flores"},"geometry":{"type":"LineString","coordinates":[[-58.460053,-34.625244],[-58.460583,-34.624222],[-58.460647,-34.624097]]}},{"type":"Feature","properties":{"nombre":"LINIERS VIRREY","tipo":"Ciclovías","barrio":"Almagro"},"geometry":{"type":"LineString","coordinates":[[-58.413941,-34.619663],[-58.413826,-34.620751]]}},{"type":"Feature","properties":{"nombre":"DEL LIBERTADOR AV.","tipo":"Ciclovías","barrio":"Nuñez"},"geometry":{"type":"LineString","coordinates":[[-58.456515,-34.547369],[-58.456595,-34.547282],[-58.457295,-34.54672]]}},{"type":"Feature","properties":{"nombre":"PERON, JUAN DOMINGO, TTE. GENERAL","tipo":"Ciclovías mano única","barrio":"Balvanera"},"geometry":{"type":"LineString","coordinates":[[-58.395035,-34.607055],[-58.396473,-34.607152]]}},{"type":"Feature","properties":{"nombre":"SUPERI","tipo":"Ciclovías","barrio":"Coghlan"},"geometry":{"type":"LineString","coordinates":[[-58.471217,-34.562482],[-58.472035,-34.561541]]}},{"type":"Feature","properties":{"nombre":"POTOSI","tipo":"Ciclovías","barrio":"Almagro"},"geometry":{"type":"LineString","coordinates":[[-58.42463,-34.607272],[-58.426182,-34.607278]]}},{"type":"Feature","properties":{"nombre":"OBLIGADO RAFAEL, AV.COSTANERA","tipo":"Ciclovías","barrio":"Palermo"},"geometry":{"type":"LineString","coordinates":[[-58.401211,-34.567916],[-58.401009,-34.567714],[-58.400961,-34.567279]]}},{"type":"Feature","properties":{"nombre":"PICHINCHA AV.","tipo":"Ciclovías","barrio":"Parque Patricios"},"geometry":{"type":"LineString","coordinates":[[-58.396834,-34.628091],[-58.396772,-34.628252],[-58.396546,-34.629195]]}},{"type":"Feature","properties":{"nombre":"ESTADO PLURINACIONAL DE BOLIVIA","tipo":"Ciclovías","barrio":"Villa Pueyrredon"},"geometry":{"type":"LineString","coordinates":[[-58.49958,-34.583306],[-58.500233,-34.582588],[-58.50035,-34.582458]]}},{"type":"Feature","properties":{"nombre":"CALVO, CARLOS","tipo":"Ciclovías","barrio":"Constitucion"},"geometry":{"type":"LineString","coordinates":[[-58.384348,-34.619804],[-58.384584,-34.619813],[-58.385643,-34.619858],[-58.385837,-34.61987]]}},{"type":"Feature","properties":{"nombre":"PATRICIAS ARGENTINAS AV.","tipo":"Ciclovías","barrio":"Caballito"},"geometry":{"type":"LineString","coordinates":[[-58.432906,-34.606353],[-58.432938,-34.606227],[-58.43298,-34.606109],[-58.433038,-34.605992],[-58.433103,-34.605872],[-58.433151,-34.605789],[-58.433204,-34.605714]]}},{"type":"Feature","properties":{"nombre":"GARCIA, JUAN AGUSTIN","tipo":"Ciclovías","barrio":"Villa Santa Rita"},"geometry":{"type":"LineString","coordinates":[[-58.482221,-34.610407],[-58.482725,-34.610673]]}},{"type":"Feature","properties":{"nombre":"ALVAREZ, JULIAN","tipo":"Ciclovías","barrio":"Villa Crespo"},"geometry":{"type":"LineString","coordinates":[[-58.436152,-34.600673],[-58.43515,-34.600033]]}},{"type":"Feature","properties":{"nombre":"GORRITI","tipo":"Ciclovías","barrio":"Palermo"},"geometry":{"type":"LineString","coordinates":[[-58.435703,-34.586071],[-58.436259,-34.585627]]}},{"type":"Feature","properties":{"nombre":"CONGRESO","tipo":"Ciclovías","barrio":"Nuñez"},"geometry":{"type":"LineString","coordinates":[[-58.456491,-34.552326],[-58.457161,-34.552674]]}},{"type":"Feature","properties":{"nombre":"PATRON","tipo":"Ciclovías","barrio":"Liniers"},"geometry":{"type":"LineString","coordinates":[[-58.509551,-34.642785],[-58.510316,-34.643474]]}},{"type":"Feature","properties":{"nombre":"ROSETI","tipo":"Ciclovías","barrio":"Villa Ortuzar"},"geometry":{"type":"LineString","coordinates":[[-58.463345,-34.581773],[-58.463497,-34.581768],[-58.464758,-34.581732]]}},{"type":"Feature","properties":{"nombre":"OTAMENDI","tipo":"Ciclovías","barrio":"Caballito"},"geometry":{"type":"LineString","coordinates":[[-58.432368,-34.614281],[-58.432562,-34.613685]]}},{"type":"Feature","properties":{"nombre":"MANSILLA, LUCIO NORBERTO, GENERAL","tipo":"Ciclovías","barrio":"Recoleta"},"geometry":{"type":"LineString","coordinates":[[-58.406684,-34.595386],[-58.407719,-34.595047],[-58.407873,-34.59499]]}},{"type":"Feature","properties":{"nombre":"PERON, JUAN DOMINGO, TTE. GENERAL","tipo":"Ciclovías","barrio":"Balvanera"},"geometry":{"type":"LineString","coordinates":[[-58.412765,-34.607635],[-58.413939,-34.607345]]}},{"type":"Feature","properties":{"nombre":"ARENALES","tipo":"Ciclovías","barrio":"Retiro"},"geometry":{"type":"LineString","coordinates":[[-58.381596,-34.594179],[-58.38205,-34.594226]]}},{"type":"Feature","properties":{"nombre":"MONROE","tipo":"Ciclovías","barrio":"Belgrano"},"geometry":{"type":"LineString","coordinates":[[-58.44314,-34.548336],[-58.44334,-34.548454],[-58.444279,-34.549011]]}},{"type":"Feature","properties":{"nombre":"LOYOLA","tipo":"Ciclovías","barrio":"Villa Crespo"},"geometry":{"type":"LineString","coordinates":[[-58.439104,-34.592134],[-58.43966,-34.591541]]}},{"type":"Feature","properties":{"nombre":"OBLIGADO RAFAEL, AV.COSTANERA","tipo":"Ciclovías","barrio":"Palermo"},"geometry":{"type":"LineString","coordinates":[[-58.40861,-34.559367],[-58.409151,-34.558863],[-58.409567,-34.558472]]}},{"type":"Feature","properties":{"nombre":"PEDRAZA, MANUELA","tipo":"Ciclovías","barrio":"Villa Urquiza"},"geometry":{"type":"LineString","coordinates":[[-58.484205,-34.561254],[-58.484341,-34.561317]]}},{"type":"Feature","properties":{"nombre":"SARMIENTO AV.","tipo":"Ciclovías","barrio":"Palermo"},"geometry":{"type":"LineString","coordinates":[[-58.411545,-34.571105],[-58.411219,-34.57088]]}},{"type":"Feature","properties":{"nombre":"TUCUMAN","tipo":"Ciclovías","barrio":"Balvanera"},"geometry":{"type":"LineString","coordinates":[[-58.397022,-34.602185],[-58.398358,-34.6022],[-58.3985,-34.602203]]}},{"type":"Feature","properties":{"nombre":"IRALA","tipo":"Ciclovías","barrio":"La Boca"},"geometry":{"type":"LineString","coordinates":[[-58.366766,-34.636122],[-58.366726,-34.636369],[-58.366624,-34.637014]]}},{"type":"Feature","properties":{"nombre":"CHIVILCOY AV.","tipo":"Ciclovías mano única","barrio":"Villa Devoto"},"geometry":{"type":"LineString","coordinates":[[-58.508289,-34.603691],[-58.508993,-34.602927]]}},{"type":"Feature","properties":{"nombre":"PARACAS","tipo":"Ciclovías","barrio":"Constitucion"},"geometry":{"type":"LineString","coordinates":[[-58.381284,-34.632355],[-58.381254,-34.633069]]}},{"type":"Feature","properties":{"nombre":"GUIRALDES, INT.","tipo":"Ciclovías","barrio":"Belgrano"},"geometry":{"type":"LineString","coordinates":[[-58.43846,-34.546672],[-58.438655,-34.545967]]}},{"type":"Feature","properties":{"nombre":"MORON","tipo":"Ciclovías","barrio":"Flores"},"geometry":{"type":"LineString","coordinates":[[-58.471219,-34.623763],[-58.471334,-34.623798],[-58.472306,-34.624103],[-58.472563,-34.624172]]}},{"type":"Feature","properties":{"nombre":"RINCON","tipo":"Ciclovías","barrio":"Balvanera"},"geometry":{"type":"LineString","coordinates":[[-58.396123,-34.615255],[-58.39612,-34.615416],[-58.3961,-34.615995]]}},{"type":"Feature","properties":{"nombre":"CULPINA","tipo":"Ciclovías","barrio":"Flores"},"geometry":{"type":"LineString","coordinates":[[-58.463552,-34.637563],[-58.463429,-34.637647]]}},{"type":"Feature","properties":{"nombre":"MONTEVIDEO","tipo":"Ciclovías","barrio":"Recoleta"},"geometry":{"type":"LineString","coordinates":[[-58.389461,-34.592823],[-58.389144,-34.592591],[-58.389009,-34.592484]]}},{"type":"Feature","properties":{"nombre":"OBLIGADO RAFAEL, AV.COSTANERA","tipo":"Ciclovías","barrio":"Palermo"},"geometry":{"type":"LineString","coordinates":[[-58.402215,-34.567917],[-58.401924,-34.567934],[-58.401659,-34.567979],[-58.401427,-34.568001],[-58.401211,-34.567916]]}},{"type":"Feature","properties":{"nombre":"PEDRAZA, MANUELA","tipo":"Ciclovías","barrio":"Villa Urquiza"},"geometry":{"type":"LineString","coordinates":[[-58.497486,-34.567797],[-58.498028,-34.568096]]}},{"type":"Feature","properties":{"nombre":"COMPLEJO CIUDAD UNIVERSITARIA (SIN NOMBRE OFICIAL)","tipo":"Ciclovías","barrio":"Belgrano"},"geometry":{"type":"LineString","coordinates":[[-58.447989,-34.539981],[-58.448564,-34.539506]]}},{"type":"Feature","properties":{"nombre":"PUAN","tipo":"Ciclovías","barrio":"Parque Chacabuco"},"geometry":{"type":"LineString","coordinates":[[-58.445546,-34.631009],[-58.445103,-34.632025]]}},{"type":"Feature","properties":{"nombre":"MONROE","tipo":"Ciclovías","barrio":"Belgrano"},"geometry":{"type":"LineString","coordinates":[[-58.449912,-34.552349],[-58.450857,-34.552909]]}},{"type":"Feature","properties":{"nombre":"PEDRAZA, MANUELA","tipo":"Ciclovías","barrio":"Nuñez"},"geometry":{"type":"LineString","coordinates":[[-58.463451,-34.549799],[-58.464392,-34.550271]]}},{"type":"Feature","properties":{"nombre":"ALVEAR, MARCELO T. DE","tipo":"Ciclovías","barrio":"Recoleta"},"geometry":{"type":"LineString","coordinates":[[-58.393195,-34.597231],[-58.394636,-34.597265],[-58.394769,-34.597269]]}},{"type":"Feature","properties":{"nombre":"TACUARI","tipo":"Ciclovías","barrio":"Monserrat"},"geometry":{"type":"LineString","coordinates":[[-58.378915,-34.615172],[-58.378854,-34.616248],[-58.378847,-34.616358]]}},{"type":"Feature","properties":{"nombre":"DEAN FUNES","tipo":"Ciclovías","barrio":"Parque Patricios"},"geometry":{"type":"LineString","coordinates":[[-58.404303,-34.634372],[-58.404279,-34.634497],[-58.404054,-34.635538]]}},{"type":"Feature","properties":{"nombre":"ARTIGAS, JOSE GERVASIO, GRAL.","tipo":"Ciclovías","barrio":"Villa Gral. Mitre"},"geometry":{"type":"LineString","coordinates":[[-58.471522,-34.614749],[-58.472253,-34.613824]]}},{"type":"Feature","properties":{"nombre":"BONIFACIO, JOSE","tipo":"Ciclovías","barrio":"Flores"},"geometry":{"type":"LineString","coordinates":[[-58.463941,-34.633223],[-58.464078,-34.63326],[-58.465289,-34.63363]]}},{"type":"Feature","properties":{"nombre":"CHIVILCOY","tipo":"Ciclovías","barrio":"Floresta"},"geometry":{"type":"LineString","coordinates":[[-58.489134,-34.622593],[-58.489661,-34.622176]]}},{"type":"Feature","properties":{"nombre":"BEIRO, FRANCISCO AV.","tipo":"Ciclovías","barrio":"Agronomia"},"geometry":{"type":"LineString","coordinates":[[-58.489737,-34.592233],[-58.490627,-34.592776]]}},{"type":"Feature","properties":{"nombre":"GRIVEO","tipo":"Ciclovías","barrio":"Villa Devoto"},"geometry":{"type":"LineString","coordinates":[[-58.512212,-34.589793],[-58.512366,-34.589889]]}},{"type":"Feature","properties":{"nombre":"DIAZ, CNEL. AV.","tipo":"Ciclovías","barrio":"Palermo"},"geometry":{"type":"LineString","coordinates":[[-58.41233,-34.591676],[-58.411191,-34.590346]]}},{"type":"Feature","properties":{"nombre":"ESTADOS UNIDOS","tipo":"Ciclovías","barrio":"Boedo"},"geometry":{"type":"LineString","coordinates":[[-58.426302,-34.62347],[-58.427493,-34.623606]]}},{"type":"Feature","properties":{"nombre":"ANTARTIDA ARGENTINA AV.","tipo":"Ciclovías","barrio":"Retiro"},"geometry":{"type":"LineString","coordinates":[[-58.368121,-34.598436],[-58.368148,-34.598213],[-58.368206,-34.597989],[-58.368595,-34.59691]]}},{"type":"Feature","properties":{"nombre":"HUMAHUACA","tipo":"Ciclovías","barrio":"Almagro"},"geometry":{"type":"LineString","coordinates":[[-58.419342,-34.602049],[-58.420784,-34.601908]]}},{"type":"Feature","properties":{"nombre":"PRIMERA JUNTA","tipo":"Ciclovías","barrio":"Flores"},"geometry":{"type":"LineString","coordinates":[[-58.459244,-34.640038],[-58.459724,-34.640378]]}},{"type":"Feature","properties":{"nombre":"POLA","tipo":"Ciclovías","barrio":"Mataderos"},"geometry":{"type":"LineString","coordinates":[[-58.49594,-34.653346],[-58.495813,-34.653444],[-58.494945,-34.654131]]}},{"type":"Feature","properties":{"nombre":"ECUADOR","tipo":"Ciclovías","barrio":"Recoleta"},"geometry":{"type":"LineString","coordinates":[[-58.40418,-34.595234],[-58.403867,-34.594589],[-58.403616,-34.594077]]}},{"type":"Feature","properties":{"nombre":"GODOY CRUZ","tipo":"Ciclovías","barrio":"Palermo"},"geometry":{"type":"LineString","coordinates":[[-58.429406,-34.583396],[-58.429142,-34.583094]]}},{"type":"Feature","properties":{"nombre":"RIGLOS","tipo":"Ciclovías","barrio":"Caballito"},"geometry":{"type":"LineString","coordinates":[[-58.435936,-34.627031],[-58.435649,-34.628287]]}},{"type":"Feature","properties":{"nombre":"PATRON","tipo":"Ciclovías","barrio":"Liniers"},"geometry":{"type":"LineString","coordinates":[[-58.519821,-34.652001],[-58.519931,-34.652101],[-58.520582,-34.652688]]}},{"type":"Feature","properties":{"nombre":"MARTINEZ, ENRIQUE, GRAL.","tipo":"Ciclovías","barrio":"Colegiales"},"geometry":{"type":"LineString","coordinates":[[-58.453722,-34.577122],[-58.454789,-34.576606]]}},{"type":"Feature","properties":{"nombre":"DEL LIBERTADOR AV.","tipo":"Ciclovías","barrio":"Nuñez"},"geometry":{"type":"LineString","coordinates":[[-58.45633,-34.547529],[-58.456444,-34.547434],[-58.456515,-34.547369]]}},{"type":"Feature","properties":{"nombre":"RODRIGUEZ, MARTIN","tipo":"Ciclovías","barrio":"La Boca"},"geometry":{"type":"LineString","coordinates":[[-58.363307,-34.63199],[-58.363085,-34.632134],[-58.362357,-34.632629]]}},{"type":"Feature","properties":{"nombre":"FIGUEROA ALCORTA, PRES. AV.","tipo":"Ciclovías","barrio":"Belgrano"},"geometry":{"type":"LineString","coordinates":[[-58.439611,-34.54874],[-58.439796,-34.548636],[-58.440177,-34.548452],[-58.440682,-34.548211],[-58.440901,-34.548108],[-58.441071,-34.548045],[-58.441163,-34.548014],[-58.441369,-34.547955],[-58.44143,-34.54794]]}},{"type":"Feature","properties":{"nombre":"UNANUE","tipo":"Ciclovías mano única","barrio":"Villa Lugano"},"geometry":{"type":"LineString","coordinates":[[-58.475797,-34.682136],[-58.476577,-34.682841]]}},{"type":"Feature","properties":{"nombre":"LA PAMPA","tipo":"Ciclovías","barrio":"Belgrano"},"geometry":{"type":"LineString","coordinates":[[-58.464937,-34.57109],[-58.466,-34.571704]]}},{"type":"Feature","properties":{"nombre":"CUBA","tipo":"Ciclovías","barrio":"Nuñez"},"geometry":{"type":"LineString","coordinates":[[-58.468845,-34.544209],[-58.468933,-34.54409],[-58.469366,-34.543503]]}},{"type":"Feature","properties":{"nombre":"DOBLAS","tipo":"Ciclovías","barrio":"Caballito"},"geometry":{"type":"LineString","coordinates":[[-58.430761,-34.622544],[-58.430596,-34.623244]]}},{"type":"Feature","properties":{"nombre":"CHIVILCOY","tipo":"Ciclovías","barrio":"Floresta"},"geometry":{"type":"LineString","coordinates":[[-58.489661,-34.622176],[-58.490211,-34.621741]]}},{"type":"Feature","properties":{"nombre":"AUSTRIA","tipo":"Ciclovías","barrio":"Recoleta"},"geometry":{"type":"LineString","coordinates":[[-58.397223,-34.583095],[-58.395989,-34.581676]]}},{"type":"Feature","properties":{"nombre":"AZOPARDO","tipo":"Ciclovías","barrio":"San Telmo"},"geometry":{"type":"LineString","coordinates":[[-58.367433,-34.616928],[-58.367288,-34.618195]]}},{"type":"Feature","properties":{"nombre":"RONDEAU","tipo":"Ciclovías","barrio":"Parque Patricios"},"geometry":{"type":"LineString","coordinates":[[-58.402447,-34.635177],[-58.404054,-34.635538]]}},{"type":"Feature","properties":{"nombre":"ALVEAR, MARCELO T. DE","tipo":"Ciclovías","barrio":"Retiro"},"geometry":{"type":"LineString","coordinates":[[-58.374322,-34.59624],[-58.37442,-34.596245],[-58.375418,-34.596244]]}},{"type":"Feature","properties":{"nombre":"PEREZ, ROQUE","tipo":"Ciclovías","barrio":"Saavedra"},"geometry":{"type":"LineString","coordinates":[[-58.480787,-34.552172],[-58.480925,-34.552114],[-58.481668,-34.551921],[-58.48206,-34.551783]]}},{"type":"Feature","properties":{"nombre":"UDAONDO, GUILLERMO AV.","tipo":"Ciclovías","barrio":"Nuñez"},"geometry":{"type":"LineString","coordinates":[[-58.453606,-34.548239],[-58.453857,-34.548481],[-58.454095,-34.548602]]}},{"type":"Feature","properties":{"nombre":"DEL LIBERTADOR AV.","tipo":"Ciclovías","barrio":"Belgrano"},"geometry":{"type":"LineString","coordinates":[[-58.450914,-34.552943],[-58.451151,-34.55267]]}},{"type":"Feature","properties":{"nombre":"CALVO, CARLOS","tipo":"Ciclovías","barrio":"San Cristobal"},"geometry":{"type":"LineString","coordinates":[[-58.400775,-34.620978],[-58.401768,-34.621054]]}},{"type":"Feature","properties":{"nombre":"11 DE SEPTIEMBRE DE 1888","tipo":"Ciclovías","barrio":"Belgrano"},"geometry":{"type":"LineString","coordinates":[[-58.451154,-34.558788],[-58.452002,-34.557813]]}},{"type":"Feature","properties":{"nombre":"DOBLAS","tipo":"Ciclovías","barrio":"Parque Chacabuco"},"geometry":{"type":"LineString","coordinates":[[-58.427325,-34.636115],[-58.427031,-34.637248]]}},{"type":"Feature","properties":{"nombre":"CABOTO","tipo":"Ciclovías","barrio":"La Boca"},"geometry":{"type":"LineString","coordinates":[[-58.360642,-34.62765],[-58.359683,-34.628279]]}},{"type":"Feature","properties":{"nombre":"PEDRAZA, MANUELA","tipo":"Ciclovías","barrio":"Villa Urquiza"},"geometry":{"type":"LineString","coordinates":[[-58.485289,-34.561757],[-58.486221,-34.562184]]}},{"type":"Feature","properties":{"nombre":"IBERA","tipo":"Ciclovías","barrio":"Coghlan"},"geometry":{"type":"LineString","coordinates":[[-58.479476,-34.561704],[-58.47995,-34.561961]]}},{"type":"Feature","properties":{"nombre":"FIGUEROA ALCORTA, PRES. AV.","tipo":"Ciclovías","barrio":"Recoleta"},"geometry":{"type":"LineString","coordinates":[[-58.395989,-34.581676],[-58.397952,-34.580779],[-58.398113,-34.580702]]}},{"type":"Feature","properties":{"nombre":"BLANCO ENCALADA","tipo":"Ciclovías","barrio":"Belgrano"},"geometry":{"type":"LineString","coordinates":[[-58.470471,-34.565963],[-58.470717,-34.566108]]}},{"type":"Feature","properties":{"nombre":"FIGUEROA ALCORTA, PRES. AV.","tipo":"Ciclovías","barrio":"Palermo"},"geometry":{"type":"LineString","coordinates":[[-58.412482,-34.571145],[-58.413354,-34.57052]]}},{"type":"Feature","properties":{"nombre":"15 DE NOVIEMBRE DE 1889","tipo":"Ciclovías","barrio":"Parque Patricios"},"geometry":{"type":"LineString","coordinates":[[-58.391301,-34.631685],[-58.391396,-34.631708]]}},{"type":"Feature","properties":{"nombre":"SAN MARTIN","tipo":"Ciclovías","barrio":"Retiro"},"geometry":{"type":"LineString","coordinates":[[-58.374258,-34.597425],[-58.374319,-34.596327],[-58.374322,-34.59624]]}},{"type":"Feature","properties":{"nombre":"STORNI ALFONSINA","tipo":"Ciclovías","barrio":"Saavedra"},"geometry":{"type":"LineString","coordinates":[[-58.5028,-34.56528],[-58.502912,-34.564753]]}},{"type":"Feature","properties":{"nombre":"CALVO, CARLOS","tipo":"Ciclovías","barrio":"San Cristobal"},"geometry":{"type":"LineString","coordinates":[[-58.395808,-34.620627],[-58.39599,-34.620639],[-58.397115,-34.620712]]}},{"type":"Feature","properties":{"nombre":"ACHAVAL RODRIGUEZ, T., DR. AV.","tipo":"Ciclovías","barrio":"Puerto Madero"},"geometry":{"type":"LineString","coordinates":[[-58.356681,-34.617268],[-58.356652,-34.617446],[-58.356644,-34.617568],[-58.35662,-34.617763]]}},{"type":"Feature","properties":{"nombre":"PINO, VIRREY DEL","tipo":"Ciclovías","barrio":"Belgrano"},"geometry":{"type":"LineString","coordinates":[[-58.443494,-34.56135],[-58.443669,-34.561382],[-58.443805,-34.561409],[-58.444154,-34.561492]]}},{"type":"Feature","properties":{"nombre":"SUPERI","tipo":"Ciclovías","barrio":"Saavedra"},"geometry":{"type":"LineString","coordinates":[[-58.476991,-34.555441],[-58.477855,-34.554314]]}},{"type":"Feature","properties":{"nombre":"FRAY CAYETANO RODRIGUEZ","tipo":"Ciclovías","barrio":"Flores"},"geometry":{"type":"LineString","coordinates":[[-58.467236,-34.620232],[-58.467586,-34.619651],[-58.467808,-34.619281]]}},{"type":"Feature","properties":{"nombre":"DON BOSCO","tipo":"Ciclovías","barrio":"Almagro"},"geometry":{"type":"LineString","coordinates":[[-58.416777,-34.612231],[-58.417837,-34.612493]]}},{"type":"Feature","properties":{"nombre":"MILLER","tipo":"Ciclovías","barrio":"Saavedra"},"geometry":{"type":"LineString","coordinates":[[-58.497216,-34.550067],[-58.497811,-34.549236]]}},{"type":"Feature","properties":{"nombre":"BONIFACIO, JOSE","tipo":"Ciclovías","barrio":"Floresta"},"geometry":{"type":"LineString","coordinates":[[-58.475923,-34.637132],[-58.476889,-34.637479]]}},{"type":"Feature","properties":{"nombre":"SARMIENTO","tipo":"Ciclovías","barrio":"San Nicolas"},"geometry":{"type":"LineString","coordinates":[[-58.371016,-34.604247],[-58.371146,-34.604255],[-58.372252,-34.604345],[-58.372392,-34.604356]]}},{"type":"Feature","properties":{"nombre":"CORDOBA AV.","tipo":"Ciclovías mano única","barrio":"Recoleta"},"geometry":{"type":"LineString","coordinates":[[-58.409431,-34.598088],[-58.410297,-34.598092]]}},{"type":"Feature","properties":{"nombre":"FRAGATA PRES. SARMIENTO","tipo":"Ciclovías","barrio":"Caballito"},"geometry":{"type":"LineString","coordinates":[[-58.451438,-34.616766],[-58.452037,-34.615716]]}},{"type":"Feature","properties":{"nombre":"DEL LIBERTADOR AV.","tipo":"Ciclovías","barrio":"Belgrano"},"geometry":{"type":"LineString","coordinates":[[-58.444535,-34.560556],[-58.445271,-34.55971],[-58.445236,-34.559539]]}},{"type":"Feature","properties":{"nombre":"CORDOBA AV.","tipo":"Ciclovías mano única","barrio":"Palermo"},"geometry":{"type":"LineString","coordinates":[[-58.430061,-34.594302],[-58.430284,-34.594163],[-58.431221,-34.593539]]}},{"type":"Feature","properties":{"nombre":"UNANUE","tipo":"Ciclovías mano única","barrio":"Villa Lugano"},"geometry":{"type":"LineString","coordinates":[[-58.46933,-34.676752],[-58.470305,-34.677656],[-58.47041,-34.677764]]}},{"type":"Feature","properties":{"nombre":"TUCUMAN","tipo":"Ciclovías","barrio":"Balvanera"},"geometry":{"type":"LineString","coordinates":[[-58.405932,-34.601727],[-58.406946,-34.601625]]}},{"type":"Feature","properties":{"nombre":"GODOY CRUZ","tipo":"Ciclovías","barrio":"Palermo"},"geometry":{"type":"LineString","coordinates":[[-58.429142,-34.583094],[-58.428891,-34.582807]]}},{"type":"Feature","properties":{"nombre":"GRIVEO","tipo":"Ciclovías","barrio":"Villa Devoto"},"geometry":{"type":"LineString","coordinates":[[-58.514331,-34.591108],[-58.515485,-34.591813],[-58.515635,-34.591905]]}},{"type":"Feature","properties":{"nombre":"COMPLEJO CIUDAD UNIVERSITARIA (SIN NOMBRE OFICIAL)","tipo":"Ciclovías","barrio":"Belgrano"},"geometry":{"type":"LineString","coordinates":[[-58.444851,-34.541618],[-58.444316,-34.540951]]}},{"type":"Feature","properties":{"nombre":"BEIRO, FRANCISCO AV.","tipo":"Ciclovías","barrio":"Agronomia"},"geometry":{"type":"LineString","coordinates":[[-58.491137,-34.59309],[-58.49201,-34.593631]]}},{"type":"Feature","properties":{"nombre":"DEL LIBERTADOR AV.","tipo":"Ciclovías","barrio":"Palermo"},"geometry":{"type":"LineString","coordinates":[[-58.436409,-34.563695],[-58.436781,-34.563466]]}},{"type":"Feature","properties":{"nombre":"LAMAS, ANDRES","tipo":"Ciclovías","barrio":"Villa Gral. Mitre"},"geometry":{"type":"LineString","coordinates":[[-58.470305,-34.605719],[-58.471082,-34.604704]]}},{"type":"Feature","properties":{"nombre":"MONTEVIDEO","tipo":"Ciclovías","barrio":"Recoleta"},"geometry":{"type":"LineString","coordinates":[[-58.384953,-34.588792],[-58.383847,-34.587678]]}},{"type":"Feature","properties":{"nombre":"MONTEVIDEO","tipo":"Ciclovías","barrio":"Recoleta"},"geometry":{"type":"LineString","coordinates":[[-58.389668,-34.59944],[-58.389723,-34.598478]]}},{"type":"Feature","properties":{"nombre":"ROCA, CNEL. AV.","tipo":"Ciclovías","barrio":"Villa Soldati"},"geometry":{"type":"LineString","coordinates":[[-58.445475,-34.67233],[-58.445655,-34.672608],[-58.446053,-34.673204],[-58.4469,-34.674553]]}},{"type":"Feature","properties":{"nombre":"TRES ARROYOS","tipo":"Ciclovías","barrio":"Villa Crespo"},"geometry":{"type":"LineString","coordinates":[[-58.453553,-34.605372],[-58.454003,-34.605651]]}},{"type":"Feature","properties":{"nombre":"ECHEVERRIA","tipo":"Ciclovías","barrio":"Belgrano"},"geometry":{"type":"LineString","coordinates":[[-58.455272,-34.562634],[-58.455677,-34.562874],[-58.455873,-34.562989]]}},{"type":"Feature","properties":{"nombre":"VERA PEÑALOZA,  ROSARIO","tipo":"Ciclovías","barrio":"Puerto Madero"},"geometry":{"type":"LineString","coordinates":[[-58.361754,-34.617401],[-58.361527,-34.617451],[-58.360904,-34.617417]]}},{"type":"Feature","properties":{"nombre":"HUMAHUACA","tipo":"Ciclovías","barrio":"Almagro"},"geometry":{"type":"LineString","coordinates":[[-58.414319,-34.60292],[-58.415339,-34.602682],[-58.415472,-34.602652]]}},{"type":"Feature","properties":{"nombre":"CABOTO","tipo":"Ciclovías","barrio":"La Boca"},"geometry":{"type":"LineString","coordinates":[[-58.360684,-34.627622],[-58.360642,-34.62765]]}},{"type":"Feature","properties":{"nombre":"SASTRE, MARCOS","tipo":"Ciclovías","barrio":"Monte Castro"},"geometry":{"type":"LineString","coordinates":[[-58.504558,-34.613175],[-58.504746,-34.613283],[-58.506001,-34.614005],[-58.50617,-34.614109]]}},{"type":"Feature","properties":{"nombre":"PATRON","tipo":"Ciclovías","barrio":"Liniers"},"geometry":{"type":"LineString","coordinates":[[-58.515036,-34.64771],[-58.515748,-34.648344]]}},{"type":"Feature","properties":{"nombre":"BARROS PAZOS, JOSE","tipo":"Ciclovías mano única","barrio":"Villa Riachuelo"},"geometry":{"type":"LineString","coordinates":[[-58.475391,-34.683739],[-58.475998,-34.684285],[-58.476154,-34.684425]]}},{"type":"Feature","properties":{"nombre":"DIAZ, CNEL. AV.","tipo":"Ciclovías","barrio":"Palermo"},"geometry":{"type":"LineString","coordinates":[[-58.411191,-34.590346],[-58.410084,-34.589057]]}},{"type":"Feature","properties":{"nombre":"MEXICO","tipo":"Ciclovías","barrio":"Balvanera"},"geometry":{"type":"LineString","coordinates":[[-58.40547,-34.617463],[-58.406575,-34.617811]]}},{"type":"Feature","properties":{"nombre":"MEXICO","tipo":"Ciclovías","barrio":"Balvanera"},"geometry":{"type":"LineString","coordinates":[[-58.409335,-34.618701],[-58.410992,-34.619049]]}},{"type":"Feature","properties":{"nombre":"CERETTI","tipo":"Ciclovías","barrio":"Villa Urquiza"},"geometry":{"type":"LineString","coordinates":[[-58.493397,-34.577783],[-58.493496,-34.577758],[-58.493546,-34.577696],[-58.49376,-34.577426],[-58.493787,-34.57729]]}},{"type":"Feature","properties":{"nombre":"GARCIA, TEODORO","tipo":"Ciclovías mano única","barrio":"Chacarita"},"geometry":{"type":"LineString","coordinates":[[-58.454915,-34.584365],[-58.455232,-34.584883],[-58.455368,-34.58514]]}},{"type":"Feature","properties":{"nombre":"PERON, JUAN DOMINGO, TTE. GENERAL","tipo":"Ciclovías mano única","barrio":"San Nicolas"},"geometry":{"type":"LineString","coordinates":[[-58.381691,-34.606122],[-58.382082,-34.60614]]}},{"type":"Feature","properties":{"nombre":"ROSETI","tipo":"Ciclovías","barrio":"Chacarita"},"geometry":{"type":"LineString","coordinates":[[-58.455368,-34.58256],[-58.456707,-34.582163]]}},{"type":"Feature","properties":{"nombre":"CARRILLO, RAMON, DR.","tipo":"Ciclovías","barrio":"Barracas"},"geometry":{"type":"LineString","coordinates":[[-58.383307,-34.633295],[-58.383136,-34.633563]]}},{"type":"Feature","properties":{"nombre":"ANCHORENA, TOMAS MANUEL DE, DR.","tipo":"Ciclovías","barrio":"Recoleta"},"geometry":{"type":"LineString","coordinates":[[-58.402426,-34.59098],[-58.402325,-34.590898],[-58.400888,-34.58988]]}},{"type":"Feature","properties":{"nombre":"TRES ARROYOS","tipo":"Ciclovías","barrio":"Villa Crespo"},"geometry":{"type":"LineString","coordinates":[[-58.452569,-34.604763],[-58.453553,-34.605372]]}},{"type":"Feature","properties":{"nombre":"ZAVALETA","tipo":"Ciclovías","barrio":"Parque Patricios"},"geometry":{"type":"LineString","coordinates":[[-58.403329,-34.638869],[-58.403251,-34.639214]]}},{"type":"Feature","properties":{"nombre":"JUNCAL","tipo":"Ciclovías","barrio":"Recoleta"},"geometry":{"type":"LineString","coordinates":[[-58.39432,-34.59362],[-58.395693,-34.593404]]}},{"type":"Feature","properties":{"nombre":"BILBAO, FRANCISCO","tipo":"Ciclovías","barrio":"Parque Chacabuco"},"geometry":{"type":"LineString","coordinates":[[-58.451693,-34.631842],[-58.452741,-34.632174]]}},{"type":"Feature","properties":{"nombre":"IRALA","tipo":"Ciclovías","barrio":"La Boca"},"geometry":{"type":"LineString","coordinates":[[-58.366927,-34.635213],[-58.366766,-34.636122]]}},{"type":"Feature","properties":{"nombre":"PASCO","tipo":"Ciclovías","barrio":"Balvanera"},"geometry":{"type":"LineString","coordinates":[[-58.397593,-34.609581],[-58.397487,-34.610522],[-58.397475,-34.610682]]}},{"type":"Feature","properties":{"nombre":"CUCHA CUCHA","tipo":"Ciclovías","barrio":"Villa Crespo"},"geometry":{"type":"LineString","coordinates":[[-58.457071,-34.601892],[-58.456825,-34.601945],[-58.456415,-34.602389]]}},{"type":"Feature","properties":{"nombre":"GILARDI, GILARDO","tipo":"Ciclovías","barrio":"Retiro"},"geometry":{"type":"LineString","coordinates":[[-58.372477,-34.591688],[-58.3727,-34.591632],[-58.373006,-34.591466],[-58.373527,-34.591224],[-58.373776,-34.591236],[-58.37396,-34.591239],[-58.374114,-34.591233]]}},{"type":"Feature","properties":{"nombre":"FIGUEROA ALCORTA, PRES. AV.","tipo":"Ciclovías","barrio":"Belgrano"},"geometry":{"type":"LineString","coordinates":[[-58.448775,-34.54679],[-58.449488,-34.546682]]}},{"type":"Feature","properties":{"nombre":"OBLIGADO RAFAEL, AV.COSTANERA","tipo":"Ciclovías","barrio":"Belgrano"},"geometry":{"type":"LineString","coordinates":[[-58.432041,-34.54439],[-58.432082,-34.544354],[-58.432124,-34.544319],[-58.432166,-34.544284],[-58.432209,-34.54425],[-58.432252,-34.544216],[-58.432297,-34.544183],[-58.432341,-34.54415],[-58.432386,-34.544118],[-58.432432,-34.544086],[-58.432478,-34.544055],[-58.432525,-34.544024],[-58.432572,-34.543994],[-58.43262,-34.543965],[-58.43271,-34.543912],[-58.432775,-34.543871],[-58.432841,-34.543831],[-58.432907,-34.543791],[-58.432974,-34.543752],[-58.433041,-34.543713],[-58.433109,-34.543675],[-58.433177,-34.543638],[-58.433246,-34.543601],[-58.433315,-34.543565],[-58.433371,-34.543537]]}},{"type":"Feature","properties":{"nombre":"BOUCHARD","tipo":"Ciclovías","barrio":"San Nicolas"},"geometry":{"type":"LineString","coordinates":[[-58.368854,-34.605252],[-58.368796,-34.605073],[-58.368844,-34.604681],[-58.368873,-34.604355],[-58.368827,-34.604257]]}},{"type":"Feature","properties":{"nombre":"VALLE","tipo":"Ciclovías","barrio":"Caballito"},"geometry":{"type":"LineString","coordinates":[[-58.444596,-34.62534],[-58.444843,-34.625402],[-58.445329,-34.625593]]}},{"type":"Feature","properties":{"nombre":"AMENABAR","tipo":"Ciclovías","barrio":"Belgrano"},"geometry":{"type":"LineString","coordinates":[[-58.463051,-34.557909],[-58.463691,-34.557162]]}},{"type":"Feature","properties":{"nombre":"CORRIENTES AV.","tipo":"Ciclovías mano única","barrio":"Villa Crespo"},"geometry":{"type":"LineString","coordinates":[[-58.444301,-34.594764],[-58.444442,-34.594637],[-58.444988,-34.594122],[-58.445079,-34.594042]]}},{"type":"Feature","properties":{"nombre":"RINCON","tipo":"Ciclovías","barrio":"San Cristobal"},"geometry":{"type":"LineString","coordinates":[[-58.394805,-34.62402],[-58.394744,-34.624514]]}},{"type":"Feature","properties":{"nombre":"CORDOBA AV.","tipo":"Ciclovías mano única","barrio":"Palermo"},"geometry":{"type":"LineString","coordinates":[[-58.433447,-34.592058],[-58.434134,-34.591601],[-58.434365,-34.591448]]}},{"type":"Feature","properties":{"nombre":"CUCHA CUCHA","tipo":"Ciclovías","barrio":"Villa Crespo"},"geometry":{"type":"LineString","coordinates":[[-58.454508,-34.60434],[-58.455183,-34.603607]]}},{"type":"Feature","properties":{"nombre":"MILLER","tipo":"Ciclovías","barrio":"Villa Urquiza"},"geometry":{"type":"LineString","coordinates":[[-58.482578,-34.569242],[-58.482699,-34.569107],[-58.483414,-34.568297]]}},{"type":"Feature","properties":{"nombre":"MENDEZ DE ANDES","tipo":"Ciclovías","barrio":"Flores"},"geometry":{"type":"LineString","coordinates":[[-58.4584,-34.619226],[-58.459223,-34.619603]]}},{"type":"Feature","properties":{"nombre":"CERETTI","tipo":"Ciclovías","barrio":"Villa Urquiza"},"geometry":{"type":"LineString","coordinates":[[-58.489825,-34.582205],[-58.490665,-34.581127]]}},{"type":"Feature","properties":{"nombre":"GARCIA, JUAN AGUSTIN","tipo":"Ciclovías","barrio":"Villa Santa Rita"},"geometry":{"type":"LineString","coordinates":[[-58.479664,-34.609059],[-58.479816,-34.60914],[-58.480973,-34.609748]]}},{"type":"Feature","properties":{"nombre":"BORGES, JORGE LUIS","tipo":"Ciclovías","barrio":"Palermo"},"geometry":{"type":"LineString","coordinates":[[-58.429792,-34.588464],[-58.429663,-34.58838]]}},{"type":"Feature","properties":{"nombre":"AMENABAR","tipo":"Ciclovías","barrio":"Belgrano"},"geometry":{"type":"LineString","coordinates":[[-58.456131,-34.565975],[-58.456938,-34.565036]]}},{"type":"Feature","properties":{"nombre":"ALSINA, ADOLFO","tipo":"Ciclovías mano única","barrio":"Monserrat"},"geometry":{"type":"LineString","coordinates":[[-58.386158,-34.611088],[-58.386323,-34.611096],[-58.387482,-34.61118]]}},{"type":"Feature","properties":{"nombre":"MONTEVIDEO","tipo":"Ciclovías","barrio":"San Nicolas"},"geometry":{"type":"LineString","coordinates":[[-58.389342,-34.605448],[-58.389342,-34.605362],[-58.389395,-34.604218]]}},{"type":"Feature","properties":{"nombre":"SUPERI","tipo":"Ciclovías","barrio":"Saavedra"},"geometry":{"type":"LineString","coordinates":[[-58.481598,-34.549393],[-58.482176,-34.548627]]}},{"type":"Feature","properties":{"nombre":"CERETTI","tipo":"Ciclovías","barrio":"Villa Urquiza"},"geometry":{"type":"LineString","coordinates":[[-58.493787,-34.57729],[-58.49383,-34.577238]]}},{"type":"Feature","properties":{"nombre":"RINCON","tipo":"Ciclovías","barrio":"Balvanera"},"geometry":{"type":"LineString","coordinates":[[-58.3961,-34.615995],[-58.396056,-34.617196]]}},{"type":"Feature","properties":{"nombre":"PEDRAZA, MANUELA","tipo":"Ciclovías","barrio":"Villa Urquiza"},"geometry":{"type":"LineString","coordinates":[[-58.496942,-34.567496],[-58.497486,-34.567797]]}},{"type":"Feature","properties":{"nombre":"CORDOBA AV.","tipo":"Ciclovías mano única","barrio":"Palermo"},"geometry":{"type":"LineString","coordinates":[[-58.43236,-34.592781],[-58.433447,-34.592058]]}},{"type":"Feature","properties":{"nombre":"HERRERA","tipo":"Ciclovías","barrio":"Barracas"},"geometry":{"type":"LineString","coordinates":[[-58.378134,-34.636685],[-58.378056,-34.63696],[-58.377755,-34.637958],[-58.377673,-34.638162]]}},{"type":"Feature","properties":{"nombre":"PERETTE, CARLOS H.","tipo":"Ciclovías","barrio":"Retiro"},"geometry":{"type":"LineString","coordinates":[[-58.377307,-34.583257],[-58.378469,-34.582591]]}},{"type":"Feature","properties":{"nombre":"GRIVEO","tipo":"Ciclovías","barrio":"Villa Pueyrredon"},"geometry":{"type":"LineString","coordinates":[[-58.495521,-34.579468],[-58.495824,-34.579657]]}},{"type":"Feature","properties":{"nombre":"ESTADOS UNIDOS","tipo":"Ciclovías","barrio":"San Telmo"},"geometry":{"type":"LineString","coordinates":[[-58.366508,-34.618123],[-58.367094,-34.61817],[-58.367288,-34.618195]]}},{"type":"Feature","properties":{"nombre":"MORON","tipo":"Ciclovías","barrio":"Floresta"},"geometry":{"type":"LineString","coordinates":[[-58.479754,-34.62607],[-58.479967,-34.626125],[-58.480822,-34.626348]]}},{"type":"Feature","properties":{"nombre":"PERON, JUAN DOMINGO, TTE. GENERAL","tipo":"Ciclovías mano única","barrio":"San Nicolas"},"geometry":{"type":"LineString","coordinates":[[-58.381267,-34.606104],[-58.381691,-34.606122]]}},{"type":"Feature","properties":{"nombre":"CHIVILCOY AV.","tipo":"Ciclovías mano única","barrio":"Villa Devoto"},"geometry":{"type":"LineString","coordinates":[[-58.518645,-34.592429],[-58.519256,-34.591717]]}},{"type":"Feature","properties":{"nombre":"SUIPACHA","tipo":"Ciclovías","barrio":"Retiro"},"geometry":{"type":"LineString","coordinates":[[-58.379905,-34.596513],[-58.379962,-34.595413],[-58.379958,-34.595228]]}},{"type":"Feature","properties":{"nombre":"LAS CASAS","tipo":"Ciclovías","barrio":"Boedo"},"geometry":{"type":"LineString","coordinates":[[-58.417911,-34.635532],[-58.419078,-34.635654],[-58.419346,-34.635682]]}},{"type":"Feature","properties":{"nombre":"FRENCH","tipo":"Ciclovías","barrio":"Recoleta"},"geometry":{"type":"LineString","coordinates":[[-58.400357,-34.590189],[-58.400602,-34.590046],[-58.400888,-34.58988]]}},{"type":"Feature","properties":{"nombre":"BOLIVAR","tipo":"Ciclovías","barrio":"Barracas"},"geometry":{"type":"LineString","coordinates":[[-58.372316,-34.628207],[-58.37209,-34.629047]]}},{"type":"Feature","properties":{"nombre":"USPALLATA","tipo":"Ciclovías","barrio":"Barracas"},"geometry":{"type":"LineString","coordinates":[[-58.373463,-34.630961],[-58.374289,-34.631814]]}},{"type":"Feature","properties":{"nombre":"DEL LIBERTADOR AV.","tipo":"Ciclovías","barrio":"Belgrano"},"geometry":{"type":"LineString","coordinates":[[-58.443494,-34.56135],[-58.443913,-34.561254]]}},{"type":"Feature","properties":{"nombre":"RIVADAVIA MARTIN, COMODORO","tipo":"Ciclovías","barrio":"Nuñez"},"geometry":{"type":"LineString","coordinates":[[-58.464379,-34.543307],[-58.464471,-34.543526],[-58.464523,-34.543647],[-58.464559,-34.543785],[-58.464576,-34.543853],[-58.464487,-34.543963]]}},{"type":"Feature","properties":{"nombre":"CHIVILCOY AV.","tipo":"Ciclovías mano única","barrio":"Villa Devoto"},"geometry":{"type":"LineString","coordinates":[[-58.509663,-34.602189],[-58.510326,-34.601446]]}},{"type":"Feature","properties":{"nombre":"UNANUE","tipo":"Ciclovías mano única","barrio":"Villa Lugano"},"geometry":{"type":"LineString","coordinates":[[-58.4781,-34.684215],[-58.478863,-34.684904]]}},{"type":"Feature","properties":{"nombre":"ARTIGAS, JOSE GERVASIO, GRAL.","tipo":"Ciclovías","barrio":"Villa Gral. Mitre"},"geometry":{"type":"LineString","coordinates":[[-58.469923,-34.616756],[-58.470723,-34.615751]]}},{"type":"Feature","properties":{"nombre":"MONROE","tipo":"Ciclovías","barrio":"Belgrano"},"geometry":{"type":"LineString","coordinates":[[-58.442194,-34.547775],[-58.44314,-34.548336]]}},{"type":"Feature","properties":{"nombre":"PADILLA","tipo":"Ciclovías","barrio":"Villa Crespo"},"geometry":{"type":"LineString","coordinates":[[-58.446068,-34.596825],[-58.446598,-34.596343]]}},{"type":"Feature","properties":{"nombre":"CERETTI","tipo":"Ciclovías","barrio":"Villa Urquiza"},"geometry":{"type":"LineString","coordinates":[[-58.496244,-34.574227],[-58.496344,-34.574101],[-58.496961,-34.573336]]}},{"type":"Feature","properties":{"nombre":"BORGES, JORGE LUIS","tipo":"Ciclovías","barrio":"Palermo"},"geometry":{"type":"LineString","coordinates":[[-58.428636,-34.587713],[-58.428159,-34.587403]]}},{"type":"Feature","properties":{"nombre":"CORRIENTES AV.","tipo":"Ciclovías mano única","barrio":"Villa Crespo"},"geometry":{"type":"LineString","coordinates":[[-58.4322,-34.602072],[-58.433475,-34.601645]]}},{"type":"Feature","properties":{"nombre":"PADILLA","tipo":"Ciclovías","barrio":"Villa Crespo"},"geometry":{"type":"LineString","coordinates":[[-58.445651,-34.597196],[-58.446068,-34.596825]]}},{"type":"Feature","properties":{"nombre":"URIBURU JOSE E., PRES.","tipo":"Ciclovías","barrio":"Balvanera"},"geometry":{"type":"LineString","coordinates":[[-58.398624,-34.601073],[-58.398634,-34.60098],[-58.398726,-34.59976]]}},{"type":"Feature","properties":{"nombre":"RODO, JOSE E.","tipo":"Ciclovías","barrio":"Parque Avellaneda"},"geometry":{"type":"LineString","coordinates":[[-58.479703,-34.63972],[-58.481113,-34.640368]]}},{"type":"Feature","properties":{"nombre":"ESTADO PLURINACIONAL DE BOLIVIA","tipo":"Ciclovías","barrio":"Villa Pueyrredon"},"geometry":{"type":"LineString","coordinates":[[-58.498784,-34.584181],[-58.498899,-34.584057],[-58.49958,-34.583306]]}},{"type":"Feature","properties":{"nombre":"DEL LIBERTADOR AV.","tipo":"Ciclovías","barrio":"Palermo"},"geometry":{"type":"LineString","coordinates":[[-58.416623,-34.574176],[-58.416793,-34.574094]]}},{"type":"Feature","properties":{"nombre":"ITUZAINGO - PUENTE JORGE L. BORGES","tipo":"Ciclovías","barrio":"Constitucion"},"geometry":{"type":"LineString","coordinates":[[-58.380147,-34.63303],[-58.381254,-34.633069]]}},{"type":"Feature","properties":{"nombre":"SASTRE, MARCOS","tipo":"Ciclovías","barrio":"Monte Castro"},"geometry":{"type":"LineString","coordinates":[[-58.510717,-34.616903],[-58.511894,-34.617625]]}},{"type":"Feature","properties":{"nombre":"SANCHEZ DE THOMPSON, MARIQUITA","tipo":"Ciclovías","barrio":"Puerto Madero"},"geometry":{"type":"LineString","coordinates":[[-58.369077,-34.599353],[-58.367855,-34.59923]]}},{"type":"Feature","properties":{"nombre":"PATRICIAS ARGENTINAS AV.","tipo":"Ciclovías","barrio":"Caballito"},"geometry":{"type":"LineString","coordinates":[[-58.434732,-34.608731],[-58.434396,-34.608573]]}},{"type":"Feature","properties":{"nombre":"RODO, JOSE E.","tipo":"Ciclovías","barrio":"Parque Avellaneda"},"geometry":{"type":"LineString","coordinates":[[-58.488635,-34.645488],[-58.489155,-34.645941]]}},{"type":"Feature","properties":{"nombre":"DIAZ, CNEL. AV.","tipo":"Ciclovías","barrio":"Palermo"},"geometry":{"type":"LineString","coordinates":[[-58.409031,-34.587559],[-58.408319,-34.586546]]}},{"type":"Feature","properties":{"nombre":"CUBA","tipo":"Ciclovías","barrio":"Nuñez"},"geometry":{"type":"LineString","coordinates":[[-58.466123,-34.547909],[-58.466227,-34.547766],[-58.46637,-34.547582]]}},{"type":"Feature","properties":{"nombre":"ALVEAR, MARCELO T. DE","tipo":"Ciclovías","barrio":"Retiro"},"geometry":{"type":"LineString","coordinates":[[-58.381836,-34.596726],[-58.382268,-34.596766]]}},{"type":"Feature","properties":{"nombre":"VILLAFLOR, AZUCENA","tipo":"Ciclovías","barrio":"Puerto Madero"},"geometry":{"type":"LineString","coordinates":[[-58.367132,-34.61216],[-58.366846,-34.612149],[-58.366613,-34.612139],[-58.366295,-34.612112]]}},{"type":"Feature","properties":{"nombre":"TACUARI","tipo":"Ciclovías","barrio":"Constitucion"},"geometry":{"type":"LineString","coordinates":[[-58.376633,-34.627826],[-58.376581,-34.627894]]}},{"type":"Feature","properties":{"nombre":"PADILLA","tipo":"Ciclovías","barrio":"Villa Crespo"},"geometry":{"type":"LineString","coordinates":[[-58.446598,-34.596343],[-58.447317,-34.595694]]}},{"type":"Feature","properties":{"nombre":"ARENALES","tipo":"Ciclovías","barrio":"Retiro"},"geometry":{"type":"LineString","coordinates":[[-58.382775,-34.594302],[-58.382956,-34.59432],[-58.384417,-34.594431]]}},{"type":"Feature","properties":{"nombre":"VILELA","tipo":"Ciclovías","barrio":"Saavedra"},"geometry":{"type":"LineString","coordinates":[[-58.481492,-34.549533],[-58.481601,-34.549585],[-58.481775,-34.549689],[-58.482008,-34.549849],[-58.482226,-34.550011],[-58.482341,-34.550124]]}},{"type":"Feature","properties":{"nombre":"DEL LIBERTADOR AV.","tipo":"Ciclovías","barrio":"Palermo"},"geometry":{"type":"LineString","coordinates":[[-58.433312,-34.565536],[-58.4338,-34.565246],[-58.434411,-34.564889]]}},{"type":"Feature","properties":{"nombre":"DEL LIBERTADOR AV.","tipo":"Ciclovías","barrio":"Recoleta"},"geometry":{"type":"LineString","coordinates":[[-58.391722,-34.584756],[-58.39353,-34.584175],[-58.39391,-34.584053]]}},{"type":"Feature","properties":{"nombre":"CASEROS AV.","tipo":"Ciclovías","barrio":"Constitucion"},"geometry":{"type":"LineString","coordinates":[[-58.387271,-34.633354],[-58.387656,-34.633457]]}},{"type":"Feature","properties":{"nombre":"DON PEDRO DE MENDOZA AV.","tipo":"Ciclovías","barrio":"La Boca"},"geometry":{"type":"LineString","coordinates":[[-58.361075,-34.640949],[-58.360687,-34.641118],[-58.360208,-34.641286]]}},{"type":"Feature","properties":{"nombre":"ACUÑA DE FIGUEROA, FRANCISCO","tipo":"Ciclovías","barrio":"Palermo"},"geometry":{"type":"LineString","coordinates":[[-58.42106,-34.594163],[-58.420784,-34.592778]]}},{"type":"Feature","properties":{"nombre":"SASTRE, MARCOS","tipo":"Ciclovías","barrio":"Monte Castro"},"geometry":{"type":"LineString","coordinates":[[-58.50809,-34.615296],[-58.508416,-34.615497],[-58.508587,-34.615601]]}},{"type":"Feature","properties":{"nombre":"SASTRE, MARCOS","tipo":"Ciclovías","barrio":"Versalles"},"geometry":{"type":"LineString","coordinates":[[-58.520617,-34.625187],[-58.521419,-34.625165]]}},{"type":"Feature","properties":{"nombre":"ESTADO DE ISRAEL AV.","tipo":"Ciclovías mano única","barrio":"Villa Crespo"},"geometry":{"type":"LineString","coordinates":[[-58.427989,-34.598423],[-58.42855,-34.598672],[-58.429164,-34.598959]]}},{"type":"Feature","properties":{"nombre":"PERON, JUAN DOMINGO, TTE. GENERAL","tipo":"Ciclovías mano única","barrio":"Balvanera"},"geometry":{"type":"LineString","coordinates":[[-58.397853,-34.607238],[-58.398011,-34.60724],[-58.39912,-34.607314],[-58.399259,-34.607322]]}},{"type":"Feature","properties":{"nombre":"ALSINA, ADOLFO","tipo":"Ciclovías mano única","barrio":"Monserrat"},"geometry":{"type":"LineString","coordinates":[[-58.383367,-34.610922],[-58.38482,-34.611004]]}},{"type":"Feature","properties":{"nombre":"MONROE","tipo":"Ciclovías","barrio":"Belgrano"},"geometry":{"type":"LineString","coordinates":[[-58.450857,-34.552909],[-58.450914,-34.552943]]}},{"type":"Feature","properties":{"nombre":"BLANCO ENCALADA","tipo":"Ciclovías","barrio":"Belgrano"},"geometry":{"type":"LineString","coordinates":[[-58.453545,-34.555921],[-58.453773,-34.556057],[-58.453887,-34.556125]]}},{"type":"Feature","properties":{"nombre":"ROCA, CNEL. AV.","tipo":"Ciclovías","barrio":"Villa Soldati"},"geometry":{"type":"LineString","coordinates":[[-58.439933,-34.666164],[-58.440025,-34.666255]]}},{"type":"Feature","properties":{"nombre":"AMENABAR","tipo":"Ciclovías","barrio":"Belgrano"},"geometry":{"type":"LineString","coordinates":[[-58.463691,-34.557162],[-58.464343,-34.556402]]}},{"type":"Feature","properties":{"nombre":"SUPERI","tipo":"Ciclovías","barrio":"Colegiales"},"geometry":{"type":"LineString","coordinates":[[-58.458217,-34.574839],[-58.459403,-34.574416]]}},{"type":"Feature","properties":{"nombre":"MONTEVIDEO","tipo":"Ciclovías","barrio":"San Nicolas"},"geometry":{"type":"LineString","coordinates":[[-58.389463,-34.603011],[-58.389532,-34.601799]]}},{"type":"Feature","properties":{"nombre":"SUPERI","tipo":"Ciclovías","barrio":"Belgrano"},"geometry":{"type":"LineString","coordinates":[[-58.468962,-34.565074],[-58.469611,-34.564328]]}},{"type":"Feature","properties":{"nombre":"ESTADOS UNIDOS","tipo":"Ciclovías","barrio":"Boedo"},"geometry":{"type":"LineString","coordinates":[[-58.419278,-34.622702],[-58.419573,-34.622726],[-58.420524,-34.622827]]}},{"type":"Feature","properties":{"nombre":"CERETTI","tipo":"Ciclovías","barrio":"Villa Urquiza"},"geometry":{"type":"LineString","coordinates":[[-58.501518,-34.567675],[-58.501614,-34.567554],[-58.50256,-34.566416]]}},{"type":"Feature","properties":{"nombre":"FRENCH","tipo":"Ciclovías","barrio":"Recoleta"},"geometry":{"type":"LineString","coordinates":[[-58.398106,-34.591507],[-58.398653,-34.591183],[-58.39923,-34.590846]]}},{"type":"Feature","properties":{"nombre":"SUPERI","tipo":"Ciclovías","barrio":"Colegiales"},"geometry":{"type":"LineString","coordinates":[[-58.456298,-34.575524],[-58.457239,-34.575188]]}},{"type":"Feature","properties":{"nombre":"DEL LIBERTADOR AV.","tipo":"Ciclovías","barrio":"Palermo"},"geometry":{"type":"LineString","coordinates":[[-58.434411,-34.564889],[-58.435492,-34.564255]]}},{"type":"Feature","properties":{"nombre":"CEVALLOS, VIRREY","tipo":"Ciclovías","barrio":"Constitucion"},"geometry":{"type":"LineString","coordinates":[[-58.388299,-34.627163],[-58.388098,-34.628837]]}},{"type":"Feature","properties":{"nombre":"CABOTO","tipo":"Ciclovías","barrio":"La Boca"},"geometry":{"type":"LineString","coordinates":[[-58.354897,-34.633734],[-58.35442,-34.63455]]}},{"type":"Feature","properties":{"nombre":"PAVON","tipo":"Ciclovías","barrio":"Constitucion"},"geometry":{"type":"LineString","coordinates":[[-58.385755,-34.62611],[-58.385993,-34.62612],[-58.387016,-34.626161],[-58.38721,-34.626172]]}},{"type":"Feature","properties":{"nombre":"ACUÑA DE FIGUEROA, FRANCISCO","tipo":"Ciclovías","barrio":"Palermo"},"geometry":{"type":"LineString","coordinates":[[-58.420784,-34.592778],[-58.420546,-34.591578]]}},{"type":"Feature","properties":{"nombre":"MONROE","tipo":"Ciclovías","barrio":"Belgrano"},"geometry":{"type":"LineString","coordinates":[[-58.448741,-34.551655],[-58.449856,-34.552316]]}},{"type":"Feature","properties":{"nombre":"BOLIVAR","tipo":"Ciclovías","barrio":"Monserrat"},"geometry":{"type":"LineString","coordinates":[[-58.373505,-34.60909],[-58.373518,-34.609503],[-58.373453,-34.610244]]}},{"type":"Feature","properties":{"nombre":"BALBASTRO","tipo":"Ciclovías","barrio":"Parque Chacabuco"},"geometry":{"type":"LineString","coordinates":[[-58.443267,-34.639594],[-58.443323,-34.639608]]}},{"type":"Feature","properties":{"nombre":"IRIGOYEN, BERNARDO DE","tipo":"Ciclovías","barrio":"Monserrat"},"geometry":{"type":"LineString","coordinates":[[-58.380655,-34.609604],[-58.380597,-34.61073]]}},{"type":"Feature","properties":{"nombre":"DIAZ, CNEL. AV.","tipo":"Ciclovías","barrio":"Palermo"},"geometry":{"type":"LineString","coordinates":[[-58.407629,-34.58556],[-58.407095,-34.584798]]}},{"type":"Feature","properties":{"nombre":"RAVIGNANI, EMILIO, DR.","tipo":"Ciclovías","barrio":"Palermo"},"geometry":{"type":"LineString","coordinates":[[-58.436556,-34.579274],[-58.43563,-34.578467]]}},{"type":"Feature","properties":{"nombre":"CORRIENTES AV.","tipo":"Ciclovías mano única","barrio":"Balvanera"},"geometry":{"type":"LineString","coordinates":[[-58.396783,-34.604533],[-58.398048,-34.604572],[-58.398222,-34.60458]]}},{"type":"Feature","properties":{"nombre":"ECUADOR","tipo":"Ciclovías","barrio":"Recoleta"},"geometry":{"type":"LineString","coordinates":[[-58.403616,-34.594077],[-58.403096,-34.593017],[-58.403049,-34.592908]]}},{"type":"Feature","properties":{"nombre":"GRIVEO","tipo":"Ciclovías","barrio":"Villa Pueyrredon"},"geometry":{"type":"LineString","coordinates":[[-58.50035,-34.582458],[-58.500487,-34.582541],[-58.501486,-34.58316]]}},{"type":"Feature","properties":{"nombre":"DEL LIBERTADOR AV.","tipo":"Ciclovías","barrio":"Palermo"},"geometry":{"type":"LineString","coordinates":[[-58.439447,-34.562533],[-58.440488,-34.562373],[-58.4413,-34.562231]]}},{"type":"Feature","properties":{"nombre":"GORRITI","tipo":"Ciclovías","barrio":"Recoleta"},"geometry":{"type":"LineString","coordinates":[[-58.413831,-34.595606],[-58.414847,-34.595605],[-58.415049,-34.595597]]}},{"type":"Feature","properties":{"nombre":"ALVAREZ, JULIAN","tipo":"Ciclovías","barrio":"Villa Crespo"},"geometry":{"type":"LineString","coordinates":[[-58.431915,-34.597968],[-58.430838,-34.597277]]}},{"type":"Feature","properties":{"nombre":"SENDERO PARQUE CHACABUCO (NO OFICIAL)","tipo":"Ciclovías","barrio":"Parque Chacabuco"},"geometry":{"type":"LineString","coordinates":[[-58.446392,-34.634101],[-58.445667,-34.634122],[-58.4452,-34.634144],[-58.444652,-34.634312]]}},{"type":"Feature","properties":{"nombre":"DEL LIBERTADOR AV.","tipo":"Ciclovías","barrio":"Retiro"},"geometry":{"type":"LineString","coordinates":[[-58.376674,-34.591854],[-58.377133,-34.591555],[-58.377859,-34.591078]]}},{"type":"Feature","properties":{"nombre":"URIBURU JOSE E., PRES.","tipo":"Ciclovías","barrio":"Balvanera"},"geometry":{"type":"LineString","coordinates":[[-58.39773,-34.608367],[-58.39774,-34.608251],[-58.397843,-34.607339],[-58.397853,-34.607238]]}},{"type":"Feature","properties":{"nombre":"TACUARI","tipo":"Ciclovías","barrio":"Barracas"},"geometry":{"type":"LineString","coordinates":[[-58.374337,-34.630403],[-58.373463,-34.630961]]}},{"type":"Feature","properties":{"nombre":"VERA PEÑALOZA,  ROSARIO","tipo":"Ciclovías","barrio":"Puerto Madero"},"geometry":{"type":"LineString","coordinates":[[-58.359754,-34.617791],[-58.358172,-34.617339],[-58.358082,-34.617161]]}},{"type":"Feature","properties":{"nombre":"MILLER","tipo":"Ciclovías","barrio":"Villa Urquiza"},"geometry":{"type":"LineString","coordinates":[[-58.481895,-34.570011],[-58.48197,-34.569932]]}},{"type":"Feature","properties":{"nombre":"COMPLEJO CIUDAD UNIVERSITARIA (SIN NOMBRE OFICIAL)","tipo":"Ciclovías","barrio":"Belgrano"},"geometry":{"type":"LineString","coordinates":[[-58.447393,-34.540242],[-58.447989,-34.539981]]}},{"type":"Feature","properties":{"nombre":"PATRON","tipo":"Ciclovías","barrio":"Liniers"},"geometry":{"type":"LineString","coordinates":[[-58.520582,-34.652688],[-58.521342,-34.653374]]}},{"type":"Feature","properties":{"nombre":"DEL LIBERTADOR AV.","tipo":"Ciclovías","barrio":"Recoleta"},"geometry":{"type":"LineString","coordinates":[[-58.385029,-34.587035],[-58.385849,-34.586588]]}},{"type":"Feature","properties":{"nombre":"SUPERI","tipo":"Ciclovías","barrio":"Colegiales"},"geometry":{"type":"LineString","coordinates":[[-58.460522,-34.573938],[-58.46155,-34.573508]]}},{"type":"Feature","properties":{"nombre":"DEL LIBERTADOR AV.","tipo":"Ciclovías","barrio":"Palermo"},"geometry":{"type":"LineString","coordinates":[[-58.400204,-34.582475],[-58.401535,-34.582045]]}},{"type":"Feature","properties":{"nombre":"ALSINA, ADOLFO","tipo":"Ciclovías","barrio":"Balvanera"},"geometry":{"type":"LineString","coordinates":[[-58.401552,-34.61218],[-58.401862,-34.612203],[-58.403243,-34.612284]]}},{"type":"Feature","properties":{"nombre":"DEL LIBERTADOR AV.","tipo":"Ciclovías","barrio":"Belgrano"},"geometry":{"type":"LineString","coordinates":[[-58.451577,-34.552173],[-58.45231,-34.551318]]}},{"type":"Feature","properties":{"nombre":"DIAZ, CESAR, GRAL.","tipo":"Ciclovías","barrio":"Floresta"},"geometry":{"type":"LineString","coordinates":[[-58.488337,-34.62016],[-58.488477,-34.620279],[-58.489331,-34.621004]]}},{"type":"Feature","properties":{"nombre":"JUNCAL","tipo":"Ciclovías","barrio":"Recoleta"},"geometry":{"type":"LineString","coordinates":[[-58.39747,-34.592873],[-58.398745,-34.592497]]}},{"type":"Feature","properties":{"nombre":"TUCUMAN","tipo":"Ciclovías","barrio":"Balvanera"},"geometry":{"type":"LineString","coordinates":[[-58.395538,-34.602161],[-58.395674,-34.60217],[-58.397022,-34.602185]]}},{"type":"Feature","properties":{"nombre":"ESTADO PLURINACIONAL DE BOLIVIA","tipo":"Ciclovías","barrio":"Villa Pueyrredon"},"geometry":{"type":"LineString","coordinates":[[-58.50112,-34.581611],[-58.501831,-34.580836]]}},{"type":"Feature","properties":{"nombre":"LINIERS VIRREY","tipo":"Ciclovías","barrio":"Almagro"},"geometry":{"type":"LineString","coordinates":[[-58.414094,-34.618237],[-58.413941,-34.619663]]}},{"type":"Feature","properties":{"nombre":"ESTADOS UNIDOS","tipo":"Ciclovías","barrio":"Boedo"},"geometry":{"type":"LineString","coordinates":[[-58.413685,-34.622085],[-58.414726,-34.62225],[-58.414948,-34.622277]]}},{"type":"Feature","properties":{"nombre":"GARCIA, TEODORO","tipo":"Ciclovías","barrio":"Colegiales"},"geometry":{"type":"LineString","coordinates":[[-58.445706,-34.56955],[-58.446699,-34.571109]]}},{"type":"Feature","properties":{"nombre":"SUIPACHA","tipo":"Ciclovías","barrio":"San Nicolas"},"geometry":{"type":"LineString","coordinates":[[-58.379324,-34.606009],[-58.379328,-34.605913],[-58.379369,-34.605135],[-58.379383,-34.604907]]}},{"type":"Feature","properties":{"nombre":"SANTIAGO DEL ESTERO","tipo":"Ciclovías","barrio":"Constitucion"},"geometry":{"type":"LineString","coordinates":[[-58.384348,-34.619804],[-58.384357,-34.619968],[-58.384351,-34.621049]]}},{"type":"Feature","properties":{"nombre":"BORGES, JORGE LUIS","tipo":"Ciclovías","barrio":"Palermo"},"geometry":{"type":"LineString","coordinates":[[-58.428159,-34.587403],[-58.427079,-34.586701]]}},{"type":"Feature","properties":{"nombre":"FAVALORO, RENE DR.","tipo":"Ciclovías","barrio":"Parque Patricios"},"geometry":{"type":"LineString","coordinates":[[-58.407789,-34.640054],[-58.408118,-34.640027],[-58.40844,-34.640061],[-58.408681,-34.640107],[-58.408868,-34.640168]]}},{"type":"Feature","properties":{"nombre":"LA PAMPA","tipo":"Ciclovías","barrio":"Villa Urquiza"},"geometry":{"type":"LineString","coordinates":[[-58.485959,-34.583177],[-58.487033,-34.583799]]}},{"type":"Feature","properties":{"nombre":"BORGES, JORGE LUIS","tipo":"Ciclovías","barrio":"Palermo"},"geometry":{"type":"LineString","coordinates":[[-58.423068,-34.583729],[-58.421937,-34.582817]]}},{"type":"Feature","properties":{"nombre":"MOREAU DE JUSTO, ALICIA AV.","tipo":"Ciclovías","barrio":"Puerto Madero"},"geometry":{"type":"LineString","coordinates":[[-58.367239,-34.602768],[-58.366993,-34.604895],[-58.366957,-34.605148]]}},{"type":"Feature","properties":{"nombre":"CORRIENTES AV.","tipo":"Ciclovías mano única","barrio":"San Nicolas"},"geometry":{"type":"LineString","coordinates":[[-58.386595,-34.603998],[-58.387905,-34.604102]]}},{"type":"Feature","properties":{"nombre":"CONGRESO","tipo":"Ciclovías","barrio":"Belgrano"},"geometry":{"type":"LineString","coordinates":[[-58.457561,-34.552937],[-58.457886,-34.553111],[-58.457988,-34.553176],[-58.458079,-34.55315]]}},{"type":"Feature","properties":{"nombre":"MILLER","tipo":"Ciclovías","barrio":"Saavedra"},"geometry":{"type":"LineString","coordinates":[[-58.493443,-34.555454],[-58.493606,-34.555217]]}},{"type":"Feature","properties":{"nombre":"SAN MARTIN","tipo":"Ciclovías","barrio":"San Nicolas"},"geometry":{"type":"LineString","coordinates":[[-58.37379,-34.604464],[-58.373795,-34.604364],[-58.373842,-34.603411],[-58.373854,-34.603232]]}},{"type":"Feature","properties":{"nombre":"MILLER","tipo":"Ciclovías","barrio":"Villa Urquiza"},"geometry":{"type":"LineString","coordinates":[[-58.485498,-34.565972],[-58.486376,-34.565018]]}},{"type":"Feature","properties":{"nombre":"CORDOBA AV.","tipo":"Ciclovías mano única","barrio":"Chacarita"},"geometry":{"type":"LineString","coordinates":[[-58.444787,-34.584513],[-58.446429,-34.583808]]}},{"type":"Feature","properties":{"nombre":"ALVAREZ, JULIAN","tipo":"Ciclovías","barrio":"Palermo"},"geometry":{"type":"LineString","coordinates":[[-58.424288,-34.592871],[-58.42332,-34.592199]]}},{"type":"Feature","properties":{"nombre":"15 DE NOVIEMBRE DE 1889","tipo":"Ciclovías","barrio":"Parque Patricios"},"geometry":{"type":"LineString","coordinates":[[-58.394641,-34.632508],[-58.395618,-34.632748]]}},{"type":"Feature","properties":{"nombre":"INDEPENDENCIA AV.","tipo":"Ciclovías","barrio":"Almagro"},"geometry":{"type":"LineString","coordinates":[[-58.423721,-34.621506],[-58.424043,-34.62154]]}},{"type":"Feature","properties":{"nombre":"FOREST AV.","tipo":"Ciclovías mano única","barrio":"Colegiales"},"geometry":{"type":"LineString","coordinates":[[-58.461606,-34.576837],[-58.462248,-34.576167],[-58.462377,-34.576032]]}},{"type":"Feature","properties":{"nombre":"HUMAHUACA","tipo":"Ciclovías","barrio":"Almagro"},"geometry":{"type":"LineString","coordinates":[[-58.416524,-34.602408],[-58.416671,-34.602374],[-58.417905,-34.60219]]}},{"type":"Feature","properties":{"nombre":"PAVON","tipo":"Ciclovías","barrio":"Constitucion"},"geometry":{"type":"LineString","coordinates":[[-58.38721,-34.626172],[-58.388311,-34.626202]]}},{"type":"Feature","properties":{"nombre":"CERETTI","tipo":"Ciclovías","barrio":"Villa Urquiza"},"geometry":{"type":"LineString","coordinates":[[-58.495039,-34.575726],[-58.495642,-34.574976]]}},{"type":"Feature","properties":{"nombre":"TREINTA Y TRES ORIENTALES","tipo":"Ciclovías","barrio":"Boedo"},"geometry":{"type":"LineString","coordinates":[[-58.422844,-34.626425],[-58.422787,-34.626644],[-58.42268,-34.627101]]}},{"type":"Feature","properties":{"nombre":"SUPERI","tipo":"Ciclovías","barrio":"Belgrano"},"geometry":{"type":"LineString","coordinates":[[-58.461731,-34.573432],[-58.463156,-34.571788]]}},{"type":"Feature","properties":{"nombre":"MONROE","tipo":"Ciclovías","barrio":"Belgrano"},"geometry":{"type":"LineString","coordinates":[[-58.447634,-34.550999],[-58.448741,-34.551655]]}},{"type":"Feature","properties":{"nombre":"CHILE","tipo":"Ciclovías","barrio":"Balvanera"},"geometry":{"type":"LineString","coordinates":[[-58.397627,-34.617326],[-58.398845,-34.617426],[-58.399066,-34.617447]]}},{"type":"Feature","properties":{"nombre":"CORDOBA AV.","tipo":"Ciclovías mano única","barrio":"Retiro"},"geometry":{"type":"LineString","coordinates":[[-58.382525,-34.59909],[-58.382776,-34.599101],[-58.384032,-34.599159]]}},{"type":"Feature","properties":{"nombre":"PERON, JUAN DOMINGO, TTE. GENERAL","tipo":"Ciclovías mano única","barrio":"San Nicolas"},"geometry":{"type":"LineString","coordinates":[[-58.38638,-34.606436],[-58.386538,-34.60644],[-58.387716,-34.606515],[-58.387815,-34.606527]]}},{"type":"Feature","properties":{"nombre":"LOYOLA","tipo":"Ciclovías","barrio":"Villa Crespo"},"geometry":{"type":"LineString","coordinates":[[-58.435328,-34.596162],[-58.43609,-34.595348],[-58.436196,-34.595235]]}},{"type":"Feature","properties":{"nombre":"MARTINEZ CASTRO","tipo":"Ciclovías","barrio":"Parque Avellaneda"},"geometry":{"type":"LineString","coordinates":[[-58.479099,-34.638427],[-58.478283,-34.639067]]}},{"type":"Feature","properties":{"nombre":"SASTRE, MARCOS","tipo":"Ciclovías","barrio":"Monte Castro"},"geometry":{"type":"LineString","coordinates":[[-58.519313,-34.623944],[-58.519698,-34.624311]]}},{"type":"Feature","properties":{"nombre":"FIGUEROA ALCORTA, PRES. AV.","tipo":"Ciclovías","barrio":"Recoleta"},"geometry":{"type":"LineString","coordinates":[[-58.390566,-34.584186],[-58.391286,-34.583857]]}},{"type":"Feature","properties":{"nombre":"CHILE","tipo":"Ciclovías","barrio":"Monserrat"},"geometry":{"type":"LineString","coordinates":[[-58.381569,-34.616487],[-58.381747,-34.616496],[-58.382899,-34.616523],[-58.383066,-34.616535]]}},{"type":"Feature","properties":{"nombre":"PALOS","tipo":"Ciclovías","barrio":"La Boca"},"geometry":{"type":"LineString","coordinates":[[-58.360815,-34.638116],[-58.360303,-34.638981]]}},{"type":"Feature","properties":{"nombre":"CHACO","tipo":"Ciclovías","barrio":"Caballito"},"geometry":{"type":"LineString","coordinates":[[-58.428795,-34.617186],[-58.429089,-34.617204],[-58.429578,-34.617233]]}},{"type":"Feature","properties":{"nombre":"CORRIENTES AV.","tipo":"Ciclovías mano única","barrio":"Balvanera"},"geometry":{"type":"LineString","coordinates":[[-58.411745,-34.604083],[-58.413186,-34.604137]]}},{"type":"Feature","properties":{"nombre":"CORDOBA AV.","tipo":"Ciclovías mano única","barrio":"Palermo"},"geometry":{"type":"LineString","coordinates":[[-58.440158,-34.587601],[-58.441091,-34.586984],[-58.441399,-34.58678]]}},{"type":"Feature","properties":{"nombre":"GARCIA, TEODORO","tipo":"Ciclovías mano única","barrio":"Chacarita"},"geometry":{"type":"LineString","coordinates":[[-58.454829,-34.584231],[-58.454915,-34.584365]]}},{"type":"Feature","properties":{"nombre":"GRANADEROS","tipo":"Ciclovías","barrio":"Flores"},"geometry":{"type":"LineString","coordinates":[[-58.45945,-34.626405],[-58.459529,-34.626253],[-58.45969,-34.625943],[-58.459993,-34.62536],[-58.460053,-34.625244]]}},{"type":"Feature","properties":{"nombre":"PEPIRI","tipo":"Ciclovías","barrio":"Nueva Pompeya"},"geometry":{"type":"LineString","coordinates":[[-58.407886,-34.650333],[-58.407517,-34.651394]]}},{"type":"Feature","properties":{"nombre":"DEL LIBERTADOR AV.","tipo":"Ciclovías","barrio":"Palermo"},"geometry":{"type":"LineString","coordinates":[[-58.420025,-34.572603],[-58.42055,-34.572364]]}},{"type":"Feature","properties":{"nombre":"HUMAHUACA","tipo":"Ciclovías","barrio":"Almagro"},"geometry":{"type":"LineString","coordinates":[[-58.426928,-34.601305],[-58.427091,-34.601289],[-58.428387,-34.601159]]}},{"type":"Feature","properties":{"nombre":"VALLESE, FELIPE","tipo":"Ciclovías","barrio":"Caballito"},"geometry":{"type":"LineString","coordinates":[[-58.442273,-34.611913],[-58.442468,-34.611988],[-58.443281,-34.612302]]}},{"type":"Feature","properties":{"nombre":"TREINTA Y TRES ORIENTALES","tipo":"Ciclovías","barrio":"Boedo"},"geometry":{"type":"LineString","coordinates":[[-58.42067,-34.636525],[-58.420325,-34.637445]]}},{"type":"Feature","properties":{"nombre":"CHIVILCOY","tipo":"Ciclovías","barrio":"Villa Devoto"},"geometry":{"type":"LineString","coordinates":[[-58.503118,-34.609557],[-58.503237,-34.609436],[-58.503656,-34.608969],[-58.503788,-34.608826]]}},{"type":"Feature","properties":{"nombre":"LA RABIDA (S) AV.","tipo":"Ciclovías","barrio":"Monserrat"},"geometry":{"type":"LineString","coordinates":[[-58.368243,-34.608122],[-58.368263,-34.608269],[-58.368327,-34.608478],[-58.368419,-34.608652],[-58.368634,-34.608934],[-58.368733,-34.609027]]}},{"type":"Feature","properties":{"nombre":"RIGLOS","tipo":"Ciclovías","barrio":"Parque Chacabuco"},"geometry":{"type":"LineString","coordinates":[[-58.435346,-34.629611],[-58.435101,-34.630683]]}},{"type":"Feature","properties":{"nombre":"LINIERS VIRREY","tipo":"Ciclovías","barrio":"Boedo"},"geometry":{"type":"LineString","coordinates":[[-58.413574,-34.62514],[-58.413441,-34.626665]]}},{"type":"Feature","properties":{"nombre":"CHICLANA AV.","tipo":"Ciclovías","barrio":"San Cristobal"},"geometry":{"type":"LineString","coordinates":[[-58.40518,-34.628859],[-58.405457,-34.629183]]}},{"type":"Feature","properties":{"nombre":"TACUARI","tipo":"Ciclovías","barrio":"Constitucion"},"geometry":{"type":"LineString","coordinates":[[-58.37801,-34.625654],[-58.377266,-34.626826]]}},{"type":"Feature","properties":{"nombre":"VALLE","tipo":"Ciclovías","barrio":"Caballito"},"geometry":{"type":"LineString","coordinates":[[-58.431791,-34.624157],[-58.431996,-34.624188],[-58.433121,-34.62431]]}},{"type":"Feature","properties":{"nombre":"BAIGORRI","tipo":"Ciclovías","barrio":"Barracas"},"geometry":{"type":"LineString","coordinates":[[-58.386442,-34.634637],[-58.385614,-34.63592]]}},{"type":"Feature","properties":{"nombre":"BARROS PAZOS, JOSE","tipo":"Ciclovías mano única","barrio":"Villa Lugano"},"geometry":{"type":"LineString","coordinates":[[-58.47223,-34.680955],[-58.472884,-34.681526]]}},{"type":"Feature","properties":{"nombre":"LINIERS VIRREY","tipo":"Ciclovías","barrio":"Boedo"},"geometry":{"type":"LineString","coordinates":[[-58.412411,-34.635216],[-58.412336,-34.635432],[-58.412185,-34.636019]]}},{"type":"Feature","properties":{"nombre":"UDAONDO, GUILLERMO AV.","tipo":"Ciclovías","barrio":"Nuñez"},"geometry":{"type":"LineString","coordinates":[[-58.452125,-34.546285],[-58.452176,-34.546385],[-58.452848,-34.547257]]}},{"type":"Feature","properties":{"nombre":"LUGONES","tipo":"Ciclovías","barrio":"Villa Urquiza"},"geometry":{"type":"LineString","coordinates":[[-58.476951,-34.574004],[-58.477732,-34.573122]]}},{"type":"Feature","properties":{"nombre":"MOREAU DE JUSTO, ALICIA AV.","tipo":"Ciclovías","barrio":"Puerto Madero"},"geometry":{"type":"LineString","coordinates":[[-58.366443,-34.60953],[-58.366407,-34.609808],[-58.366307,-34.610671],[-58.366282,-34.61092]]}},{"type":"Feature","properties":{"nombre":"ALVEAR, MARCELO T. DE","tipo":"Ciclovías","barrio":"Retiro"},"geometry":{"type":"LineString","coordinates":[[-58.385653,-34.596971],[-58.385808,-34.596978],[-58.386926,-34.597041],[-58.387066,-34.597053]]}},{"type":"Feature","properties":{"nombre":"CERVIÑO AV.","tipo":"Ciclovías","barrio":"Palermo"},"geometry":{"type":"LineString","coordinates":[[-58.42499,-34.574556],[-58.427331,-34.572831]]}},{"type":"Feature","properties":{"nombre":"FIGUEROA ALCORTA, PRES. AV.","tipo":"Ciclovías","barrio":"Recoleta"},"geometry":{"type":"LineString","coordinates":[[-58.385849,-34.586588],[-58.387336,-34.585734]]}},{"type":"Feature","properties":{"nombre":"IBERA","tipo":"Ciclovías","barrio":"Nuñez"},"geometry":{"type":"LineString","coordinates":[[-58.469881,-34.556492],[-58.470103,-34.556617],[-58.470872,-34.557031]]}},{"type":"Feature","properties":{"nombre":"CONGRESO","tipo":"Ciclovías","barrio":"Nuñez"},"geometry":{"type":"LineString","coordinates":[[-58.455459,-34.551789],[-58.455743,-34.551939],[-58.456491,-34.552326]]}},{"type":"Feature","properties":{"nombre":"MORON","tipo":"Ciclovías","barrio":"Floresta"},"geometry":{"type":"LineString","coordinates":[[-58.480822,-34.626348],[-58.480977,-34.626388],[-58.481885,-34.626623]]}},{"type":"Feature","properties":{"nombre":"SUPERI","tipo":"Ciclovías","barrio":"Coghlan"},"geometry":{"type":"LineString","coordinates":[[-58.473553,-34.559798],[-58.474325,-34.558914]]}},{"type":"Feature","properties":{"nombre":"CORDOBA AV.","tipo":"Ciclovías mano única","barrio":"Palermo"},"geometry":{"type":"LineString","coordinates":[[-58.442427,-34.586099],[-58.443479,-34.585401]]}},{"type":"Feature","properties":{"nombre":"SUPERI","tipo":"Ciclovías","barrio":"Coghlan"},"geometry":{"type":"LineString","coordinates":[[-58.469611,-34.564328],[-58.470498,-34.563308]]}},{"type":"Feature","properties":{"nombre":"DOBLAS","tipo":"Ciclovías","barrio":"Parque Chacabuco"},"geometry":{"type":"LineString","coordinates":[[-58.428497,-34.63158],[-58.428424,-34.631832],[-58.428173,-34.632814]]}},{"type":"Feature","properties":{"nombre":"RABANAL, FRANCISCO, INTENDENTE AV.","tipo":"Ciclovías","barrio":"Villa Soldati"},"geometry":{"type":"LineString","coordinates":[[-58.427408,-34.659611],[-58.428425,-34.66018],[-58.428621,-34.66029]]}},{"type":"Feature","properties":{"nombre":"NEWBERY, JORGE AV.","tipo":"Ciclovías","barrio":"Chacarita"},"geometry":{"type":"LineString","coordinates":[[-58.449883,-34.585917],[-58.450192,-34.586886],[-58.450214,-34.586953]]}},{"type":"Feature","properties":{"nombre":"QUILMES","tipo":"Ciclovías","barrio":"Nueva Pompeya"},"geometry":{"type":"LineString","coordinates":[[-58.417403,-34.646335],[-58.41742,-34.647345]]}},{"type":"Feature","properties":{"nombre":"ALVAREZ, JULIAN","tipo":"Ciclovías","barrio":"Villa Crespo"},"geometry":{"type":"LineString","coordinates":[[-58.429773,-34.596593],[-58.428091,-34.595515]]}},{"type":"Feature","properties":{"nombre":"BLANCO ENCALADA","tipo":"Ciclovías","barrio":"Villa Urquiza"},"geometry":{"type":"LineString","coordinates":[[-58.472783,-34.567354],[-58.47369,-34.567902]]}},{"type":"Feature","properties":{"nombre":"OBLIGADO RAFAEL, AV.COSTANERA","tipo":"Ciclovías","barrio":"Palermo"},"geometry":{"type":"LineString","coordinates":[[-58.421147,-34.5537],[-58.423581,-34.553127]]}},{"type":"Feature","properties":{"nombre":"RAVIGNANI, EMILIO, DR.","tipo":"Ciclovías","barrio":"Palermo"},"geometry":{"type":"LineString","coordinates":[[-58.44033,-34.58257],[-58.440153,-34.582415],[-58.439385,-34.581744]]}},{"type":"Feature","properties":{"nombre":"TRES ARROYOS","tipo":"Ciclovías","barrio":"Caballito"},"geometry":{"type":"LineString","coordinates":[[-58.460142,-34.608675],[-58.460772,-34.609038]]}},{"type":"Feature","properties":{"nombre":"USPALLATA","tipo":"Ciclovías","barrio":"Barracas"},"geometry":{"type":"LineString","coordinates":[[-58.389423,-34.636338],[-58.389865,-34.636441],[-58.390167,-34.63651]]}},{"type":"Feature","properties":{"nombre":"CORRIENTES AV.","tipo":"Ciclovías mano única","barrio":"Chacarita"},"geometry":{"type":"LineString","coordinates":[[-58.449517,-34.589889],[-58.449174,-34.590214]]}},{"type":"Feature","properties":{"nombre":"BILLINGHURST","tipo":"Ciclovías","barrio":"Almagro"},"geometry":{"type":"LineString","coordinates":[[-58.415953,-34.609462],[-58.416067,-34.608535]]}},{"type":"Feature","properties":{"nombre":"GRIVEO","tipo":"Ciclovías","barrio":"Villa Pueyrredon"},"geometry":{"type":"LineString","coordinates":[[-58.49922,-34.581759],[-58.50022,-34.58238],[-58.50035,-34.582458]]}},{"type":"Feature","properties":{"nombre":"MILLER","tipo":"Ciclovías","barrio":"Villa Urquiza"},"geometry":{"type":"LineString","coordinates":[[-58.48197,-34.569932],[-58.482453,-34.569381],[-58.482578,-34.569242]]}},{"type":"Feature","properties":{"nombre":"CORRIENTES AV.","tipo":"Ciclovías mano única","barrio":"Balvanera"},"geometry":{"type":"LineString","coordinates":[[-58.393861,-34.604462],[-58.395292,-34.604496]]}},{"type":"Feature","properties":{"nombre":"SUPERI","tipo":"Ciclovías","barrio":"Coghlan"},"geometry":{"type":"LineString","coordinates":[[-58.470498,-34.563308],[-58.471217,-34.562482]]}},{"type":"Feature","properties":{"nombre":"USPALLATA","tipo":"Ciclovías","barrio":"Barracas"},"geometry":{"type":"LineString","coordinates":[[-58.388473,-34.636116],[-58.389423,-34.636338]]}},{"type":"Feature","properties":{"nombre":"PELLEGRINI, CARLOS E.","tipo":"Ciclovías","barrio":"Saavedra"},"geometry":{"type":"LineString","coordinates":[[-58.501813,-34.563017],[-58.502251,-34.56323],[-58.502402,-34.563301]]}},{"type":"Feature","properties":{"nombre":"RODRIGUEZ, MARTIN","tipo":"Ciclovías","barrio":"La Boca"},"geometry":{"type":"LineString","coordinates":[[-58.360872,-34.6351],[-58.36037,-34.635919]]}},{"type":"Feature","properties":{"nombre":"CHIVILCOY AV.","tipo":"Ciclovías mano única","barrio":"Villa Devoto"},"geometry":{"type":"LineString","coordinates":[[-58.509686,-34.602268],[-58.510397,-34.60149]]}},{"type":"Feature","properties":{"nombre":"TRES ARROYOS","tipo":"Ciclovías","barrio":"Villa Crespo"},"geometry":{"type":"LineString","coordinates":[[-58.447646,-34.601687],[-58.44863,-34.602307]]}},{"type":"Feature","properties":{"nombre":"VALLE","tipo":"Ciclovías","barrio":"Caballito"},"geometry":{"type":"LineString","coordinates":[[-58.442549,-34.625178],[-58.443325,-34.625254]]}},{"type":"Feature","properties":{"nombre":"TREINTA Y TRES ORIENTALES","tipo":"Ciclovías","barrio":"Boedo"},"geometry":{"type":"LineString","coordinates":[[-58.419926,-34.638482],[-58.419849,-34.638683],[-58.419536,-34.639495]]}},{"type":"Feature","properties":{"nombre":"FRAGATA PRES. SARMIENTO","tipo":"Ciclovías","barrio":"Caballito"},"geometry":{"type":"LineString","coordinates":[[-58.454755,-34.611963],[-58.455578,-34.610795]]}},{"type":"Feature","properties":{"nombre":"SUPERI","tipo":"Ciclovías","barrio":"Coghlan"},"geometry":{"type":"LineString","coordinates":[[-58.475903,-34.556858],[-58.476412,-34.556194]]}},{"type":"Feature","properties":{"nombre":"CORRIENTES AV.","tipo":"Ciclovías mano única","barrio":"Balvanera"},"geometry":{"type":"LineString","coordinates":[[-58.408917,-34.604118],[-58.409186,-34.604095],[-58.410089,-34.604037],[-58.410347,-34.60403]]}},{"type":"Feature","properties":{"nombre":"NUEVA YORK","tipo":"Ciclovías","barrio":"Agronomia"},"geometry":{"type":"LineString","coordinates":[[-58.488885,-34.586047],[-58.489616,-34.5865]]}},{"type":"Feature","properties":{"nombre":"CORDOBA AV.","tipo":"Ciclovías mano única","barrio":"Recoleta"},"geometry":{"type":"LineString","coordinates":[[-58.405589,-34.59804],[-58.406629,-34.598045]]}},{"type":"Feature","properties":{"nombre":"GODOY CRUZ","tipo":"Ciclovías","barrio":"Palermo"},"geometry":{"type":"LineString","coordinates":[[-58.426196,-34.579729],[-58.425439,-34.578866],[-58.425255,-34.578663]]}},{"type":"Feature","properties":{"nombre":"PERON, JUAN DOMINGO, TTE. GENERAL","tipo":"Ciclovías mano única","barrio":"Balvanera"},"geometry":{"type":"LineString","coordinates":[[-58.393568,-34.606923],[-58.394894,-34.607045],[-58.395035,-34.607055]]}},{"type":"Feature","properties":{"nombre":"ESTADOS UNIDOS","tipo":"Ciclovías","barrio":"Boedo"},"geometry":{"type":"LineString","coordinates":[[-58.41637,-34.622445],[-58.417945,-34.622591]]}},{"type":"Feature","properties":{"nombre":"CERETTI","tipo":"Ciclovías","barrio":"Villa Urquiza"},"geometry":{"type":"LineString","coordinates":[[-58.499441,-34.570272],[-58.500122,-34.569432],[-58.50022,-34.569309]]}},{"type":"Feature","properties":{"nombre":"HERRERA","tipo":"Ciclovías","barrio":"Barracas"},"geometry":{"type":"LineString","coordinates":[[-58.375826,-34.645247],[-58.375404,-34.646912],[-58.375313,-34.647251]]}},{"type":"Feature","properties":{"nombre":"MACHU PICCHU","tipo":"Ciclovías","barrio":"Retiro"},"geometry":{"type":"LineString","coordinates":[[-58.376271,-34.584793],[-58.376127,-34.584672],[-58.375913,-34.584474]]}},{"type":"Feature","properties":{"nombre":"LINIERS VIRREY","tipo":"Ciclovías","barrio":"Almagro"},"geometry":{"type":"LineString","coordinates":[[-58.415826,-34.610834],[-58.415337,-34.611876]]}},{"type":"Feature","properties":{"nombre":"SASTRE, MARCOS","tipo":"Ciclovías","barrio":"Monte Castro"},"geometry":{"type":"LineString","coordinates":[[-58.512527,-34.618151],[-58.512663,-34.618264],[-58.513083,-34.618614],[-58.513213,-34.618722]]}},{"type":"Feature","properties":{"nombre":"SUIPACHA","tipo":"Ciclovías","barrio":"San Nicolas"},"geometry":{"type":"LineString","coordinates":[[-58.379475,-34.603576],[-58.379535,-34.602576],[-58.379541,-34.602453]]}},{"type":"Feature","properties":{"nombre":"CORDOBA AV.","tipo":"Ciclovías mano única","barrio":"Palermo"},"geometry":{"type":"LineString","coordinates":[[-58.426242,-34.596511],[-58.426952,-34.59621],[-58.427026,-34.596165]]}},{"type":"Feature","properties":{"nombre":"ARTIGAS, JOSE GERVASIO, GRAL.","tipo":"Ciclovías","barrio":"Villa Gral. Mitre"},"geometry":{"type":"LineString","coordinates":[[-58.476324,-34.608722],[-58.477128,-34.607717]]}},{"type":"Feature","properties":{"nombre":"CORDOBA AV.","tipo":"Ciclovías mano única","barrio":"Recoleta"},"geometry":{"type":"LineString","coordinates":[[-58.399924,-34.599621],[-58.401072,-34.599484]]}},{"type":"Feature","properties":{"nombre":"CUBA","tipo":"Ciclovías","barrio":"Nuñez"},"geometry":{"type":"LineString","coordinates":[[-58.46041,-34.554368],[-58.461314,-34.553319]]}},{"type":"Feature","properties":{"nombre":"BILLINGHURST","tipo":"Ciclovías","barrio":"Almagro"},"geometry":{"type":"LineString","coordinates":[[-58.414933,-34.5996],[-58.414906,-34.599449]]}},{"type":"Feature","properties":{"nombre":"OLLEROS","tipo":"Ciclovías","barrio":"Colegiales"},"geometry":{"type":"LineString","coordinates":[[-58.444351,-34.571316],[-58.444896,-34.572198]]}},{"type":"Feature","properties":{"nombre":"CHIVILCOY","tipo":"Ciclovías","barrio":"Floresta"},"geometry":{"type":"LineString","coordinates":[[-58.490211,-34.621741],[-58.490309,-34.621664],[-58.491154,-34.620995],[-58.49128,-34.620894]]}},{"type":"Feature","properties":{"nombre":"TACUARI","tipo":"Ciclovías","barrio":"Monserrat"},"geometry":{"type":"LineString","coordinates":[[-58.378847,-34.616358],[-58.378777,-34.617547]]}},{"type":"Feature","properties":{"nombre":"CALZADA CIRCULAR PLAZA ITALIA","tipo":"Ciclovías","barrio":"Palermo"},"geometry":{"type":"LineString","coordinates":[[-58.420754,-34.581863],[-58.420519,-34.581836],[-58.420283,-34.581688],[-58.420195,-34.581542],[-58.420134,-34.581416],[-58.420119,-34.58137]]}},{"type":"Feature","properties":{"nombre":"CEVALLOS, VIRREY","tipo":"Ciclovías","barrio":"Constitucion"},"geometry":{"type":"LineString","coordinates":[[-58.387808,-34.63132],[-58.387789,-34.631447],[-58.387721,-34.632469]]}},{"type":"Feature","properties":{"nombre":"ROSARIO","tipo":"Ciclovías","barrio":"Caballito"},"geometry":{"type":"LineString","coordinates":[[-58.431307,-34.618674],[-58.431544,-34.618706]]}},{"type":"Feature","properties":{"nombre":"UDAONDO, GUILLERMO AV.","tipo":"Ciclovías","barrio":"Nuñez"},"geometry":{"type":"LineString","coordinates":[[-58.454468,-34.548668],[-58.454779,-34.548653],[-58.455042,-34.548645]]}},{"type":"Feature","properties":{"nombre":"UNANUE","tipo":"Ciclovías mano única","barrio":"Villa Lugano"},"geometry":{"type":"LineString","coordinates":[[-58.477339,-34.683528],[-58.4781,-34.684215]]}},{"type":"Feature","properties":{"nombre":"AZCUENAGA","tipo":"Ciclovías","barrio":"Recoleta"},"geometry":{"type":"LineString","coordinates":[[-58.398106,-34.591507],[-58.39804,-34.591406],[-58.397438,-34.590569]]}},{"type":"Feature","properties":{"nombre":"DIAZ, CESAR, GRAL.","tipo":"Ciclovías","barrio":"Villa Santa Rita"},"geometry":{"type":"LineString","coordinates":[[-58.487603,-34.619534],[-58.487728,-34.61964],[-58.488337,-34.62016]]}},{"type":"Feature","properties":{"nombre":"TREINTA Y TRES ORIENTALES","tipo":"Ciclovías","barrio":"Almagro"},"geometry":{"type":"LineString","coordinates":[[-58.424436,-34.616928],[-58.424384,-34.617935]]}},{"type":"Feature","properties":{"nombre":"CHILE","tipo":"Ciclovías","barrio":"Monserrat"},"geometry":{"type":"LineString","coordinates":[[-58.384401,-34.61664],[-58.384551,-34.61665],[-58.385708,-34.616681],[-58.385892,-34.616684]]}},{"type":"Feature","properties":{"nombre":"DIAZ, CNEL. AV.","tipo":"Ciclovías","barrio":"Palermo"},"geometry":{"type":"LineString","coordinates":[[-58.410084,-34.589057],[-58.409501,-34.588227]]}},{"type":"Feature","properties":{"nombre":"ALSINA, ADOLFO","tipo":"Ciclovías","barrio":"Monserrat"},"geometry":{"type":"LineString","coordinates":[[-58.390367,-34.611389],[-58.39154,-34.611474],[-58.391798,-34.611499]]}},{"type":"Feature","properties":{"nombre":"TUCUMAN","tipo":"Ciclovías","barrio":"Balvanera"},"geometry":{"type":"LineString","coordinates":[[-58.392596,-34.601986],[-58.39281,-34.601998],[-58.393966,-34.602056],[-58.394105,-34.602065]]}},{"type":"Feature","properties":{"nombre":"CORRIENTES AV.","tipo":"Ciclovías mano única","barrio":"Balvanera"},"geometry":{"type":"LineString","coordinates":[[-58.399483,-34.604635],[-58.399627,-34.604641],[-58.400634,-34.60467],[-58.400839,-34.604675]]}},{"type":"Feature","properties":{"nombre":"CHILE","tipo":"Ciclovías","barrio":"Balvanera"},"geometry":{"type":"LineString","coordinates":[[-58.399066,-34.617447],[-58.39932,-34.617471],[-58.400133,-34.617551]]}},{"type":"Feature","properties":{"nombre":"GARAY, JUAN DE AV.","tipo":"Ciclovías","barrio":"San Cristobal"},"geometry":{"type":"LineString","coordinates":[[-58.392163,-34.627262],[-58.393209,-34.627448]]}},{"type":"Feature","properties":{"nombre":"RODRIGUEZ, MARTIN","tipo":"Ciclovías","barrio":"La Boca"},"geometry":{"type":"LineString","coordinates":[[-58.36037,-34.635919],[-58.360228,-34.636152],[-58.359877,-34.636731]]}},{"type":"Feature","properties":{"nombre":"CONGRESO","tipo":"Ciclovías","barrio":"Nuñez"},"geometry":{"type":"LineString","coordinates":[[-58.458577,-34.553337],[-58.459361,-34.553758],[-58.459473,-34.553876]]}},{"type":"Feature","properties":{"nombre":"PADILLA","tipo":"Ciclovías","barrio":"Villa Crespo"},"geometry":{"type":"LineString","coordinates":[[-58.442783,-34.599792],[-58.443739,-34.598927]]}},{"type":"Feature","properties":{"nombre":"PEDERNERA","tipo":"Ciclovías","barrio":"Flores"},"geometry":{"type":"LineString","coordinates":[[-58.455744,-34.640503],[-58.455604,-34.640619],[-58.454419,-34.641652]]}},{"type":"Feature","properties":{"nombre":"CHIVILCOY","tipo":"Ciclovías","barrio":"Monte Castro"},"geometry":{"type":"LineString","coordinates":[[-58.501542,-34.611386],[-58.501669,-34.611237],[-58.50226,-34.610543],[-58.502368,-34.610419]]}},{"type":"Feature","properties":{"nombre":"POLA","tipo":"Ciclovías","barrio":"Mataderos"},"geometry":{"type":"LineString","coordinates":[[-58.504356,-34.646796],[-58.50383,-34.647216]]}},{"type":"Feature","properties":{"nombre":"GORRITI","tipo":"Ciclovías","barrio":"Palermo"},"geometry":{"type":"LineString","coordinates":[[-58.438241,-34.584133],[-58.438377,-34.584032],[-58.439283,-34.583353]]}},{"type":"Feature","properties":{"nombre":"RABANAL, FRANCISCO, INTENDENTE AV.","tipo":"Ciclovías","barrio":"Villa Soldati"},"geometry":{"type":"LineString","coordinates":[[-58.435157,-34.663886],[-58.435268,-34.663936]]}},{"type":"Feature","properties":{"nombre":"TUCUMAN","tipo":"Ciclovías","barrio":"San Nicolas"},"geometry":{"type":"LineString","coordinates":[[-58.386697,-34.601653],[-58.38691,-34.601663],[-58.387887,-34.601704],[-58.388035,-34.601712]]}},{"type":"Feature","properties":{"nombre":"LANTERI JULIETA","tipo":"Ciclovías","barrio":"Puerto Madero"},"geometry":{"type":"LineString","coordinates":[[-58.359844,-34.617327],[-58.359754,-34.617791]]}},{"type":"Feature","properties":{"nombre":"MOLDES","tipo":"Ciclovías","barrio":"Colegiales"},"geometry":{"type":"LineString","coordinates":[[-58.448641,-34.571923],[-58.448783,-34.571859],[-58.449396,-34.571574]]}},{"type":"Feature","properties":{"nombre":"CHIVILCOY AV.","tipo":"Ciclovías mano única","barrio":"Villa Devoto"},"geometry":{"type":"LineString","coordinates":[[-58.505792,-34.606539],[-58.505859,-34.606396],[-58.506733,-34.605425]]}},{"type":"Feature","properties":{"nombre":"NEWBERY, JORGE AV.","tipo":"Ciclovías","barrio":"Chacarita"},"geometry":{"type":"LineString","coordinates":[[-58.448436,-34.581467],[-58.448555,-34.581752],[-58.448875,-34.582757]]}},{"type":"Feature","properties":{"nombre":"FRAY CAYETANO RODRIGUEZ","tipo":"Ciclovías","barrio":"Flores"},"geometry":{"type":"LineString","coordinates":[[-58.465991,-34.622136],[-58.466061,-34.622051],[-58.466563,-34.621302],[-58.466632,-34.621193]]}},{"type":"Feature","properties":{"nombre":"ALVAREZ, JULIAN","tipo":"Ciclovías","barrio":"Palermo"},"geometry":{"type":"LineString","coordinates":[[-58.419046,-34.589356],[-58.418558,-34.589067]]}},{"type":"Feature","properties":{"nombre":"POLA","tipo":"Ciclovías","barrio":"Liniers"},"geometry":{"type":"LineString","coordinates":[[-58.505998,-34.645489],[-58.505861,-34.645595],[-58.505419,-34.645948]]}},{"type":"Feature","properties":{"nombre":"ESTADO DE ISRAEL AV.","tipo":"Ciclovías mano única","barrio":"Villa Crespo"},"geometry":{"type":"LineString","coordinates":[[-58.43019,-34.599804],[-58.430277,-34.599882],[-58.43104,-34.600749]]}},{"type":"Feature","properties":{"nombre":"VERA PEÑALOZA,  ROSARIO","tipo":"Ciclovías","barrio":"Puerto Madero"},"geometry":{"type":"LineString","coordinates":[[-58.360904,-34.617417],[-58.360247,-34.617365],[-58.359844,-34.617327]]}},{"type":"Feature","properties":{"nombre":"CHILE","tipo":"Ciclovías mano única","barrio":"Monserrat"},"geometry":{"type":"LineString","coordinates":[[-58.37598,-34.616219],[-58.376158,-34.61623],[-58.377267,-34.616285],[-58.377429,-34.616292]]}},{"type":"Feature","properties":{"nombre":"ALSINA, ADOLFO","tipo":"Ciclovías mano única","barrio":"Monserrat"},"geometry":{"type":"LineString","coordinates":[[-58.381003,-34.610761],[-58.381447,-34.610799]]}},{"type":"Feature","properties":{"nombre":"VALLE","tipo":"Ciclovías","barrio":"Caballito"},"geometry":{"type":"LineString","coordinates":[[-58.428896,-34.623783],[-58.430423,-34.623978]]}},{"type":"Feature","properties":{"nombre":"PEDRAZA, MANUELA","tipo":"Ciclovías","barrio":"Villa Urquiza"},"geometry":{"type":"LineString","coordinates":[[-58.490987,-34.564462],[-58.491079,-34.564506],[-58.492241,-34.565031],[-58.492356,-34.565088]]}},{"type":"Feature","properties":{"nombre":"BOLIVAR","tipo":"Ciclovías","barrio":"San Telmo"},"geometry":{"type":"LineString","coordinates":[[-58.372674,-34.624323],[-58.372665,-34.624495],[-58.372627,-34.625478]]}},{"type":"Feature","properties":{"nombre":"SUIPACHA","tipo":"Ciclovías","barrio":"San Nicolas"},"geometry":{"type":"LineString","coordinates":[[-58.379541,-34.602453],[-58.379597,-34.60128]]}},{"type":"Feature","properties":{"nombre":"RIVADAVIA MARTIN, COMODORO","tipo":"Ciclovías","barrio":"Nuñez"},"geometry":{"type":"LineString","coordinates":[[-58.463365,-34.541371],[-58.463499,-34.541509],[-58.463532,-34.541578],[-58.463555,-34.541693],[-58.463605,-34.541813],[-58.463694,-34.541965],[-58.463772,-34.542075],[-58.463882,-34.542234]]}},{"type":"Feature","properties":{"nombre":"FIGUEROA ALCORTA, PRES. AV.","tipo":"Ciclovías","barrio":"Recoleta"},"geometry":{"type":"LineString","coordinates":[[-58.393126,-34.583014],[-58.39571,-34.581803],[-58.395989,-34.581676]]}},{"type":"Feature","properties":{"nombre":"ALSINA, ADOLFO","tipo":"Ciclovías","barrio":"Balvanera"},"geometry":{"type":"LineString","coordinates":[[-58.406944,-34.612503],[-58.408716,-34.61261]]}},{"type":"Feature","properties":{"nombre":"DEL LIBERTADOR AV.","tipo":"Ciclovías","barrio":"Recoleta"},"geometry":{"type":"LineString","coordinates":[[-58.391006,-34.584987],[-58.391722,-34.584756]]}},{"type":"Feature","properties":{"nombre":"CORDOBA AV.","tipo":"Ciclovías mano única","barrio":"Palermo"},"geometry":{"type":"LineString","coordinates":[[-58.417265,-34.597825],[-58.417468,-34.59782],[-58.418943,-34.597789]]}},{"type":"Feature","properties":{"nombre":"RINCON","tipo":"Ciclovías","barrio":"San Cristobal"},"geometry":{"type":"LineString","coordinates":[[-58.394744,-34.624514],[-58.394627,-34.625309],[-58.394604,-34.625472]]}},{"type":"Feature","properties":{"nombre":"ALVEAR, MARCELO T. DE","tipo":"Ciclovías","barrio":"Retiro"},"geometry":{"type":"LineString","coordinates":[[-58.381421,-34.596688],[-58.381836,-34.596726]]}},{"type":"Feature","properties":{"nombre":"IRIGOYEN, BERNARDO DE","tipo":"Ciclovías","barrio":"Monserrat"},"geometry":{"type":"LineString","coordinates":[[-58.380686,-34.609002],[-58.380655,-34.609604]]}},{"type":"Feature","properties":{"nombre":"RABANAL, FRANCISCO, INTENDENTE AV.","tipo":"Ciclovías","barrio":"Nueva Pompeya"},"geometry":{"type":"LineString","coordinates":[[-58.421497,-34.65668],[-58.422003,-34.656895],[-58.423054,-34.657319],[-58.42322,-34.657398]]}},{"type":"Feature","properties":{"nombre":"BILLINGHURST","tipo":"Ciclovías","barrio":"Almagro"},"geometry":{"type":"LineString","coordinates":[[-58.415315,-34.60176],[-58.415139,-34.600766]]}},{"type":"Feature","properties":{"nombre":"GRIVEO","tipo":"Ciclovías","barrio":"Villa Pueyrredon"},"geometry":{"type":"LineString","coordinates":[[-58.49809,-34.581057],[-58.498219,-34.581136],[-58.49922,-34.581759]]}},{"type":"Feature","properties":{"nombre":"SENILLOSA","tipo":"Ciclovías","barrio":"Caballito"},"geometry":{"type":"LineString","coordinates":[[-58.429961,-34.618484],[-58.429763,-34.619445],[-58.429729,-34.619623]]}},{"type":"Feature","properties":{"nombre":"RIGLOS","tipo":"Ciclovías","barrio":"Caballito"},"geometry":{"type":"LineString","coordinates":[[-58.436052,-34.626522],[-58.435936,-34.627031]]}},{"type":"Feature","properties":{"nombre":"ROCA, CNEL. AV.","tipo":"Ciclovías","barrio":"Villa Riachuelo"},"geometry":{"type":"LineString","coordinates":[[-58.465313,-34.693878],[-58.466076,-34.694576]]}},{"type":"Feature","properties":{"nombre":"MONTEVIDEO","tipo":"Ciclovías","barrio":"San Nicolas"},"geometry":{"type":"LineString","coordinates":[[-58.389271,-34.607815],[-58.389277,-34.607731],[-58.389308,-34.606723],[-58.389311,-34.606629]]}},{"type":"Feature","properties":{"nombre":"11 DE SEPTIEMBRE DE 1888","tipo":"Ciclovías","barrio":"Palermo"},"geometry":{"type":"LineString","coordinates":[[-58.444727,-34.56627],[-58.445521,-34.565341]]}},{"type":"Feature","properties":{"nombre":"FOREST AV.","tipo":"Ciclovías mano única","barrio":"Chacarita"},"geometry":{"type":"LineString","coordinates":[[-58.453111,-34.586123],[-58.453516,-34.585677]]}},{"type":"Feature","properties":{"nombre":"CALVO, CARLOS","tipo":"Ciclovías","barrio":"Constitucion"},"geometry":{"type":"LineString","coordinates":[[-58.381042,-34.619757],[-58.381446,-34.619754]]}},{"type":"Feature","properties":{"nombre":"TREINTA Y TRES ORIENTALES","tipo":"Ciclovías","barrio":"Almagro"},"geometry":{"type":"LineString","coordinates":[[-58.424159,-34.620346],[-58.424043,-34.62154]]}},{"type":"Feature","properties":{"nombre":"SUPERI","tipo":"Ciclovías","barrio":"Saavedra"},"geometry":{"type":"LineString","coordinates":[[-58.482176,-34.548627],[-58.482466,-34.548242]]}},{"type":"Feature","properties":{"nombre":"RODO, JOSE E.","tipo":"Ciclovías","barrio":"Mataderos"},"geometry":{"type":"LineString","coordinates":[[-58.498539,-34.65391],[-58.499018,-34.654308]]}},{"type":"Feature","properties":{"nombre":"MORON","tipo":"Ciclovías","barrio":"Flores"},"geometry":{"type":"LineString","coordinates":[[-58.472563,-34.624172],[-58.473998,-34.624561],[-58.474209,-34.624617]]}},{"type":"Feature","properties":{"nombre":"GONZALEZ, ELPIDIO","tipo":"Ciclovías","barrio":"Villa Luro"},"geometry":{"type":"LineString","coordinates":[[-58.509274,-34.627655],[-58.510068,-34.628367],[-58.510168,-34.628457]]}},{"type":"Feature","properties":{"nombre":"DON BOSCO","tipo":"Ciclovías","barrio":"Almagro"},"geometry":{"type":"LineString","coordinates":[[-58.414017,-34.61155],[-58.415337,-34.611876]]}},{"type":"Feature","properties":{"nombre":"FREIRE, RAMON, CAP. GRAL.","tipo":"Ciclovías","barrio":"Saavedra"},"geometry":{"type":"LineString","coordinates":[[-58.47763,-34.549482],[-58.478226,-34.549277],[-58.478803,-34.54913],[-58.479252,-34.549081]]}},{"type":"Feature","properties":{"nombre":"ZAPATA","tipo":"Ciclovías","barrio":"Palermo"},"geometry":{"type":"LineString","coordinates":[[-58.439599,-34.574509],[-58.440686,-34.573753]]}},{"type":"Feature","properties":{"nombre":"CORRIENTES AV.","tipo":"Ciclovías mano única","barrio":"Almagro"},"geometry":{"type":"LineString","coordinates":[[-58.431897,-34.60208],[-58.4322,-34.602072]]}}]}